Time\ number,r1_2_200,r2_1_300,Time\ Probability,r1_2_200,r2_1_300
0,2e+19,600,0,9.999999999e-11,2.9999999999990997e-13
10,1.9999999979999957e+19,21999996069,10,9.999999999e-11,1.0999877035874227e-05
20,1.999999996000015e+19,41999867602,20,9.999999999e-11,2.099949281304107e-05
30,1.999999994000026e+19,59999738665,30,9.999999999e-11,2.999896936733887e-05
40,1.999999992000016e+19,81999823693,40,9.999999999e-11,4.099823092264631e-05
50,1.9999999900000186e+19,101999769047,50,9.999999999e-11,5.099728366792192e-05
60,1.9999999879999906e+19,122000084157,60,9.999999999e-11,6.0996321300334046e-05
70,1.9999999859999855e+19,140000147097,70,9.999999999e-11,6.999517388118027e-05
80,1.999999983999999e+19,162000035286,80,9.999999999e-11,8.099345717154013e-05
90,1.999999982000001e+19,182000053816,90,9.999999999e-11,9.099174665660583e-05
100,1.9999999799999615e+19,200000385474,100,9.999999999e-11,9.999019369835836e-05
110,1.9999999779999453e+19,222000496346,110,9.999999999e-11,0.00011098792848539392
120,1.9999999759999484e+19,240000515764,120,9.999999999e-11,0.00011998585954791205
130,1.999999973999948e+19,262000516420,130,9.999999999e-11,0.00013098309939015874
140,1.999999971999951e+19,282000487281,140,9.999999999e-11,0.00014098036537463365
150,1.9999999699999445e+19,302000511548,150,9.999999999e-11,0.00015097745813920485
160,1.9999999679999398e+19,320000601049,160,9.999999999e-11,0.0001599747045236999
170,1.9999999659999343e+19,342000649584,170,9.999999999e-11,0.00017097108868030565
180,1.9999999639999263e+19,362000713583,180,9.999999999e-11,0.00018096760159104432
190,1.9999999619999187e+19,380000812023,190,9.999999999e-11,0.00018996431271495645
200,1.9999999599999066e+19,400000935226,200,9.999999999e-11,0.000199960475424411
210,1.999999957999899e+19,422000996351,210,9.999999999e-11,0.0002109559863572855
220,1.999999955999864e+19,442001348371,220,9.999999999e-11,0.0002209518436790844
230,1.9999999539998634e+19,462001361198,230,9.999999999e-11,0.00023094733160821597
240,1.999999951999874e+19,482001218478,240,9.999999999e-11,0.00024094254193960095
250,1.9999999499998835e+19,502001222624,250,9.999999999e-11,0.0002509376258145194
260,1.9999999479998616e+19,520001384078,260,9.999999999e-11,0.0002599331092507109
270,1.9999999459998433e+19,540001569296,270,9.999999999e-11,0.00026992790390214806
280,1.999999943999845e+19,560001546928,280,9.999999999e-11,0.00027992239497689656
290,1.9999999419998675e+19,582001359306,290,9.999999999e-11,0.00029091602289261625
300,1.999999939999841e+19,600001591820,300,9.999999999e-11,0.0002999108224245706
310,1.9999999379998302e+19,620001698049,310,9.999999999e-11,0.00030990477828011647
320,1.9999999359998448e+19,640001554858,320,9.999999999e-11,0.0003198984096892011
330,1.9999999339998278e+19,662001746793,330,9.999999999e-11,0.00033089134807128906
340,1.9999999319998284e+19,680001718328,340,9.999999999e-11,0.0003398852978707067
350,1.9999999299998364e+19,702001677903,350,9.999999999e-11,0.00035087768059124307
360,1.9999999279998386e+19,720001614462,360,9.999999999e-11,0.0003598712532893166
370,1.9999999259998835e+19,742001208549,370,9.999999999e-11,0.0003708630138722503
380,1.9999999239998878e+19,762001173234,380,9.999999999e-11,0.00038085548045553016
390,1.9999999219998994e+19,782000967700,390,9.999999999e-11,0.00039084766222495835
400,1.999999919999914e+19,802000881931,400,9.999999999e-11,0.00040083970406741245
410,1.999999917999903e+19,822000936246,410,9.999999999e-11,0.0004108316161364482
420,1.9999999159999033e+19,840000969118,420,9.999999999e-11,0.0004198241582091226
430,1.9999999139999322e+19,862000657782,430,9.999999999e-11,0.00043081464763617777
440,1.9999999119999398e+19,880000603389,440,9.999999999e-11,0.00043980678657571943
450,1.9999999099999322e+19,900000679309,450,9.999999999e-11,0.00044979793043302917
460,1.999999907999927e+19,922000746756,460,9.999999999e-11,0.0004607879499610199
470,1.9999999059999474e+19,940000526438,470,9.999999999e-11,0.00046977946674597453
480,1.9999999039999455e+19,960000545901,480,9.999999999e-11,0.0004797699832275973
490,1.9999999019999543e+19,982000448063,490,9.999999999e-11,0.0004907592611243424
500,1.999999899999926e+19,1000000741600,500,9.999999999e-11,0.000499750495367009
510,1.9999998979999207e+19,1022000811486,510,9.999999999e-11,0.0005107394176933299
520,1.999999895999915e+19,1040000853196,520,9.999999999e-11,0.0005197301666896056
530,1.9999998939999154e+19,1060000847297,530,9.999999999e-11,0.0005297196719979262
540,1.9999998919999005e+19,1082000956352,540,9.999999999e-11,0.0005407079549138381
550,1.9999998899998716e+19,1102001283704,550,9.999999999e-11,0.000550697207337291
560,1.999999887999861e+19,1122001436684,560,9.999999999e-11,0.0005606861729961847
570,1.999999885999862e+19,1142001401058,570,9.999999999e-11,0.000570674844792849
580,1.9999998839998804e+19,1160001196507,580,9.999999999e-11,0.0005796643925590296
590,1.999999881999884e+19,1182001188592,590,9.999999999e-11,0.00059065151889731
600,1.999999879999897e+19,1200001028251,600,9.999999999e-11,0.0005996407293795817
610,1.999999877999917e+19,1220000829486,610,9.999999999e-11,0.000609628541080102
620,1.9999998759999205e+19,1242000738256,620,9.999999999e-11,0.0006206149670044039
630,1.999999873999912e+19,1260000878599,630,9.999999999e-11,0.0006296037886360747
640,1.999999871999916e+19,1280000839257,640,9.999999999e-11,0.0006395910810682256
650,1.9999998699999076e+19,1302000907051,650,9.999999999e-11,0.0006505769276505464
660,1.999999867999929e+19,1322000811629,660,9.999999999e-11,0.0006605637728925516
670,1.999999865999918e+19,1340000820083,670,9.999999999e-11,0.0006695518100542197
680,1.9999998639999197e+19,1362000777150,680,9.999999999e-11,0.0006805369426526139
690,1.999999861999892e+19,1380001078430,690,9.999999999e-11,0.0006895247667541376
700,1.999999859999879e+19,1400001209196,700,9.999999999e-11,0.0006995109465125183
710,1.999999857999887e+19,1422001206793,710,9.999999999e-11,0.0007104954407094451
720,1.9999998559998685e+19,1442001289061,720,9.999999999e-11,0.0007204811771374119
730,1.9999998539998605e+19,1462001356340,730,9.999999999e-11,0.0007304667065121589
740,1.9999998519998853e+19,1482001101037,740,9.999999999e-11,0.0007404518752712917
750,1.999999849999896e+19,1502001036735,750,9.999999999e-11,0.0007504369398366805
760,1.9999998479999058e+19,1520000943743,760,9.999999999e-11,0.0007594233097977035
770,1.999999845999885e+19,1542001142864,770,9.999999999e-11,0.0007704065875127926
780,1.9999998439998857e+19,1560001143159,780,9.999999999e-11,0.0007793926448710158
790,1.9999998419999015e+19,1580000984485,790,9.999999999e-11,0.0007893768841154839
800,1.999999839999901e+19,1600000992026,800,9.999999999e-11,0.0007993610068110577
810,1.999999837999914e+19,1620000859364,810,9.999999999e-11,0.000809344859997641
820,1.9999998359999255e+19,1642000789985,820,9.999999999e-11,0.0008203269062784224
830,1.9999998339999412e+19,1662000561968,830,9.999999999e-11,0.0008303102928972984
840,1.999999831999956e+19,1680000440788,840,9.999999999e-11,0.0008392952122307504
850,1.9999998299999416e+19,1702000611903,850,9.999999999e-11,0.0008502767202024644
860,1.9999998279999336e+19,1720000664918,860,9.999999999e-11,0.0008592613673973691
870,1.9999998259999433e+19,1742000563466,870,9.999999999e-11,0.0008702423004441373
880,1.9999998239999386e+19,1762000596178,880,9.999999999e-11,0.0008802248197604058
890,1.999999821999939e+19,1780000610697,890,9.999999999e-11,0.0008892089091478399
900,1.9999998199999496e+19,1800000505012,900,9.999999999e-11,0.000899190980396592
910,1.9999998179999367e+19,1822000610409,910,9.999999999e-11,0.0009101711390190654
920,1.9999998159999468e+19,1840000531721,920,9.999999999e-11,0.0009191546433442564
930,1.999999813999947e+19,1862000525803,930,9.999999999e-11,0.0009301343076165753
940,1.99999981199996e+19,1880000400490,940,9.999999999e-11,0.0009391174296730537
950,1.9999998099999535e+19,1902000528678,950,9.999999999e-11,0.0009500967221051306
960,1.999999807999941e+19,1922000645423,960,9.999999999e-11,0.0009600776877437502
970,1.9999998059999277e+19,1942000710494,970,9.999999999e-11,0.0009700584281686379
980,1.9999998039999373e+19,1962000602144,980,9.999999999e-11,0.0009800388826330746
990,1.999999801999937e+19,1982000606568,990,9.999999999e-11,0.0009900191939625261
1000,1.9999997999999308e+19,2002000759802,1000,9.999999999e-11,0.0009999993801415774
1010,1.9999997979999134e+19,2022000943311,1010,9.999999999e-11,0.0010099793820239115
1020,1.999999795999914e+19,2040000859484,1020,9.999999999e-11,0.0010189610889933364
1030,1.9999997939998913e+19,2062001106492,1030,9.999999999e-11,0.001029938685891037
1040,1.9999997919999082e+19,2080000916171,1040,9.999999999e-11,0.0010389199808295232
1050,1.999999789999912e+19,2100000877183,1050,9.999999999e-11,0.0010488990940826749
1060,1.9999997879999017e+19,2122000990560,1060,9.999999999e-11,0.0010598759663547623
1070,1.9999997859999064e+19,2140000937344,1070,9.999999999e-11,0.0010688567914042544
1080,1.999999783999901e+19,2162000978412,1080,9.999999999e-11,0.0010798331890004298
1090,1.9999997819998896e+19,2182001136285,1090,9.999999999e-11,0.0010898115830861846
1100,1.999999779999881e+19,2200001192418,1100,9.999999999e-11,0.0010987919244370096
1110,1.999999777999875e+19,2220001251570,1110,9.999999999e-11,0.0011087698905126796
1120,1.9999997759998796e+19,2240001203247,1120,9.999999999e-11,0.0011187476036343647
1130,1.9999997739999007e+19,2262001008240,1130,9.999999999e-11,0.0011297227870782985
1140,1.999999771999892e+19,2282001051966,1140,9.999999999e-11,0.0011397001275380162
1150,1.9999997699998958e+19,2302001067192,1150,9.999999999e-11,0.0011496772544626504
1160,1.999999767999912e+19,2320000882022,1160,9.999999999e-11,0.0011586563990770905
1170,1.9999997659998986e+19,2342000978339,1170,9.999999999e-11,0.0011696308508709825
1180,1.999999763999909e+19,2360000908980,1180,9.999999999e-11,0.0011786096945148063
1190,1.9999997619999293e+19,2382000709628,1190,9.999999999e-11,0.0011895835603715167
1200,1.9999997599999308e+19,2402000659840,1200,9.999999999e-11,0.0011995596583745333
1210,1.9999997579999277e+19,2420000721657,1210,9.999999999e-11,0.001208538029376879
1220,1.9999997559998968e+19,2442001053921,1220,9.999999999e-11,0.00121951150277298
1230,1.999999753999904e+19,2462001041794,1230,9.999999999e-11,0.0012294870217328107
1240,1.9999997519998947e+19,2482001054283,1240,9.999999999e-11,0.0012394623537071775
1250,1.999999749999868e+19,2500001320986,1250,9.999999999e-11,0.0012484401095314997
1260,1.9999997479998734e+19,2522001294672,1260,9.999999999e-11,0.0012594125273237818
1270,1.9999997459998753e+19,2542001268254,1270,9.999999999e-11,0.0012693872421372908
1280,1.999999743999877e+19,2562001201428,1280,9.999999999e-11,0.0012793617375596556
1290,1.9999997419998982e+19,2580001017960,1290,9.999999999e-11,0.0012883385515927068
1300,1.999999739999909e+19,2600000910104,1300,9.999999999e-11,0.0012983126480187756
1310,1.999999737999933e+19,2622000554529,1310,9.999999999e-11,0.0013092838058320364
1320,1.999999735999964e+19,2640000362187,1320,9.999999999e-11,0.0013182600775524024
1330,1.9999997339999695e+19,2660000307370,1330,9.999999999e-11,0.001328233602789161
1340,1.999999731999967e+19,2682000399401,1340,9.999999999e-11,0.0013392043264313159
1350,1.999999729999977e+19,2702000238949,1350,9.999999999e-11,0.0013491773806720197
1360,1.999999727999963e+19,2722000328340,1360,9.999999999e-11,0.0013591503603064914
1370,1.9999997259999625e+19,2740000375759,1370,9.999999999e-11,0.001368125855200832
1380,1.9999997239999803e+19,2762000124321,1380,9.999999999e-11,0.0013790955311462616
1390,1.9999997219999904e+19,2782000113103,1390,9.999999999e-11,0.0013890678630754081
1400,1.999999719999987e+19,2800000131470,1400,9.999999999e-11,0.0013980428057150983
1410,1.999999717999984e+19,2822000263526,1410,9.999999999e-11,0.0014090120156232996
1420,1.9999997159999705e+19,2840000297212,1420,9.999999999e-11,0.0014179866074127525
1430,1.999999713999986e+19,2860000143476,1430,9.999999999e-11,0.0014279580915646237
1440,1.999999712000005e+19,2881999956777,1440,9.999999999e-11,0.0014389264853542022
1450,1.9999997099999957e+19,2900000041934,1450,9.999999999e-11,0.001447900565117222
1460,1.9999997079999894e+19,2922000050000,1460,9.999999999e-11,0.0014588686179127577
1470,1.9999997059999908e+19,2940000093475,1470,9.999999999e-11,0.0014678423184607593
1480,1.9999997039999906e+19,2960000092882,1480,9.999999999e-11,0.0014778128833050773
1490,1.999999701999992e+19,2982000125307,1490,9.999999999e-11,0.0014887802911461236
1500,1.999999699999973e+19,3000000271783,1500,9.999999999e-11,0.001497753505429823
1510,1.999999697999981e+19,3022000319546,1510,9.999999999e-11,0.0015087204828823121
1520,1.999999695999972e+19,3040000279225,1520,9.999999999e-11,0.001517693245667197
1530,1.999999693999967e+19,3060000331180,1530,9.999999999e-11,0.0015276628411900134
1540,1.9999996919999836e+19,3082000125538,1540,9.999999999e-11,0.0015386290353289799
1550,1.9999996899999867e+19,3100000133419,1550,9.999999999e-11,0.0015476012846151069
1560,1.999999687999996e+19,3122000078584,1560,9.999999999e-11,0.001558567115962743
1570,1.9999996859999875e+19,3142000074899,1570,9.999999999e-11,0.0015685358675428492
1580,1.9999996840000057e+19,3161999906604,1580,9.999999999e-11,0.0015785043380173076
1590,1.9999996819999908e+19,3182000017887,1590,9.999999999e-11,0.0015884727487859751
1600,1.9999996799999988e+19,3201999967883,1600,9.999999999e-11,0.0015984408801180995
1610,1.9999996779999953e+19,3222000029966,1610,9.999999999e-11,0.001608408868272115
1620,1.9999996759999767e+19,3240000235417,1620,9.999999999e-11,0.0016173799619797135
1630,1.9999996739999924e+19,3260000076389,1630,9.999999999e-11,0.0016273474617696595
1640,1.9999996719999795e+19,3280000203517,1640,9.999999999e-11,0.0016373149051474476
1650,1.9999996699999826e+19,3300000174650,1650,9.999999999e-11,0.0016472820717627428
1660,1.999999667999958e+19,3320000422777,1660,9.999999999e-11,0.0016572491774036865
1670,1.999999665999986e+19,3342000187333,1670,9.999999999e-11,0.001668212510405357
1680,1.99999966399998e+19,3360000202651,1680,9.999999999e-11,0.0016771824346653208
1690,1.999999661999985e+19,3382000126530,1690,9.999999999e-11,0.001688145409271122
1700,1.9999996599999582e+19,3402000443651,1700,9.999999999e-11,0.0016981117333903187
1710,1.99999965799996e+19,3422000361350,1710,9.999999999e-11,0.0017080776594910038
1720,1.9999996559999566e+19,3442000406441,1720,9.999999999e-11,0.001718043450093747
1730,1.9999996539999425e+19,3460000575397,1730,9.999999999e-11,0.0017270125554806595
1740,1.9999996519999554e+19,3482000499976,1740,9.999999999e-11,0.0017379744360603462
1750,1.9999996499999404e+19,3500000594802,1750,9.999999999e-11,0.0017469431463753007
1760,1.9999996479999365e+19,3520000637041,1760,9.999999999e-11,0.0017569081595999927
1770,1.9999996459999568e+19,3542000417925,1770,9.999999999e-11,0.001767869312041456
1780,1.9999996439999513e+19,3560000489344,1780,9.999999999e-11,0.0017768374735343665
1790,1.9999996419999638e+19,3582000293134,1790,9.999999999e-11,0.0017877981997292524
1800,1.99999963999999e+19,3600000097121,1800,9.999999999e-11,0.0017967658699074148
1810,1.999999637999978e+19,3622000223971,1810,9.999999999e-11,0.0018077263194185937
1820,1.9999996359999586e+19,3640000415615,1820,9.999999999e-11,0.0018166938246690796
1830,1.999999633999938e+19,3660000622474,1830,9.999999999e-11,0.0018266575273933466
1840,1.9999996319999525e+19,3682000510950,1840,9.999999999e-11,0.001837617201737137
1850,1.9999996299999216e+19,3700000783812,1850,9.999999999e-11,0.0018465842103930854
1860,1.9999996279999214e+19,3722000801391,1860,9.999999999e-11,0.001857543511476333
1870,1.9999996259998867e+19,3742001088904,1870,9.999999999e-11,0.001867506438888073
1880,1.9999996239999005e+19,3762000982436,1880,9.999999999e-11,0.0018774689711609997
1890,1.9999996219999093e+19,3782000928301,1890,9.999999999e-11,0.0018874313306282296
1900,1.99999961999991e+19,3800000902631,1900,9.999999999e-11,0.0018963972955979903
1910,1.9999996179999244e+19,3822000783052,1910,9.999999999e-11,0.0019073554345438075
1920,1.9999996159999005e+19,3842000969816,1920,9.999999999e-11,0.00191731731741153
1930,1.9999996139998913e+19,3860001086393,1930,9.999999999e-11,0.0019262828163146624
1940,1.999999611999893e+19,3880001070180,1940,9.999999999e-11,0.0019362442202666178
1950,1.9999996099998937e+19,3900001064353,1950,9.999999999e-11,0.0019462054305512005
1960,1.9999996079998878e+19,3922001071398,1960,9.999999999e-11,0.0019571625389117444
1970,1.9999996059998888e+19,3942001138746,1970,9.999999999e-11,0.001967123368094459
1980,1.9999996039999123e+19,3962000792051,1980,9.999999999e-11,0.001977083792250077
1990,1.9999996019999257e+19,3980000745650,1990,9.999999999e-11,0.001986048136293328
2000,1.9999995999999082e+19,4000000916238,2000,9.999999999e-11,0.0019960084403239423
2010,1.999999597999902e+19,4020000980084,2010,9.999999999e-11,0.0020059684923892885
2020,1.9999995959998915e+19,4042001071724,2020,9.999999999e-11,0.0020169243307088442
2030,1.9999995939998904e+19,4060001098012,2030,9.999999999e-11,0.002025887995263391
2040,1.999999591999898e+19,4080001022065,2040,9.999999999e-11,0.0020358473813341937
2050,1.9999995899998867e+19,4102001161462,2050,9.999999999e-11,0.002046802587435528
2060,1.9999995879998996e+19,4120001003727,2060,9.999999999e-11,0.002055765623647074
2070,1.999999585999929e+19,4142000716535,2070,9.999999999e-11,0.00206672018003421
2080,1.999999583999933e+19,4160000672774,2080,9.999999999e-11,0.002075682915225099
2090,1.999999581999922e+19,4182000773109,2090,9.999999999e-11,0.0020866372273056055
2100,1.9999995799999197e+19,4202000765057,2100,9.999999999e-11,0.0020965954347181496
2110,1.9999995779999097e+19,4220000904389,2110,9.999999999e-11,0.002105557724443802
2120,1.9999995759999e+19,4242001064781,2120,9.999999999e-11,0.0021165114105618876
2130,1.9999995739998794e+19,4260001205079,2130,9.999999999e-11,0.002125473343038147
2140,1.9999995719998747e+19,4280001255568,2140,9.999999999e-11,0.002135430804521734
2150,1.9999995699998654e+19,4302001372324,2150,9.999999999e-11,0.0021463838131072395
2160,1.999999567999873e+19,4322001359082,2160,9.999999999e-11,0.002156340825551661
2170,1.999999565999855e+19,4340001453745,2170,9.999999999e-11,0.0021653020199153853
2180,1.999999563999869e+19,4362001364076,2180,9.999999999e-11,0.002176254269990862
2190,1.999999561999874e+19,4380001262099,2190,9.999999999e-11,0.0021852150088012465
2200,1.9999995599998833e+19,4402001121590,2200,9.999999999e-11,0.0021961667964444263
2210,1.9999995579998888e+19,4420001111533,2210,9.999999999e-11,0.0022051272233773
2220,1.999999555999883e+19,4440001173400,2220,9.999999999e-11,0.0022150831009163765
2230,1.999999553999885e+19,4460001150824,2230,9.999999999e-11,0.0022250387377465114
2240,1.9999995519998947e+19,4482001017606,2240,9.999999999e-11,0.0022359896548488057
2250,1.9999995499999154e+19,4500000846137,2250,9.999999999e-11,0.002244949286224727
2260,1.9999995479999242e+19,4520000760244,2260,9.999999999e-11,0.0022549042955569026
2270,1.99999954599993e+19,4542000656982,2270,9.999999999e-11,0.0022658545720136442
2280,1.9999995439999295e+19,4560000703816,2280,9.999999999e-11,0.0022748137756988815
2290,1.9999995419999298e+19,4582000726433,2290,9.999999999e-11,0.002285763677800432
2300,1.9999995399999496e+19,4602000503378,2300,9.999999999e-11,0.0022957178044431693
2310,1.999999537999952e+19,4620000480077,2310,9.999999999e-11,0.0023046764369160128
2320,1.9999995359999803e+19,4640000198160,2320,9.999999999e-11,0.002314630156886689
2330,1.9999995339999793e+19,4660000206225,2330,9.999999999e-11,0.002324583822566227
2340,1.9999995319999676e+19,4680000322202,2340,9.999999999e-11,0.0023345373433414844
2350,1.9999995300000047e+19,4699999951648,2350,9.999999999e-11,0.0023444904233857235
2360,1.99999952799999e+19,4720000098667,2360,9.999999999e-11,0.0023544435624100594
2370,1.999999525999992e+19,4740000081079,2370,9.999999999e-11,0.0023643964209260535
2380,1.999999524000009e+19,4761999845995,2380,9.999999999e-11,0.002375344228572177
2390,1.999999522000021e+19,4781999780089,2390,9.999999999e-11,0.0023852966460261283
2400,1.9999995200000233e+19,4799999765662,2400,9.999999999e-11,0.0023942536742932287
2410,1.99999951800004e+19,4819999599718,2410,9.999999999e-11,0.0024042056646882814
2420,1.999999516000054e+19,4841999522426,2420,9.999999999e-11,0.0024151526771583067
2430,1.9999995140000424e+19,4861999571717,2430,9.999999999e-11,0.002425104357684285
2440,1.9999995120000315e+19,4881999731372,2440,9.999999999e-11,0.002435055894574406
2450,1.99999951000002e+19,4899999802112,2450,9.999999999e-11,0.0024440120717221007
2460,1.9999995080000102e+19,4919999899701,2460,9.999999999e-11,0.002453963200500334
2470,1.9999995059999924e+19,4940000074901,2470,9.999999999e-11,0.0024639141693599065
2480,1.9999995039999984e+19,4960000015524,2480,9.999999999e-11,0.0024738648229818026
2490,1.9999995020000113e+19,4981999902271,2490,9.999999999e-11,0.00248481028882745
2500,1.999999500000007e+19,4999999931443,2500,9.999999999e-11,0.0024937655519271643
2510,1.999999498000009e+19,5019999913293,2510,9.999999999e-11,0.002503715630522434
2520,1.999999496000006e+19,5039999938999,2520,9.999999999e-11,0.002513665532434433
2530,1.9999994940000068e+19,5061999905800,2530,9.999999999e-11,0.002524610164692074
2540,1.999999492000024e+19,5079999758418,2540,9.999999999e-11,0.002533564625366601
2550,1.9999994900000432e+19,5101999558196,2550,9.999999999e-11,0.0025445087378697813
2560,1.9999994880000233e+19,5119999765432,2560,9.999999999e-11,0.0025534630176901937
2570,1.999999486000015e+19,5141999831930,2570,9.999999999e-11,0.0025644068262302617
2580,1.9999994840000037e+19,5161999919467,2580,9.999999999e-11,0.0025743555481673405
2590,1.9999994820000256e+19,5179999743408,2590,9.999999999e-11,0.00258330910146264
2600,1.999999480000018e+19,5201999888316,2600,9.999999999e-11,0.0025942522940859505
2610,1.9999994780000104e+19,5219999894975,2610,9.999999999e-11,0.0026032055810576403
2620,1.9999994760000205e+19,5241999813802,2620,9.999999999e-11,0.0026141482246475737
2630,1.99999947400001e+19,5261999924498,2630,9.999999999e-11,0.0026240959658618795
2640,1.9999994720000123e+19,5281999822473,2640,9.999999999e-11,0.0026340434028433975
2650,1.9999994700000117e+19,5301999882261,2650,9.999999999e-11,0.00264399072188244
2660,1.9999994680000156e+19,5321999839884,2660,9.999999999e-11,0.0026539377916907796
2670,1.9999994660000227e+19,5341999824013,2670,9.999999999e-11,0.002663884676270586
2680,1.999999464000015e+19,5361999888800,2680,9.999999999e-11,0.002673831402558406
2690,1.9999994620000047e+19,5381999954869,2690,9.999999999e-11,0.0026837779310825175
2700,1.9999994600000184e+19,5399999817421,2700,9.999999999e-11,0.0026927295392004764
2710,1.9999994580000346e+19,5419999653647,2710,9.999999999e-11,0.0027026755764792813
2720,1.9999994560000336e+19,5441999618610,2720,9.999999999e-11,0.0027136160605217936
2730,1.9999994540000416e+19,5459999586639,2730,9.999999999e-11,0.0027225671854658796
2740,1.999999452000042e+19,5479999577231,2740,9.999999999e-11,0.002732512704383101
2750,1.9999994500000317e+19,5501999701106,2750,9.999999999e-11,0.0027434526128251187
2760,1.9999994480000238e+19,5521999690328,2760,9.999999999e-11,0.0027533977145005888
2770,1.9999994460000436e+19,5539999563947,2770,9.999999999e-11,0.002762348078398601
2780,1.99999944400005e+19,5561999491049,2780,9.999999999e-11,0.00277328723443128
2790,1.9999994420000567e+19,5581999434965,2790,9.999999999e-11,0.00278323171854236
2800,1.9999994400000668e+19,5601999412932,2800,9.999999999e-11,0.00279317602125037
2810,1.999999438000027e+19,5621999784569,2810,9.999999999e-11,0.0028031203213630877
2820,1.9999994360000578e+19,5639999424066,2820,9.999999999e-11,0.0028120696763554607
2830,1.9999994340000522e+19,5659999477336,2830,9.999999999e-11,0.0028220134413664156
2840,1.9999994320000754e+19,5679999245070,2840,9.999999999e-11,0.0028319568661042283
2850,1.99999943000008e+19,5699999198484,2850,9.999999999e-11,0.0028419001848540805
2860,1.9999994280001098e+19,5721998941949,2860,9.999999999e-11,0.0028528375043836824
2870,1.9999994260001206e+19,5739998795194,2870,9.999999999e-11,0.0028617860732906048
2880,1.9999994240001204e+19,5759998796514,2880,9.999999999e-11,0.002871728820980619
2890,1.9999994220001403e+19,5781998597261,2890,9.999999999e-11,0.002882665514649462
2900,1.999999420000135e+19,5799998650143,2900,9.999999999e-11,0.0028916136474455402
2910,1.99999941800015e+19,5821998529986,2910,9.999999999e-11,0.002902549944238716
2920,1.999999416000126e+19,5839998737040,2920,9.999999999e-11,0.00291149779679192
2930,1.99999941400015e+19,5861998467694,2930,9.999999999e-11,0.002922433583253515
2940,1.9999994120001593e+19,5879998405940,2940,9.999999999e-11,0.0029313809453271372
2950,1.9999994100001255e+19,5901998707010,2950,9.999999999e-11,0.002942316579182027
2960,1.9999994080001286e+19,5919998712854,2960,9.999999999e-11,0.002951263618017023
2970,1.9999994060001124e+19,5941998852555,2970,9.999999999e-11,0.0029621987355337095
2980,1.999999404000138e+19,5961998556412,2980,9.999999999e-11,0.002972139332999601
2990,1.9999994020001317e+19,5981998663665,2990,9.999999999e-11,0.0029820799327461853
3000,1.999999400000144e+19,6001998544108,3000,9.999999999e-11,0.0029920202215471658
3010,1.9999993980001448e+19,6021998572403,3010,9.999999999e-11,0.0030019603856231833
3020,1.9999993960001524e+19,6039998478786,3020,9.999999999e-11,0.0030109063046430944
3030,1.9999993940001407e+19,6061998554004,3030,9.999999999e-11,0.00302184008189855
3040,1.9999993920001647e+19,6079998353452,3040,9.999999999e-11,0.0030307855910244527
3050,1.9999993900001653e+19,6101998330143,3050,9.999999999e-11,0.0030417188832981747
3060,1.9999993880001384e+19,6119998618007,3060,9.999999999e-11,0.0030506642784195346
3070,1.9999993860001604e+19,6139998397638,3070,9.999999999e-11,0.0030606031496018195
3080,1.999999384000158e+19,6161998376263,3080,9.999999999e-11,0.003071535788859706
3090,1.9999993820001632e+19,6181998388371,3090,9.999999999e-11,0.0030814743594236183
3100,1.9999993800001585e+19,6201998457953,3100,9.999999999e-11,0.0030914127603900825
3110,1.999999378000149e+19,6219998510309,3110,9.999999999e-11,0.003100357146737434
3120,1.999999376000156e+19,6239998440694,3120,9.999999999e-11,0.0031102951020535435
3130,1.9999993740001858e+19,6261998113590,3130,9.999999999e-11,0.003121226499568807
3140,1.999999372000179e+19,6281998211451,3140,9.999999999e-11,0.003131164122018361
3150,1.9999993700001763e+19,6299998235731,3150,9.999999999e-11,0.0031401077811249543
3160,1.999999368000203e+19,6319997970790,3160,9.999999999e-11,0.003150044846874927
3170,1.9999993660002173e+19,6341997795590,3170,9.999999999e-11,0.0031609754481330132
3180,1.9999993640002347e+19,6359997654578,3180,9.999999999e-11,0.003169918490207539
3190,1.999999362000251e+19,6379997492007,3190,9.999999999e-11,0.003179855012501148
3200,1.9999993600002576e+19,6399997423019,3200,9.999999999e-11,0.003189791383193298
3210,1.99999935800026e+19,6419997400641,3210,9.999999999e-11,0.0031997275789506885
3220,1.999999356000259e+19,6439997413881,3220,9.999999999e-11,0.003209663594317085
3230,1.9999993540002583e+19,6459997419542,3230,9.999999999e-11,0.0032195994078377047
3240,1.9999993520002425e+19,6479997576919,3240,9.999999999e-11,0.0032295350986525783
3250,1.9999993500002152e+19,6501997776397,3250,9.999999999e-11,0.0032404641428727733
3260,1.9999993480002486e+19,6519997516191,3260,9.999999999e-11,0.0032494056995504175
3270,1.999999346000252e+19,6541997447945,3270,9.999999999e-11,0.0032603341750461995
3280,1.9999993440002527e+19,6561997546544,3280,9.999999999e-11,0.003270269024613972
3290,1.999999342000251e+19,6581997493672,3290,9.999999999e-11,0.0032802036008960844
3300,1.9999993400002417e+19,6599997584208,3300,9.999999999e-11,0.0032891446188347898
3310,1.999999338000242e+19,6621997569511,3310,9.999999999e-11,0.0033000722495476423
3320,1.999999336000273e+19,6641997258359,3320,9.999999999e-11,0.0033100061034473756
3330,1.9999993340002796e+19,6661997260759,3330,9.999999999e-11,0.0033199399150694612
3340,1.9999993320002626e+19,6681997340127,3340,9.999999999e-11,0.003329873566904991
3350,1.9999993300002607e+19,6699997392204,3350,9.999999999e-11,0.0033388136746454102
3360,1.999999328000293e+19,6721997121661,3360,9.999999999e-11,0.003349740089211504
3370,1.9999993260002996e+19,6741997036480,3370,9.999999999e-11,0.003359673065315052
3380,1.9999993240002994e+19,6761996994016,3380,9.999999999e-11,0.003369605864644129
3390,1.9999993220003144e+19,6779996856438,3390,9.999999999e-11,0.003378545165418564
3400,1.9999993200003043e+19,6799996957066,3400,9.999999999e-11,0.0033884776596456623
3410,1.999999318000306e+19,6819996938358,3410,9.999999999e-11,0.0033984098966338356
3420,1.9999993160002773e+19,6839997225743,3420,9.999999999e-11,0.003408342087659513
3430,1.99999931400028e+19,6859997200239,3430,9.999999999e-11,0.003418273925340756
3440,1.9999993120002695e+19,6881997371623,3440,9.999999999e-11,0.003429198817188169
3450,1.9999993100002562e+19,6901997399457,3450,9.999999999e-11,0.003439130265653533
3460,1.999999308000243e+19,6919997572714,3460,9.999999999e-11,0.0034480684736229884
3470,1.9999993060002517e+19,6941997507559,3470,9.999999999e-11,0.0034589925947936385
3480,1.9999993040002597e+19,6961997383535,3480,9.999999999e-11,0.003468923374040623
3490,1.999999302000257e+19,6979997428792,3490,9.999999999e-11,0.0034778609840328775
3500,1.999999300000272e+19,7001997271666,3500,9.999999999e-11,0.003488784406385529
3510,1.9999992980002755e+19,7019997247709,3510,9.999999999e-11,0.0034977216257614514
3520,1.9999992960002933e+19,7039997068324,3520,9.999999999e-11,0.0035076516056517545
3530,1.999999294000301e+19,7059996994011,3530,9.999999999e-11,0.003517581439809877
3540,1.9999992920002974e+19,7079997024948,3540,9.999999999e-11,0.0035275111283269867
3550,1.999999290000335e+19,7101996642730,3550,9.999999999e-11,0.003538433350477193
3560,1.999999288000346e+19,7121996515171,3560,9.999999999e-11,0.0035483625447463763
3570,1.999999286000316e+19,7139996838568,3570,9.999999999e-11,0.0035572988679485025
3580,1.999999284000328e+19,7161996658393,3580,9.999999999e-11,0.0035682205374138166
3590,1.999999282000334e+19,7181996676334,3590,9.999999999e-11,0.003578149210299102
3600,1.9999992800003396e+19,7199996603771,3600,9.999999999e-11,0.0035870848026871073
3610,1.999999278000333e+19,7219996673457,3610,9.999999999e-11,0.0035970131253288714
3620,1.9999992760003424e+19,7239996575608,3620,9.999999999e-11,0.0036069411669554115
3630,1.9999992740003434e+19,7259996565252,3630,9.999999999e-11,0.0036168690541708765
3640,1.999999272000348e+19,7279996519337,3640,9.999999999e-11,0.00362679672589806
3650,1.999999270000328e+19,7301996674306,3650,9.999999999e-11,0.003637717038295151
3660,1.999999268000363e+19,7319996369723,3660,9.999999999e-11,0.003646651447183984
3670,1.999999266000369e+19,7341996285233,3670,9.999999999e-11,0.003657571205514569
3680,1.9999992640003604e+19,7361996319330,3680,9.999999999e-11,0.003667498105886656
3690,1.9999992620003844e+19,7381996113048,3690,9.999999999e-11,0.003677424689143358
3700,1.999999260000403e+19,7399995971309,3700,9.999999999e-11,0.003686358466753113
3710,1.999999258000409e+19,7421995955147,3710,9.999999999e-11,0.003697277388661648
3720,1.9999992560004022e+19,7441996010484,3720,9.999999999e-11,0.003707203508382284
3730,1.9999992540004168e+19,7461995781704,3730,9.999999999e-11,0.003717129289313547
3740,1.999999252000438e+19,7479995621614,3740,9.999999999e-11,0.0037260623457908123
3750,1.9999992500004016e+19,7499995983864,3750,9.999999999e-11,0.0037359880442681126
3760,1.9999992480004223e+19,7519995777840,3760,9.999999999e-11,0.0037459132629591957
3770,1.9999992460004143e+19,7541995871721,3770,9.999999999e-11,0.0037568309341623972
3780,1.999999244000423e+19,7559995771305,3780,9.999999999e-11,0.0037657633083092233
3790,1.999999242000441e+19,7581995612289,3790,9.999999999e-11,0.003776680418961707
3800,1.9999992400004452e+19,7601995549404,3800,9.999999999e-11,0.003786604897911363
3810,1.9999992380004315e+19,7619995687000,3810,9.999999999e-11,0.0037955368562627143
3820,1.9999992360003965e+19,7641996145626,3820,9.999999999e-11,0.003806453620863429
3830,1.999999234000376e+19,7661996276979,3830,9.999999999e-11,0.0038163776029966475
3840,1.9999992320003867e+19,7681996133806,3840,9.999999999e-11,0.0038263012511937766
3850,1.9999992300003906e+19,7699996094494,3850,9.999999999e-11,0.0038352324099579236
3860,1.9999992280004088e+19,7721995990552,3860,9.999999999e-11,0.003846148025460164
3870,1.999999226000389e+19,7741996133305,3870,9.999999999e-11,0.0038560712224056932
3880,1.999999224000385e+19,7759996148729,3880,9.999999999e-11,0.0038650018745338935
3890,1.999999222000393e+19,7779996071791,3890,9.999999999e-11,0.0038749245868633583
3900,1.999999220000381e+19,7801996256776,3900,9.999999999e-11,0.003885839475865433
3910,1.9999992180003594e+19,7819996405729,3910,9.999999999e-11,0.0038947696604914074
3920,1.9999992160003355e+19,7839996647614,3920,9.999999999e-11,0.0039046919379552335
3930,1.999999214000347e+19,7859996529243,3930,9.999999999e-11,0.003914613839027459
3940,1.9999992120003654e+19,7881996353065,3940,9.999999999e-11,0.00392552767910721
3950,1.9999992100003586e+19,7899996412900,3950,9.999999999e-11,0.0039344571079303215
3960,1.9999992080003576e+19,7919996425056,3960,9.999999999e-11,0.00394437848079452
3970,1.999999206000378e+19,7941996229845,3970,9.999999999e-11,0.003955291659199849
3980,1.999999204000374e+19,7961996274546,3980,9.999999999e-11,0.003965212633166473
3990,1.999999202000376e+19,7981996274058,3990,9.999999999e-11,0.003975133387086696
4000,1.999999200000384e+19,8001996236488,4000,9.999999999e-11,0.003985053924989018
4010,1.9999991980003787e+19,8021996234139,4010,9.999999999e-11,0.003994974282743674
4020,1.9999991960003772e+19,8041996245142,4020,9.999999999e-11,0.0040048944495084315
4030,1.9999991940003828e+19,8059996174045,4030,9.999999999e-11,0.004013822390467269
4040,1.9999991920003916e+19,8081996084466,4040,9.999999999e-11,0.004024734099615943
4050,1.9999991900003873e+19,8101996088473,4050,9.999999999e-11,0.004034653670109714
4060,1.999999188000396e+19,8121996102433,4060,9.999999999e-11,0.004044573047950769
4070,1.999999186000398e+19,8139996023250,4070,9.999999999e-11,0.004053500273571442
4080,1.9999991840003998e+19,8159996001245,4080,9.999999999e-11,0.004063419258173461
4090,1.9999991820004217e+19,8179995784468,4090,9.999999999e-11,0.004073337948609829
4100,1.99999918000041e+19,8199995902281,4100,9.999999999e-11,0.0040832566074161135
4110,1.999999178000438e+19,8221995631366,4110,9.999999999e-11,0.004094166705300468
4120,1.9999991760004248e+19,8241995785597,4120,9.999999999e-11,0.004104084967296405
4130,1.9999991740004336e+19,8261995649083,4130,9.999999999e-11,0.004114002887562821
4140,1.999999172000463e+19,8279995373440,4140,9.999999999e-11,0.004122928771144948
4150,1.9999991700004667e+19,8301995292277,4150,9.999999999e-11,0.004133838093941034
4160,1.9999991680004596e+19,8319995406403,4160,9.999999999e-11,0.004142763815245174
4170,1.999999166000479e+19,8339995209566,4170,9.999999999e-11,0.004152680935229663
4180,1.9999991640004846e+19,8359995155745,4180,9.999999999e-11,0.00416259792861324
4190,1.999999162000482e+19,8379995181453,4190,9.999999999e-11,0.004172514763918411
4200,1.9999991600004706e+19,8399995292705,4200,9.999999999e-11,0.0041824314441311185
4210,1.999999158000479e+19,8421995170082,4210,9.999999999e-11,0.004193339442774221
4220,1.999999156000447e+19,8441995470017,4220,9.999999999e-11,0.004203255801789485
4230,1.9999991540004696e+19,8459995304148,4230,9.999999999e-11,0.004212180139971806
4240,1.999999152000463e+19,8481995444918,4240,9.999999999e-11,0.004223087617491475
4250,1.9999991500004696e+19,8501995344361,4250,9.999999999e-11,0.004233003185492638
4260,1.999999148000464e+19,8519995360919,4260,9.999999999e-11,0.004241927080934042
4270,1.9999991460004803e+19,8539995197309,4270,9.999999999e-11,0.004251842242489214
4280,1.999999144000485e+19,8559995150649,4280,9.999999999e-11,0.004261757264565538
4290,1.9999991420004954e+19,8581995088658,4290,9.999999999e-11,0.004272663555504585
4300,1.9999991400004887e+19,8599995115054,4300,9.999999999e-11,0.00428158674498124
4310,1.999999138000492e+19,8619995078920,4310,9.999999999e-11,0.0042915011799338956
4320,1.9999991360004813e+19,8639995186016,4320,9.999999999e-11,0.004301415488451363
4330,1.999999134000488e+19,8661995088489,4330,9.999999999e-11,0.0043123208930467205
4340,1.999999132000495e+19,8679995052969,4340,9.999999999e-11,0.004321243341072907
4350,1.9999991300004917e+19,8701995067815,4350,9.999999999e-11,0.004332148367045961
4360,1.9999991280005005e+19,8719994993967,4360,9.999999999e-11,0.004341070440727699
4370,1.999999126000509e+19,8739994911171,4370,9.999999999e-11,0.004350983668026928
4380,1.999999124000516e+19,8759994840323,4380,9.999999999e-11,0.004360896703849051
4390,1.999999122000494e+19,8779995059765,4390,9.999999999e-11,0.004370809686156686
4400,1.9999991200005075e+19,8799994923905,4400,9.999999999e-11,0.0043807222949731
4410,1.9999991180005216e+19,8821994825375,4410,9.999999999e-11,0.004391625961931927
4420,1.9999991160005186e+19,8841994847543,4420,9.999999999e-11,0.004401538234575808
4430,1.9999991140005007e+19,8859994993464,4430,9.999999999e-11,0.004410459173633366
4440,1.9999991120005173e+19,8879994828304,4440,9.999999999e-11,0.004420370978438142
4450,1.999999110000519e+19,8901994797624,4450,9.999999999e-11,0.0044312738106075614
4460,1.999999108000529e+19,8921994643530,4460,9.999999999e-11,0.004441185206453547
4470,1.999999106000551e+19,8941994466909,4470,9.999999999e-11,0.004451096393792016
4480,1.999999104000551e+19,8959994492998,4480,9.999999999e-11,0.004460016385373188
4490,1.9999991020005528e+19,8979994472055,4490,9.999999999e-11,0.004469927274917875
4500,1.999999100000542e+19,9001994682976,4500,9.999999999e-11,0.00448082914143474
4510,1.99999909800052e+19,9019994802561,4510,9.999999999e-11,0.004489748646552147
4520,1.9999990960005472e+19,9041994569454,4520,9.999999999e-11,0.0045006498589352465
4530,1.9999990940005433e+19,9061994491967,4530,9.999999999e-11,0.004510559911446891
4540,1.999999092000521e+19,9079994789528,4540,9.999999999e-11,0.0045194789720054045
4550,1.999999090000514e+19,9101994832807,4550,9.999999999e-11,0.004530379670228961
4560,1.9999990880005018e+19,9119994981123,4560,9.999999999e-11,0.004539298301696852
4570,1.9999990860005126e+19,9141994793605,4570,9.999999999e-11,0.004550198451525642
4580,1.999999084000512e+19,9161994858397,4580,9.999999999e-11,0.004560107588060725
4590,1.99999908200051e+19,9179994897409,4590,9.999999999e-11,0.004569025632707308
4600,1.999999080000531e+19,9199994692767,4600,9.999999999e-11,0.004578934260933939
4610,1.9999990780005204e+19,9219994796328,4610,9.999999999e-11,0.004588842844589858
4620,1.9999990760005456e+19,9239994544833,4620,9.999999999e-11,0.004598751055085482
4630,1.9999990740005212e+19,9261994798157,4630,9.999999999e-11,0.004609650121355838
4640,1.9999990720005255e+19,9279994744765,4640,9.999999999e-11,0.004618567232559253
4650,1.999999070000526e+19,9301994677177,4650,9.999999999e-11,0.00462946570591122
4660,1.9999990680005194e+19,9319994805880,4660,9.999999999e-11,0.004638382552292475
4670,1.9999990660005347e+19,9341994633970,4670,9.999999999e-11,0.004649280540056486
4680,1.999999064000537e+19,9361994608915,4680,9.999999999e-11,0.004659187659582035
4690,1.999999062000549e+19,9381994478087,4690,9.999999999e-11,0.0046690945294967975
4700,1.9999990600005636e+19,9401994414191,4700,9.999999999e-11,0.004679001235356094
4710,1.99999905800056e+19,9421994488501,4710,9.999999999e-11,0.0046889078124674214
4720,1.9999990560005435e+19,9441994567010,4720,9.999999999e-11,0.004698814194457273
4730,1.999999054000545e+19,9459994549168,4730,9.999999999e-11,0.004707729725811434
4740,1.999999052000528e+19,9479994721363,4740,9.999999999e-11,0.004717635779537835
4750,1.999999050000538e+19,9501994619101,4750,9.999999999e-11,0.0047285320664247925
4760,1.9999990480005366e+19,9519994633065,4760,9.999999999e-11,0.004737447081139064
4770,1.999999046000573e+19,9541994225094,4770,9.999999999e-11,0.004748342782840685
4780,1.9999990440005853e+19,9559994148284,4780,9.999999999e-11,0.004757257397700053
4790,1.999999042000577e+19,9581994152689,4790,9.999999999e-11,0.004768152869885316
4800,1.999999040000578e+19,9601994286829,4800,9.999999999e-11,0.004778057702035957
4810,1.9999990380005777e+19,9621994205445,4810,9.999999999e-11,0.004787962230304559
4820,1.9999990360005796e+19,9639994206464,4820,9.999999999e-11,0.004796876173968906
4830,1.9999990340005806e+19,9659994196253,4830,9.999999999e-11,0.004806780362922254
4840,1.9999990320005505e+19,9679994495623,4840,9.999999999e-11,0.0048166845080489665
4850,1.9999990300005536e+19,9701994391783,4850,9.999999999e-11,0.004827578625516176
4860,1.999999028000551e+19,9719994493506,4860,9.999999999e-11,0.004836491909389425
4870,1.9999990260005577e+19,9739994424457,4870,9.999999999e-11,0.004846395280722025
4880,1.9999990240005628e+19,9759994374264,4880,9.999999999e-11,0.004856298464286408
4890,1.9999990220005528e+19,9781994498240,4890,9.999999999e-11,0.004867191827281825
4900,1.9999990200005407e+19,9801994632487,4900,9.999999999e-11,0.004877094688265246
4910,1.9999990180005396e+19,9821994600715,4910,9.999999999e-11,0.004886997269957881
4920,1.9999990160005214e+19,9839994785588,4920,9.999999999e-11,0.004895909530667759
4930,1.9999990140005044e+19,9859994956225,4930,9.999999999e-11,0.004905811838122462
4940,1.9999990120004997e+19,9881994992270,4940,9.999999999e-11,0.004916704073618017
4950,1.999999010000486e+19,9899995141421,4950,9.999999999e-11,0.004925615784542759
4960,1.999999008000481e+19,9921995150951,4960,9.999999999e-11,0.0049365075733726815
4970,1.9999990060004905e+19,9941995085251,4970,9.999999999e-11,0.004946408955861094
4980,1.999999004000475e+19,9961995277408,4980,9.999999999e-11,0.004956310268957638
4990,1.9999990020004647e+19,9979995352178,4990,9.999999999e-11,0.004965221233671711
5000,1.999999000000468e+19,9999995317682,5000,9.999999999e-11,0.004975122060187613
5010,1.9999989980004495e+19,10021995485863,5010,9.999999999e-11,0.004986012843824866
5020,1.99999899600046e+19,10039995400000,5020,9.999999999e-11,0.004994923197039186
5030,1.999998994000471e+19,10059995293773,5030,9.999999999e-11,0.005004823396976625
5040,1.9999989920004936e+19,10079995066616,5040,9.999999999e-11,0.005014723340043957
5050,1.99999899000046e+19,10099995397393,5050,9.999999999e-11,0.005024623362280168
5060,1.999998988000468e+19,10121995362412,5060,9.999999999e-11,0.005035512961782735
5070,1.9999989860004786e+19,10139995214705,5070,9.999999999e-11,0.005044422397864849
5080,1.9999989840004588e+19,10159995414060,5080,9.999999999e-11,0.005054321764057994
5090,1.999998982000476e+19,10181995173582,5090,9.999999999e-11,0.00506521061178979
5100,1.9999989800004776e+19,10199995226321,5100,9.999999999e-11,0.005074119615233916
5110,1.9999989780004585e+19,10219995413716,5110,9.999999999e-11,0.005084018384571217
5120,1.999998976000481e+19,10239995190214,5120,9.999999999e-11,0.005093916753579
5130,1.999998974000473e+19,10259995270384,5130,9.999999999e-11,0.005103815075922063
5140,1.9999989720004407e+19,10279995594993,5140,9.999999999e-11,0.005113713322282937
5150,1.9999989700004303e+19,10299995696432,5150,9.999999999e-11,0.005123611261245491
5160,1.9999989680004325e+19,10321995689181,5160,9.999999999e-11,0.005134498707826354
5170,1.9999989660004192e+19,10341995869558,5170,9.999999999e-11,0.005144396272279359
5180,1.999998964000433e+19,10359995672097,5180,9.999999999e-11,0.005153303733858612
5190,1.9999989620004385e+19,10379995616537,5190,9.999999999e-11,0.005163200807394472
5200,1.999998960000431e+19,10399995693602,5200,9.999999999e-11,0.0051730977496415725
5210,1.999998958000436e+19,10419995638660,5210,9.999999999e-11,0.005182994429653903
5220,1.9999989560004485e+19,10439995516724,5220,9.999999999e-11,0.005192890879611012
5230,1.999998954000447e+19,10461995526239,5230,9.999999999e-11,0.005203776818223599
5240,1.9999989520004338e+19,10479995662257,5240,9.999999999e-11,0.005212683381515001
5250,1.999998950000425e+19,10499995750939,5250,9.999999999e-11,0.00522257934500376
5260,1.9999989480004227e+19,10521995830462,5260,9.999999999e-11,0.00523346466852048
5270,1.9999989460004106e+19,10539995896359,5270,9.999999999e-11,0.005242370665528569
5280,1.999998944000395e+19,10559996051176,5280,9.999999999e-11,0.005252266071102715
5290,1.999998942000395e+19,10581996061394,5290,9.999999999e-11,0.005263150710651681
5300,1.999998940000399e+19,10601996063547,5300,9.999999999e-11,0.005273045627281827
5310,1.9999989380004016e+19,10621995945501,5310,9.999999999e-11,0.005282940287592932
5320,1.999998936000398e+19,10639996020607,5320,9.999999999e-11,0.005291845403287178
5330,1.999998934000406e+19,10659995941208,5330,9.999999999e-11,0.005301739708715874
5340,1.9999989320003932e+19,10679996068050,5340,9.999999999e-11,0.0053116339193382735
5350,1.999998930000397e+19,10699996030035,5350,9.999999999e-11,0.005321527851574715
5360,1.999998928000418e+19,10721995725741,5360,9.999999999e-11,0.005332410819861275
5370,1.999998926000416e+19,10741995774372,5370,9.999999999e-11,0.005342304381639509
5380,1.9999989240004526e+19,10759995472736,5380,9.999999999e-11,0.005351208248106354
5390,1.9999989220004385e+19,10781995615916,5390,9.999999999e-11,0.005362090788272352
5400,1.999998920000453e+19,10799995472113,5400,9.999999999e-11,0.005370994378571839
5410,1.999998918000445e+19,10819995550737,5410,9.999999999e-11,0.005380887187653784
5420,1.9999989160004518e+19,10839995481428,5420,9.999999999e-11,0.005390779726774197
5430,1.9999989140004418e+19,10861995616986,5430,9.999999999e-11,0.00540166139728214
5440,1.999998912000429e+19,10881995726231,5440,9.999999999e-11,0.005411553611479305
5450,1.999998910000424e+19,10901995789392,5450,9.999999999e-11,0.0054214456061108815
5460,1.9999989080004276e+19,10921995730758,5460,9.999999999e-11,0.005431337343738689
5470,1.9999989060004184e+19,10939995816514,5470,9.999999999e-11,0.005440239807887439
5480,1.9999989040004067e+19,10959995934378,5480,9.999999999e-11,0.005450131258968938
5490,1.9999989020004033e+19,10981996014806,5490,9.999999999e-11,0.005461011603569396
5500,1.9999989000004006e+19,10999995995841,5500,9.999999999e-11,0.00546991348470582
5510,1.999998898000392e+19,11019996080706,5510,9.999999999e-11,0.005479804329237384
5520,1.9999988960003916e+19,11039996086329,5520,9.999999999e-11,0.005489694937849997
5530,1.999998894000392e+19,11059996076640,5530,9.999999999e-11,0.005499585342166247
5540,1.999998892000383e+19,11081996093008,5540,9.999999999e-11,0.005510464573069294
5550,1.999998890000383e+19,11099996169750,5550,9.999999999e-11,0.005519365616274949
5560,1.999998888000396e+19,11121995977600,5560,9.999999999e-11,0.0055302443113072475
5570,1.9999988860004106e+19,11141995841262,5570,9.999999999e-11,0.005540133846492174
5580,1.9999988840004202e+19,11161995823010,5580,9.999999999e-11,0.00555002324337492
5590,1.9999988820004295e+19,11179995705053,5590,9.999999999e-11,0.005558923482198651
5600,1.999998880000432e+19,11201995698168,5600,9.999999999e-11,0.005569801403403711
5610,1.9999988780004315e+19,11221995712233,5610,9.999999999e-11,0.005579690226219389
5620,1.999998876000441e+19,11241995693851,5620,9.999999999e-11,0.005589578836321318
5630,1.999998874000435e+19,11261995622921,5630,9.999999999e-11,0.005599467223778061
5640,1.9999988720004452e+19,11281995573932,5640,9.999999999e-11,0.005609355425424872
5650,1.9999988700004524e+19,11301995500266,5650,9.999999999e-11,0.005619243418219194
5660,1.9999988680004477e+19,11319995525512,5660,9.999999999e-11,0.005628142488860577
5670,1.999998866000441e+19,11341995616022,5670,9.999999999e-11,0.00563901894394058
5680,1.9999988640004137e+19,11361995874068,5680,9.999999999e-11,0.0056489065107996495
5690,1.9999988620004192e+19,11381995743107,5690,9.999999999e-11,0.005658793688715459
5700,1.999998860000407e+19,11399995929751,5700,9.999999999e-11,0.005667692131261766
5710,1.999998858000406e+19,11419995938979,5710,9.999999999e-11,0.0056775790048999054
5720,1.9999988560004133e+19,11441995861690,5720,9.999999999e-11,0.005688454295590222
5730,1.999998854000406e+19,11461995956448,5730,9.999999999e-11,0.005698340798627832
5740,1.9999988520004207e+19,11481995830023,5740,9.999999999e-11,0.005708226995730598
5750,1.999998850000428e+19,11499995722747,5750,9.999999999e-11,0.00571712440825284
5760,1.999998848000414e+19,11519995857806,5760,9.999999999e-11,0.0057270103610843484
5770,1.999998846000413e+19,11539995869603,5770,9.999999999e-11,0.005736896056403878
5780,1.9999988440004145e+19,11559995857038,5780,9.999999999e-11,0.005746781543104207
5790,1.9999988420004327e+19,11581995730838,5790,9.999999999e-11,0.0057576552958906796
5800,1.999998840000426e+19,11599995741137,5800,9.999999999e-11,0.005766551881932767
5810,1.9999988380004135e+19,11621995803431,5810,9.999999999e-11,0.005777425295446343
5820,1.9999988360004334e+19,11639995666679,5820,9.999999999e-11,0.005786321455008346
5830,1.9999988340004364e+19,11661995628741,5830,9.999999999e-11,0.005797194386572913
5840,1.999998832000445e+19,11681995522608,5840,9.999999999e-11,0.0058070786280379144
5850,1.9999988300004495e+19,11701995475216,5850,9.999999999e-11,0.005816962701998854
5860,1.999998828000481e+19,11719995193425,5860,9.999999999e-11,0.005825858082351135
5870,1.9999988260004954e+19,11741995036467,5870,9.999999999e-11,0.005836730090358407
5880,1.999998824000505e+19,11761994913966,5880,9.999999999e-11,0.0058466135376362
5890,1.999998822000497e+19,11779995028496,5890,9.999999999e-11,0.005855508583248012
5900,1.999998820000478e+19,11799995221543,5900,9.999999999e-11,0.005865391813088042
5910,1.9999988180004598e+19,11819995402990,5910,9.999999999e-11,0.0058752748406908665
5920,1.9999988160004473e+19,11841995518316,5920,9.999999999e-11,0.00588614590245946
5930,1.9999988140004426e+19,11859995573371,5930,9.999999999e-11,0.005895040211280186
5940,1.9999988120004415e+19,11881995631529,5940,9.999999999e-11,0.005905910812527176
5950,1.9999988100004266e+19,11901995700126,5950,9.999999999e-11,0.005915792978764953
5960,1.9999988080004407e+19,11921995608750,5960,9.999999999e-11,0.005925674869488538
5970,1.999998806000444e+19,11941995546635,5970,9.999999999e-11,0.005935556578205633
5980,1.9999988040004796e+19,11959995205481,5980,9.999999999e-11,0.005944449807144166
5990,1.9999988020004712e+19,11979995289301,5990,9.999999999e-11,0.0059543312146989845
6000,1.9999988000004735e+19,11999995264419,6000,9.999999999e-11,0.0059642123720989116
6010,1.9999987980004835e+19,12019995164788,6010,9.999999999e-11,0.005974093296127279
6020,1.999998796000463e+19,12039995370595,6020,9.999999999e-11,0.005983974174617423
6030,1.999998794000471e+19,12059995291710,6030,9.999999999e-11,0.005993854716027755
6040,1.9999987920004633e+19,12081995405500,6040,9.999999999e-11,0.006004723183791068
6050,1.9999987900004753e+19,12099995248731,6050,9.999999999e-11,0.006013615266290594
6060,1.999998788000445e+19,12121995566965,6060,9.999999999e-11,0.006024483402930709
6070,1.999998786000429e+19,12139995711406,6070,9.999999999e-11,0.006033375280686581
6080,1.999998784000439e+19,12159995610420,6080,9.999999999e-11,0.0060432548291126705
6090,1.999998782000424e+19,12179995760870,6090,9.999999999e-11,0.006053134305345458
6100,1.9999987800004272e+19,12201995717734,6100,9.999999999e-11,0.00606400139931362
6110,1.999998778000444e+19,12219995560973,6110,9.999999999e-11,0.006072892421271398
6120,1.9999987760004534e+19,12239995467511,6120,9.999999999e-11,0.006082771187870777
6130,1.9999987740004454e+19,12261995498391,6130,9.999999999e-11,0.006093637670354146
6140,1.9999987720004395e+19,12281995585238,6140,9.999999999e-11,0.006103516113637936
6150,1.999998770000438e+19,12299995618625,6150,9.999999999e-11,0.00611240652258895
6160,1.9999987680004428e+19,12321995541306,6160,9.999999999e-11,0.006123272303641166
6170,1.9999987660004176e+19,12339995823265,6170,9.999999999e-11,0.006132162481925231
6180,1.999998764000411e+19,12359995892921,6180,9.999999999e-11,0.006142040150940609
6190,1.999998762000386e+19,12381996226668,6190,9.999999999e-11,0.006152905487072015
6200,1.999998760000376e+19,12401996258878,6200,9.999999999e-11,0.006162782725287354
6210,1.999998758000363e+19,12419996367758,6210,9.999999999e-11,0.006171672111276476
6220,1.999998756000349e+19,12441996547266,6220,9.999999999e-11,0.006182536723350365
6230,1.9999987540003484e+19,12459996515073,6230,9.999999999e-11,0.00619142568629919
6240,1.9999987520003473e+19,12479996528327,6240,9.999999999e-11,0.006201302149514974
6250,1.999998750000348e+19,12499996521849,6250,9.999999999e-11,0.00621117840668443
6260,1.999998748000332e+19,12521996668719,6260,9.999999999e-11,0.006222042138891585
6270,1.9999987460003308e+19,12541996693010,6270,9.999999999e-11,0.006231917999037481
6280,1.9999987440003355e+19,12561996556618,6280,9.999999999e-11,0.006241793583557118
6290,1.9999987420003357e+19,12581996683574,6290,9.999999999e-11,0.006251669101833962
6300,1.9999987400002974e+19,12599997028152,6300,9.999999999e-11,0.00626055701418932
6310,1.999998738000296e+19,12621997108716,6310,9.999999999e-11,0.006271419634113339
6320,1.9999987360002863e+19,12641997119630,6320,9.999999999e-11,0.006281294506286987
6330,1.99999873400028e+19,12661997214646,6330,9.999999999e-11,0.006291169223729138
6340,1.9999987320002945e+19,12681997019329,6340,9.999999999e-11,0.006301043601577566
6350,1.9999987300002886e+19,12701997174426,6350,9.999999999e-11,0.006310917956189225
6360,1.9999987280002822e+19,12721997165169,6360,9.999999999e-11,0.00632079203341911
6370,1.9999987260002906e+19,12741997106690,6370,9.999999999e-11,0.006330665890117351
6380,1.9999987240002855e+19,12759997147528,6380,9.999999999e-11,0.006339552239517576
6390,1.999998722000295e+19,12779997047727,6390,9.999999999e-11,0.006349425702993987
6400,1.9999987200003125e+19,12799996876973,6400,9.999999999e-11,0.006359298935231151
6410,1.999998718000312e+19,12819996881673,6410,9.999999999e-11,0.006369172057876095
6420,1.999998716000298e+19,12841997022487,6420,9.999999999e-11,0.006380032333130781
6430,1.99999871400031e+19,12861996850219,6430,9.999999999e-11,0.0063899049563983035
6440,1.9999987120002875e+19,12881997145858,6440,9.999999999e-11,0.006399777614447282
6450,1.9999987100002693e+19,12901997299865,6450,9.999999999e-11,0.006409650006394707
6460,1.9999987080002744e+19,12919997254770,6460,9.999999999e-11,0.0064185349007364195
6470,1.9999987060002718e+19,12941997333472,6470,9.999999999e-11,0.00642939406630502
6480,1.999998704000278e+19,12959997219910,6480,9.999999999e-11,0.006438278573746619
6490,1.999998702000281e+19,12981997133219,6490,9.999999999e-11,0.006449137226118894
6500,1.9999987000002867e+19,13001997136820,6500,9.999999999e-11,0.006459008562988663
6510,1.9999986980003066e+19,13019996935467,6510,9.999999999e-11,0.006467892497485405
6520,1.999998696000309e+19,13041996918359,6520,9.999999999e-11,0.006478750536910896
6530,1.999998694000303e+19,13061996968395,6530,9.999999999e-11,0.006488621308268667
6540,1.99999869200032e+19,13079996801998,6540,9.999999999e-11,0.006497504730451364
6550,1.9999986900003144e+19,13101996775399,6550,9.999999999e-11,0.006508362117958191
6560,1.999998688000333e+19,13119996671034,6560,9.999999999e-11,0.0065172452177364925
6570,1.9999986860003365e+19,13141996625009,6570,9.999999999e-11,0.006528102164199688
6580,1.9999986840003445e+19,13159996557329,6580,9.999999999e-11,0.006536984929083475
6590,1.9999986820003414e+19,13179996585608,6590,9.999999999e-11,0.0065468545326108595
6600,1.9999986800003383e+19,13199996618466,6600,9.999999999e-11,0.0065567239422997135
6610,1.999998678000346e+19,13221996457505,6610,9.999999999e-11,0.00656757996920887
6620,1.9999986760003617e+19,13241996366302,6620,9.999999999e-11,0.006577448905895298
6630,1.9999986740003738e+19,13259996263392,6630,9.999999999e-11,0.006586330770989608
6640,1.9999986720003658e+19,13281996389055,6640,9.999999999e-11,0.006597186292271563
6650,1.999998670000346e+19,13301996547367,6650,9.999999999e-11,0.006607054763854968
6660,1.999998668000373e+19,13319996268191,6660,9.999999999e-11,0.006615936012596312
6670,1.9999986660003897e+19,13341996151624,6670,9.999999999e-11,0.006626790767354172
6680,1.9999986640004104e+19,13361995900000,6680,9.999999999e-11,0.00663665844851065
6690,1.999998662000386e+19,13381996138962,6690,9.999999999e-11,0.006646526175670832
6700,1.9999986600004166e+19,13401995835378,6700,9.999999999e-11,0.0066563934391141765
6710,1.99999865800044e+19,13421995565599,6710,9.999999999e-11,0.006666260523208683
6720,1.999998656000453e+19,13439995469141,6720,9.999999999e-11,0.006675140803493088
6730,1.9999986540004405e+19,13461995588070,6730,9.999999999e-11,0.006685994380608195
6740,1.999998652000437e+19,13479995628303,6740,9.999999999e-11,0.006694874375494647
6750,1.9999986500004397e+19,13501995569142,6750,9.999999999e-11,0.006705727433523347
6760,1.999998648000452e+19,13521995379866,6760,9.999999999e-11,0.006715593577270545
6770,1.9999986460004508e+19,13541995504558,6770,9.999999999e-11,0.006725459679903332
6780,1.99999864400045e+19,13559995498793,6780,9.999999999e-11,0.006734338946495586
6790,1.9999986420004536e+19,13581995507044,6790,9.999999999e-11,0.006745191175402763
6800,1.999998640000475e+19,13601995229096,6800,9.999999999e-11,0.00675505649146342
6810,1.9999986380004557e+19,13619995442800,6810,9.999999999e-11,0.006763935337166202
6820,1.9999986360004616e+19,13639995384449,6820,9.999999999e-11,0.0067738003892025495
6830,1.9999986340004676e+19,13659995325692,6830,9.999999999e-11,0.0067836652450765965
6840,1.999998632000456e+19,13681995435957,6840,9.999999999e-11,0.006794516446473409
6850,1.999998630000457e+19,13699995429824,6850,9.999999999e-11,0.006803394478282124
6860,1.999998628000471e+19,13719995291134,6860,9.999999999e-11,0.00681325870687917
6870,1.9999986260004614e+19,13739995385750,6870,9.999999999e-11,0.006823122854605656
6880,1.9999986240004534e+19,13761995486063,6880,9.999999999e-11,0.006833973188942449
6890,1.9999986220004307e+19,13781995699453,6890,9.999999999e-11,0.006843836983787343
6900,1.9999986200004207e+19,13801995793814,6900,9.999999999e-11,0.0068537005240048125
6910,1.9999986180004323e+19,13821995704769,6910,9.999999999e-11,0.0068635637778560335
6920,1.9999986160004202e+19,13839995798049,6920,9.999999999e-11,0.0068724406243428765
6930,1.9999986140004114e+19,13859995887074,6930,9.999999999e-11,0.006882303593785269
6940,1.999998612000416e+19,13881995894870,6940,9.999999999e-11,0.0068931525894602
6950,1.999998610000416e+19,13901995817052,6950,9.999999999e-11,0.006903015065244958
6960,1.999998608000412e+19,13919995881024,6960,9.999999999e-11,0.006911891192050287
6970,1.9999986060004147e+19,13939995851403,6970,9.999999999e-11,0.006921753319422906
6980,1.9999986040004067e+19,13959995933908,6980,9.999999999e-11,0.006931615306208954
6990,1.999998602000434e+19,13979995660064,6990,9.999999999e-11,0.006941476921414098
7000,1.999998600000412e+19,13999995878134,7000,9.999999999e-11,0.0069513385833100735
7010,1.999998598000398e+19,14021996115908,7010,9.999999999e-11,0.0069621861841378955
7020,1.999998596000389e+19,14039996109404,7020,9.999999999e-11,0.006971061218508859
7030,1.9999985940004086e+19,14059995913251,7030,9.999999999e-11,0.006980922088607229
7040,1.9999985920004043e+19,14079995958305,7040,9.999999999e-11,0.00699078288179199
7050,1.9999985900004454e+19,14101995573311,7050,9.999999999e-11,0.007001629313860488
7060,1.999998588000466e+19,14121995346038,7060,9.999999999e-11,0.007011489561540566
7070,1.999998586000464e+19,14141995348684,7070,9.999999999e-11,0.007021349726753385
7080,1.9999985840004583e+19,14161995423525,7080,9.999999999e-11,0.007031209731741119
7090,1.9999985820004614e+19,14181995308923,7090,9.999999999e-11,0.007041069447524205
7100,1.99999858000048e+19,14199995200108,7100,9.999999999e-11,0.007049943021520685
7110,1.9999985780004815e+19,14221995151817,7110,9.999999999e-11,0.007060788327229567
7120,1.999998576000466e+19,14241995437294,7120,9.999999999e-11,0.0070706476528417566
7130,1.9999985740004532e+19,14259995467892,7130,9.999999999e-11,0.007079520766920433
7140,1.9999985720004506e+19,14281995494402,7140,9.999999999e-11,0.007090365463400029
7150,1.999998570000442e+19,14301995616319,7150,9.999999999e-11,0.007100224121032556
7160,1.9999985680004653e+19,14321995402768,7160,9.999999999e-11,0.007110082417535378
7170,1.9999985660004565e+19,14339995434766,7170,9.999999999e-11,0.007118954827519533
7180,1.9999985640004588e+19,14361995457715,7180,9.999999999e-11,0.007129798660866606
7190,1.999998562000462e+19,14381995366285,7190,9.999999999e-11,0.0071396564302938234
7200,1.9999985600004588e+19,14401995440183,7200,9.999999999e-11,0.007149514085462324
7210,1.9999985580004565e+19,14419995435238,7210,9.999999999e-11,0.00715838577253717
7220,1.999998556000439e+19,14439995610413,7220,9.999999999e-11,0.007168243105716042
7230,1.9999985540004475e+19,14461995581416,7230,9.999999999e-11,0.007179085836882202
7240,1.9999985520004174e+19,14479995826013,7240,9.999999999e-11,0.007187957118469997
7250,1.9999985500004258e+19,14499995741698,7250,9.999999999e-11,0.007197813736583999
7260,1.9999985480004153e+19,14521995899531,7260,9.999999999e-11,0.007208655913953718
7270,1.9999985460004237e+19,14539995764356,7270,9.999999999e-11,0.00721752647995417
7280,1.999998544000439e+19,14559995610637,7280,9.999999999e-11,0.007227382476749566
7290,1.9999985420004545e+19,14579995456080,7290,9.999999999e-11,0.007237238277440177
7300,1.9999985400004547e+19,14599995455229,7300,9.999999999e-11,0.007247093958187918
7310,1.999998538000448e+19,14621995518717,7310,9.999999999e-11,0.007257935012742768
7320,1.999998536000444e+19,14641995618438,7320,9.999999999e-11,0.007267790332119689
7330,1.9999985340004594e+19,14661995468775,7330,9.999999999e-11,0.007277645332940041
7340,1.9999985320004903e+19,14681995134673,7340,9.999999999e-11,0.007287500047217908
7350,1.999998530000484e+19,14699995161266,7350,9.999999999e-11,0.007296369284047843
7360,1.999998528000484e+19,14719995158728,7360,9.999999999e-11,0.007306223789955636
7370,1.9999985260004655e+19,14739995345825,7370,9.999999999e-11,0.007316078193650449
7380,1.999998524000459e+19,14761995276995,7380,9.999999999e-11,0.007326917676430303
7390,1.999998522000467e+19,14779995327319,7390,9.999999999e-11,0.007335786220627955
7400,1.9999985200004534e+19,14801995321276,7400,9.999999999e-11,0.007346625303949883
7410,1.99999851800046e+19,14819995399519,7410,9.999999999e-11,0.007355493509771499
7420,1.9999985160004575e+19,14841995355210,7420,9.999999999e-11,0.0073663321438728535
7430,1.9999985140004516e+19,14861995536236,7430,9.999999999e-11,0.007376185351235742
7440,1.999998512000446e+19,14879995538632,7440,9.999999999e-11,0.007385052991532716
7450,1.999998510000454e+19,14901995379096,7450,9.999999999e-11,0.007395890923365852
7460,1.999998508000452e+19,14921995479466,7460,9.999999999e-11,0.0074057435041872165
7470,1.9999985060004418e+19,14941995575084,7470,9.999999999e-11,0.007415595887076348
7480,1.999998504000453e+19,14959995471421,7480,9.999999999e-11,0.0074244627709945926
7490,1.9999985020004553e+19,14979995446762,7490,9.999999999e-11,0.007434314723030602
7500,1.9999985000004633e+19,14999995366542,7500,9.999999999e-11,0.00744416645212617
7510,1.999998498000451e+19,15021995460887,7510,9.999999999e-11,0.007455003218191218
7520,1.999998496000453e+19,15041995464987,7520,9.999999999e-11,0.0074648545781379316
7530,1.999998494000478e+19,15059995224203,7530,9.999999999e-11,0.007473720514473998
7540,1.9999984920004805e+19,15079995196833,7540,9.999999999e-11,0.00748357148737412
7550,1.999998490000479e+19,15099995208596,7550,9.999999999e-11,0.007493422284005762
7560,1.9999984880004645e+19,15121995396551,7560,9.999999999e-11,0.007504258020654069
7570,1.9999984860004524e+19,15139995474704,7570,9.999999999e-11,0.007513123410136818
7580,1.999998484000472e+19,15159995283702,7580,9.999999999e-11,0.007522973520307364
7590,1.9999984820004737e+19,15181995235215,7590,9.999999999e-11,0.007533808495268408
7600,1.9999984800004858e+19,15199995141235,7600,9.999999999e-11,0.007542673272073778
7610,1.9999984780004717e+19,15219995285930,7610,9.999999999e-11,0.0075525229610330985
7620,1.999998476000445e+19,15239995552974,7620,9.999999999e-11,0.0075623725147397165
7630,1.9999984740004405e+19,15261995607628,7630,9.999999999e-11,0.007573206680269037
7640,1.999998472000455e+19,15281995495468,7640,9.999999999e-11,0.007583055636693085
7650,1.999998470000445e+19,15299995548776,7650,9.999999999e-11,0.007591919606296499
7660,1.999998468000487e+19,15319995130061,7660,9.999999999e-11,0.00760176804035148
7670,1.9999984660004884e+19,15339995114586,7670,9.999999999e-11,0.007611616477503498
7680,1.999998464000498e+19,15361994946639,7680,9.999999999e-11,0.007622449458289871
7690,1.999998462000496e+19,15379995042172,7690,9.999999999e-11,0.007631312744994362
7700,1.999998460000512e+19,15401994882511,7700,9.999999999e-11,0.007642145299855611
7710,1.9999984580005003e+19,15421995048414,7710,9.999999999e-11,0.007651993024936466
7720,1.9999984560004923e+19,15441995122344,7720,9.999999999e-11,0.007661840509285716
7730,1.9999984540005016e+19,15461995034460,7730,9.999999999e-11,0.007671687718525119
7740,1.9999984520004776e+19,15481995226375,7740,9.999999999e-11,0.007681534870092498
7750,1.9999984500004635e+19,15501995270307,7750,9.999999999e-11,0.007691381753372051
7760,1.9999984480004702e+19,15521995368500,7760,9.999999999e-11,0.007701228467944403
7770,1.9999984460004413e+19,15539995587677,7770,9.999999999e-11,0.007710090408375128
7780,1.9999984440004452e+19,15561995518694,7780,9.999999999e-11,0.007720921288104167
7790,1.999998442000448e+19,15581995519090,7790,9.999999999e-11,0.007730767368299019
7800,1.9999984400004792e+19,15601995133262,7800,9.999999999e-11,0.007740613062962596
7810,1.999998438000465e+19,15619995348743,7810,9.999999999e-11,0.007749474298125538
7820,1.9999984360004854e+19,15641995221629,7820,9.999999999e-11,0.00776030428950707
7830,1.999998434000482e+19,15659995182546,7830,9.999999999e-11,0.007769165047663591
7840,1.999998432000472e+19,15681995310481,7840,9.999999999e-11,0.007779994734767405
7850,1.999998430000472e+19,15699995280983,7850,9.999999999e-11,0.007788855145973479
7860,1.999998428000452e+19,15721995452566,7860,9.999999999e-11,0.007799684424754283
7870,1.9999984260004594e+19,15741995427697,7870,9.999999999e-11,0.0078095289294981855
7880,1.999998424000464e+19,15761995343195,7880,9.999999999e-11,0.007819373209539767
7890,1.999998422000459e+19,15779995412526,7890,9.999999999e-11,0.00782823296611625
7900,1.99999842000048e+19,15801995169051,7900,9.999999999e-11,0.007839061181068929
7910,1.9999984180004835e+19,15821995139923,7910,9.999999999e-11,0.007848904902352134
7920,1.9999984160004833e+19,15841995196243,7920,9.999999999e-11,0.00785874847036351
7930,1.999998414000479e+19,15861995189171,7930,9.999999999e-11,0.00786859181185292
7940,1.9999984120004936e+19,15881995031297,7940,9.999999999e-11,0.007878434883808974
7950,1.9999984100005073e+19,15899994929385,7950,9.999999999e-11,0.007887293501353452
7960,1.9999984080005005e+19,15921995017005,7960,9.999999999e-11,0.007898120590162365
7970,1.999998406000488e+19,15939995120376,7970,9.999999999e-11,0.007906978957190733
7980,1.9999984040005075e+19,15959994925626,7980,9.999999999e-11,0.007916821249329804
7990,1.9999984020004884e+19,15979995116690,7990,9.999999999e-11,0.00792666353604617
8000,1.9999984000004973e+19,16001995162070,8000,9.999999999e-11,0.007937489744787467
8010,1.9999983980004667e+19,16019995334355,8010,9.999999999e-11,0.007946347442698901
8020,1.9999983960004575e+19,16041995476477,8020,9.999999999e-11,0.007957173269441538
8030,1.999998394000444e+19,16059995561923,8030,9.999999999e-11,0.007966030573136147
8040,1.9999983920004604e+19,16079995395094,8040,9.999999999e-11,0.007975871707383704
8050,1.9999983900004598e+19,16099995403515,8050,9.999999999e-11,0.00798571273261307
8060,1.999998388000481e+19,16119995192037,8060,9.999999999e-11,0.00799555345439722
8070,1.9999983860004917e+19,16141995057734,8070,9.999999999e-11,0.008006378071238857
8080,1.999998384000488e+19,16159995124293,8080,9.999999999e-11,0.008015234487031255
8090,1.9999983820004917e+19,16181995094000,8090,9.999999999e-11,0.00802605872553958
8100,1.9999983800004768e+19,16199995232487,8100,9.999999999e-11,0.008034914825311755
8110,1.9999983780004598e+19,16221995440038,8110,9.999999999e-11,0.008045738751350923
8120,1.9999983760004825e+19,16241995181834,8120,9.999999999e-11,0.008055578259279945
8130,1.9999983740004893e+19,16259995106389,8130,9.999999999e-11,0.008064433726728298
8140,1.9999983720004813e+19,16281995194696,8140,9.999999999e-11,0.008075256949920727
8150,1.9999983700004753e+19,16301995202250,8150,9.999999999e-11,0.008085096002999686
8160,1.999998368000487e+19,16319995128472,8160,9.999999999e-11,0.008093950944245908
8170,1.9999983660004848e+19,16339995151721,8170,9.999999999e-11,0.008103789634193854
8180,1.9999983640004887e+19,16361995185181,8180,9.999999999e-11,0.008114611971586147
8190,1.999998362000493e+19,16381994955721,8190,9.999999999e-11,0.008124450127358305
8200,1.9999983600005108e+19,16401994828132,8200,9.999999999e-11,0.008134288138080335
8210,1.9999983580004925e+19,16421995131398,8210,9.999999999e-11,0.008144126165578688
8220,1.9999983560004944e+19,16439995058667,8220,9.999999999e-11,0.008152980053437538
8230,1.9999983540005007e+19,16461995032337,8230,9.999999999e-11,0.008163801288044115
8240,1.999998352000481e+19,16481995149415,8240,9.999999999e-11,0.008173638638510995
8250,1.9999983500005024e+19,16499994977022,8250,9.999999999e-11,0.008182491950469861
8260,1.9999983480005206e+19,16519994796113,8260,9.999999999e-11,0.008192328783619775
8270,1.999998346000519e+19,16539994807278,8270,9.999999999e-11,0.0082021655161165
8280,1.9999983440005054e+19,16561994935739,8280,9.999999999e-11,0.00821298575363996
8290,1.9999983420004925e+19,16579995074841,8290,9.999999999e-11,0.00822183851636675
8300,1.9999983400004678e+19,16599995322388,8300,9.999999999e-11,0.008231674779774167
8310,1.9999983380004606e+19,16621995397999,8310,9.999999999e-11,0.008242494347443879
8320,1.9999983360004747e+19,16641995252400,8320,9.999999999e-11,0.008252330007794522
8330,1.9999983340004676e+19,16659995325229,8330,9.999999999e-11,0.008261182035567785
8340,1.9999983320004776e+19,16681995175760,8340,9.999999999e-11,0.008272000848753604
8350,1.9999983300004934e+19,16701995031329,8350,9.999999999e-11,0.008281835924434405
8360,1.9999983280004915e+19,16721995180665,8360,9.999999999e-11,0.008291670949503867
8370,1.9999983260004774e+19,16741995228632,8370,9.999999999e-11,0.008301505729657804
8380,1.9999983240004866e+19,16761995174826,8380,9.999999999e-11,0.008311340264706328
8390,1.9999983220004725e+19,16779995274129,8390,9.999999999e-11,0.008320191252119294
8400,1.9999983200004665e+19,16799995333942,8400,9.999999999e-11,0.008330025472436723
8410,1.999998318000466e+19,16819995339897,8410,9.999999999e-11,0.008339859471227774
8420,1.9999983160004825e+19,16839995174090,8420,9.999999999e-11,0.008349693190528187
8430,1.999998314000504e+19,16861994987968,8430,9.999999999e-11,0.008360510054664694
8440,1.999998312000501e+19,16881994995294,8440,9.999999999e-11,0.00837034344953503
8450,1.9999983100005044e+19,16899994956666,8450,9.999999999e-11,0.008379193315942819
8460,1.9999983080005083e+19,16919994919358,8460,9.999999999e-11,0.008389026318336691
8470,1.9999983060005155e+19,16939994846075,8470,9.999999999e-11,0.008398859108035981
8480,1.99999830400052e+19,16959994798990,8480,9.999999999e-11,0.008408691715613445
8490,1.9999983020005274e+19,16979994726978,8490,9.999999999e-11,0.008418524115940199
8500,1.999998300000513e+19,16999994873723,8500,9.999999999e-11,0.008428356428819578
8510,1.999998298000504e+19,17019994961903,8510,9.999999999e-11,0.008438188517920206
8520,1.9999982960004936e+19,17041995046364,8520,9.999999999e-11,0.00844900358456457
8530,1.9999982940004876e+19,17061995168808,8530,9.999999999e-11,0.008458835281054454
8540,1.999998292000483e+19,17081995172603,8540,9.999999999e-11,0.008468666724250484
8550,1.9999982900004766e+19,17099995233734,8550,9.999999999e-11,0.008477514884804964
8560,1.9999982880004637e+19,17119995362361,8560,9.999999999e-11,0.008487346018939005
8570,1.999998286000468e+19,17141995374538,8570,9.999999999e-11,0.008498159977753633
8580,1.9999982840004497e+19,17159995501186,8580,9.999999999e-11,0.008507007644141985
8590,1.9999982820004327e+19,17181995694145,8590,9.999999999e-11,0.008517821262940827
8600,1.9999982800004456e+19,17199995542749,8600,9.999999999e-11,0.008526668441777959
8610,1.9999982780004557e+19,17219995444535,8610,9.999999999e-11,0.008536498489714914
8620,1.9999982760004456e+19,17239995544922,8620,9.999999999e-11,0.008546328440342527
8630,1.9999982740004545e+19,17261995355522,8630,9.999999999e-11,0.00855714101354482
8640,1.999998272000471e+19,17279995289364,8640,9.999999999e-11,0.008565987532576166
8650,1.9999982700004897e+19,17299995104145,8650,9.999999999e-11,0.008575816758107844
8660,1.999998268000465e+19,17321995303638,8660,9.999999999e-11,0.0085866288792587
8670,1.9999982660004758e+19,17341995266644,8670,9.999999999e-11,0.00859645776835762
8680,1.9999982640004665e+19,17361995332617,8680,9.999999999e-11,0.00860628651317207
8690,1.99999826200046e+19,17379995399881,8690,9.999999999e-11,0.008615132220757434
8700,1.9999982600004927e+19,17399995072787,8700,9.999999999e-11,0.008624960402143361
8710,1.999998258000481e+19,17421995223530,8710,9.999999999e-11,0.008635771427484434
8720,1.999998256000485e+19,17441995184342,8720,9.999999999e-11,0.008645599341134094
8730,1.9999982540004745e+19,17461995213679,8730,9.999999999e-11,0.008655427093599113
8740,1.999998252000464e+19,17481995378702,8740,9.999999999e-11,0.008665254717884334
8750,1.999998250000473e+19,17501995332249,8750,9.999999999e-11,0.008675082043409188
8760,1.9999982480004387e+19,17519995612929,8760,9.999999999e-11,0.008683926628249536
8770,1.999998246000438e+19,17539995619716,8770,9.999999999e-11,0.008693753609741124
8780,1.9999982440004383e+19,17561995581407,8780,9.999999999e-11,0.008704563041863856
8790,1.9999982420004336e+19,17581995645600,8790,9.999999999e-11,0.008714389642426398
8800,1.999998240000431e+19,17601995709384,8800,9.999999999e-11,0.008724216047969949
8810,1.999998238000435e+19,17619995649338,8810,9.999999999e-11,0.008733059588689937
8820,1.999998236000426e+19,17641995767534,8820,9.999999999e-11,0.008743868240521422
8830,1.999998234000432e+19,17661995667544,8830,9.999999999e-11,0.008753693981186637
8840,1.999998232000429e+19,17681995635355,8840,9.999999999e-11,0.008763519560369103
8850,1.99999823000046e+19,17699995398440,8850,9.999999999e-11,0.008772362312933811
8860,1.999998228000453e+19,17719995468892,8860,9.999999999e-11,0.008782187572450608
8870,1.999998226000451e+19,17741995486916,8870,9.999999999e-11,0.008792995103734534
8880,1.9999982240004727e+19,17759995275735,8880,9.999999999e-11,0.008801837343052302
8890,1.9999982220004987e+19,17779995013771,8890,9.999999999e-11,0.008811661854963359
8900,1.999998220000512e+19,17799994880276,8900,9.999999999e-11,0.008821486235226274
8910,1.9999982180004864e+19,17821995102412,8910,9.999999999e-11,0.008832293009823924
8920,1.9999982160004973e+19,17841994985984,8920,9.999999999e-11,0.008842116989495963
8930,1.9999982140004966e+19,17859995035319,8930,9.999999999e-11,0.008850958480400616
8940,1.9999982120004854e+19,17881995180977,8940,9.999999999e-11,0.008861764574777933
8950,1.9999982100004614e+19,17901995396920,8950,9.999999999e-11,0.008871588133495397
8960,1.9999982080004858e+19,17919995142052,8960,9.999999999e-11,0.008880428949211398
8970,1.9999982060005007e+19,17941995024630,8970,9.999999999e-11,0.00889123427178144
8980,1.9999982040005087e+19,17959994912095,8980,9.999999999e-11,0.008900074806922701
8990,1.9999982020005364e+19,17981994620115,8990,9.999999999e-11,0.008910879615405147
9000,1.999998200000551e+19,17999994492809,9000,9.999999999e-11,0.008919719792830325
9010,1.9999981980005614e+19,18019994388292,9010,9.999999999e-11,0.008929542045372189
9020,1.9999981960005603e+19,18041994412845,9020,9.999999999e-11,0.00894034636682294
9030,1.999998194000577e+19,18061994272181,9030,9.999999999e-11,0.008950168192774029
9040,1.9999981920005673e+19,18081994408856,9040,9.999999999e-11,0.008959989960245716
9050,1.9999981900005605e+19,18101994470428,9050,9.999999999e-11,0.008969811496161847
9060,1.9999981880005784e+19,18119994215001,9060,9.999999999e-11,0.008978650559403051
9070,1.9999981860005925e+19,18139994075904,9070,9.999999999e-11,0.00898847162692012
9080,1.9999981840005906e+19,18161994118884,9080,9.999999999e-11,0.00899927467260298
9090,1.9999981820005835e+19,18179994163921,9090,9.999999999e-11,0.009008113357823911
9100,1.9999981800005853e+19,18199994149125,9100,9.999999999e-11,0.009017933902431772
9110,1.9999981780005683e+19,18219994317307,9110,9.999999999e-11,0.009027754342246612
9120,1.999998176000574e+19,18239994261828,9120,9.999999999e-11,0.009037574477607795
9130,1.999998174000567e+19,18259994328578,9130,9.999999999e-11,0.009047394478357392
9140,1.999998172000578e+19,18281994120766,9140,9.999999999e-11,0.009058196116311425
9150,1.9999981700005958e+19,18301994047877,9150,9.999999999e-11,0.00906801563980561
9160,1.9999981680006115e+19,18319993886001,9160,9.999999999e-11,0.009076852997293229
9170,1.999998166000606e+19,18339993941394,9170,9.999999999e-11,0.009086672214020713
9180,1.999998164000604e+19,18361993948119,9180,9.999999999e-11,0.009097473101047198
9190,1.999998162000606e+19,18379993940312,9190,9.999999999e-11,0.009106310008766137
9200,1.999998160000616e+19,18399993840807,9200,9.999999999e-11,0.009116128565673303
9210,1.9999981580006244e+19,18421993759460,9210,9.999999999e-11,0.00912692876733258
9220,1.99999815600061e+19,18441993962252,9220,9.999999999e-11,0.009136747064031255
9230,1.999998154000617e+19,18461993789021,9230,9.999999999e-11,0.009146564981570186
9240,1.9999981520006308e+19,18481993676399,9240,9.999999999e-11,0.009156382734302467
9250,1.999998150000625e+19,18501993773840,9250,9.999999999e-11,0.00916620039559546
9260,1.9999981480006046e+19,18519993953486,9260,9.999999999e-11,0.009175036169551445
9270,1.999998146000613e+19,18541993897222,9270,9.999999999e-11,0.009185835099433706
9280,1.99999814400061e+19,18559993901275,9280,9.999999999e-11,0.00919467043701984
9290,1.9999981420006126e+19,18579993874238,9290,9.999999999e-11,0.009204487278494041
9300,1.999998140000638e+19,18599993620548,9300,9.999999999e-11,0.009214303814193109
9310,1.9999981380006257e+19,18619993742885,9310,9.999999999e-11,0.009224120339935887
9320,1.9999981360006185e+19,18641993845389,9320,9.999999999e-11,0.009234918277845368
9330,1.9999981340006216e+19,18661993805962,9330,9.999999999e-11,0.009244734315712209
9340,1.999998132000602e+19,18679993978584,9340,9.999999999e-11,0.009253568685628029
9350,1.9999981300006027e+19,18699993973548,9350,9.999999999e-11,0.009263384370819508
9360,1.999998128000615e+19,18719993851555,9360,9.999999999e-11,0.009273199804118826
9370,1.9999981260006064e+19,18741993951358,9370,9.999999999e-11,0.009283996670953283
9380,1.9999981240006095e+19,18761993890822,9380,9.999999999e-11,0.009293811725998186
9390,1.9999981220006244e+19,18781993740182,9390,9.999999999e-11,0.009303626542351284
9400,1.9999981200006316e+19,18801993671261,9400,9.999999999e-11,0.00931344120433967
9410,1.999998118000633e+19,18821993731757,9410,9.999999999e-11,0.009323255735373119
9420,1.9999981160006062e+19,18839993938361,9420,9.999999999e-11,0.009332088721705907
9430,1.9999981140006027e+19,18859993971694,9430,9.999999999e-11,0.009341902869941379
9440,1.9999981120006046e+19,18881993948043,9440,9.999999999e-11,0.009352698178816359
9450,1.999998110000591e+19,18901994080228,9450,9.999999999e-11,0.009362511967223737
9460,1.999998108000591e+19,18921994131242,9460,9.999999999e-11,0.009372325521365318
9470,1.999998106000603e+19,18941993908166,9470,9.999999999e-11,0.009382138746591252
9480,1.9999981040006205e+19,18961993813906,9480,9.999999999e-11,0.009391951840602002
9490,1.9999981020006007e+19,18981994028314,9490,9.999999999e-11,0.009401764891642614
9500,1.999998100000621e+19,19001993831738,9500,9.999999999e-11,0.009411577546625053
9510,1.9999980980006027e+19,19021993970026,9510,9.999999999e-11,0.00942139017149726
9520,1.999998096000623e+19,19039993770538,9520,9.999999999e-11,0.009430221208734449
9530,1.999998094000615e+19,19059993849603,9530,9.999999999e-11,0.00944003343519408
9540,1.9999980920006107e+19,19081993833163,9540,9.999999999e-11,0.009450826609045452
9550,1.9999980900006195e+19,19101993715019,9550,9.999999999e-11,0.009460638330544436
9560,1.999998088000622e+19,19121993753533,9560,9.999999999e-11,0.00947044993452097
9570,1.999998086000627e+19,19139993730176,9570,9.999999999e-11,0.009479280183449101
9580,1.99999808400065e+19,19161993487850,9580,9.999999999e-11,0.009490072391244869
9590,1.9999980820006556e+19,19179993445187,9590,9.999999999e-11,0.009498902280851896
9600,1.9999980800006832e+19,19201993179430,9600,9.999999999e-11,0.009509694049575789
9610,1.9999980780006806e+19,19221993122734,9610,9.999999999e-11,0.009519504635053582
9620,1.9999980760006935e+19,19239993065785,9620,9.999999999e-11,0.009528333992916402
9630,1.999998074000695e+19,19261993022429,9630,9.999999999e-11,0.009539125229410013
9640,1.9999980720007012e+19,19281992977277,9640,9.999999999e-11,0.009548935237543108
9650,1.9999980700006867e+19,19299993134016,9650,9.999999999e-11,0.009557764175525903
9660,1.999998068000694e+19,19319993062673,9660,9.999999999e-11,0.00956757380159974
9670,1.999998066000692e+19,19341993094104,9670,9.999999999e-11,0.00957836421975633
9680,1.999998064000681e+19,19359993187579,9680,9.999999999e-11,0.009587192602057579
9690,1.9999980620006818e+19,19379993183222,9690,9.999999999e-11,0.009597001678060905
9700,1.99999806000067e+19,19399993300619,9700,9.999999999e-11,0.009606810619480384
9710,1.999998058000687e+19,19421993109898,9710,9.999999999e-11,0.009617600073765784
9720,1.9999980560007213e+19,19441992812017,9720,9.999999999e-11,0.009627408403518717
9730,1.9999980540007035e+19,19459992965568,9730,9.999999999e-11,0.009636235940971075
9740,1.9999980520006914e+19,19481993021379,9740,9.999999999e-11,0.00964702487504317
9750,1.999998050000692e+19,19501993111487,9750,9.999999999e-11,0.009656832812251843
9760,1.999998048000703e+19,19519992973186,9760,9.999999999e-11,0.009665659682055534
9770,1.9999980460007174e+19,19541992852972,9770,9.999999999e-11,0.009676447888744003
9780,1.9999980440007406e+19,19561992624122,9780,9.999999999e-11,0.009686255086779528
9790,1.9999980420007473e+19,19579992527485,9790,9.999999999e-11,0.0096950814525454
9800,1.9999980400007266e+19,19599992735958,9800,9.999999999e-11,0.009704888495966884
9810,1.9999980380007293e+19,19621992735019,9810,9.999999999e-11,0.009715675906483095
9820,1.9999980360007315e+19,19639992685479,9820,9.999999999e-11,0.00972450177091416
9830,1.9999980340007563e+19,19659992439114,9830,9.999999999e-11,0.009734308008632142
9840,1.9999980320007606e+19,19679992395074,9840,9.999999999e-11,0.009744114151339453
9850,1.999998030000786e+19,19701992209684,9850,9.999999999e-11,0.00975490061686217
9860,1.999998028000794e+19,19721992010125,9860,9.999999999e-11,0.00976470627548929
9870,1.999998026000806e+19,19739991939874,9870,9.999999999e-11,0.009773531255829904
9880,1.999998024000801e+19,19759991989567,9880,9.999999999e-11,0.009783336667691095
9890,1.9999980220008337e+19,19781991650385,9890,9.999999999e-11,0.009794122203367565
9900,1.9999980200008655e+19,19801991287642,9900,9.999999999e-11,0.009803927005249683
9910,1.9999980180008595e+19,19819991403230,9910,9.999999999e-11,0.009812751377641555
9920,1.9999980160008643e+19,19841991274924,9920,9.999999999e-11,0.00982353637593193
9930,1.9999980140008767e+19,19859991232966,9930,9.999999999e-11,0.00983236032158993
9940,1.9999980120008577e+19,19881991500354,9940,9.999999999e-11,0.009843145086701722
9950,1.999998010000849e+19,19901991604853,9950,9.999999999e-11,0.009852949146824923
9960,1.9999980080008376e+19,19919991623967,9960,9.999999999e-11,0.009861772598206628
9970,1.99999800600083e+19,19939991698089,9970,9.999999999e-11,0.009871576274563573
9980,1.999998004000827e+19,19961991675192,9980,9.999999999e-11,0.009882360043139797
9990,1.9999980020008014e+19,19979991986999,9990,9.999999999e-11,0.009891183113821455
10000,1.999998000000839e+19,20001991637903,10000,9.999999999e-11,0.009901966295431492
