Time,H2O,H+,OH-
0,20000000000000000000,600,600
10,19999999979999956902,20000043698,20000043698
20,19999999960000150049,39999850551,39999850551
30,19999999940000261935,59999738665,59999738665
40,19999999920000160998,79999839602,79999839602
50,19999999900000185258,99999815342,99999815342
60,19999999879999907296,120000093304,120000093304
70,19999999859999853503,140000147097,140000147097
80,19999999839999993317,160000007283,160000007283
90,19999999820000012227,179999988373,179999988373
100,19999999799999615126,200000385474,200000385474
110,19999999779999454047,220000546553,220000546553
120,19999999759999484836,240000515764,240000515764
130,19999999739999483735,260000516865,260000516865
140,19999999719999509918,280000490682,280000490682
150,19999999699999446889,300000553711,300000553711
160,19999999679999399551,320000601049,320000601049
170,19999999659999341444,340000659156,340000659156
180,19999999639999264388,360000736212,360000736212
190,19999999619999188577,380000812023,380000812023
200,19999999599999065374,400000935226,400000935226
210,19999999579998988658,420001011942,420001011942
220,19999999559998641743,440001358857,440001358857
230,19999999539998632313,460001368287,460001368287
240,19999999519998737408,480001263192,480001263192
250,19999999499998836209,500001164391,500001164391
260,19999999479998616522,520001384078,520001384078
270,19999999459998431304,540001569296,540001569296
280,19999999439998453672,560001546928,560001546928
290,19999999419998673085,580001327515,580001327515
300,19999999399998408780,600001591820,600001591820
310,19999999379998302551,620001698049,620001698049
320,19999999359998445742,640001554858,640001554858
330,19999999339998277866,660001722734,660001722734
340,19999999319998282272,680001718328,680001718328
350,19999999299998364368,700001636232,700001636232
360,19999999279998386138,720001614462,720001614462
370,19999999259998835241,740001165359,740001165359
380,19999999239998875968,760001124632,760001124632
390,19999999219998995422,780001005178,780001005178
400,19999999199999139738,800000860862,800000860862
410,19999999179999031247,820000969353,820000969353
420,19999999159999031482,840000969118,840000969118
430,19999999139999320874,860000679726,860000679726
440,19999999119999397211,880000603389,880000603389
450,19999999099999321291,900000679309,900000679309
460,19999999079999272795,920000727805,920000727805
470,19999999059999474162,940000526438,940000526438
480,19999999039999454699,960000545901,960000545901
490,19999999019999541371,980000459229,980000459229
500,19999998999999259000,1000000741600,1000000741600
510,19999998979999205456,1020000795144,1020000795144
520,19999998959999147404,1040000853196,1040000853196
530,19999998939999153303,1060000847297,1060000847297
540,19999998919999006217,1080000994383,1080000994383
550,19999998899998714960,1100001285640,1100001285640
560,19999998879998609923,1120001390677,1120001390677
570,19999998859998621222,1140001379378,1140001379378
580,19999998839998804093,1160001196507,1160001196507
590,19999998819998838647,1180001161953,1180001161953
600,19999998799998972349,1200001028251,1200001028251
610,19999998779999171114,1220000829486,1220000829486
620,19999998759999204984,1240000795616,1240000795616
630,19999998739999122001,1260000878599,1260000878599
640,19999998719999161343,1280000839257,1280000839257
650,19999998699999078235,1300000922365,1300000922365
660,19999998679999292810,1320000707790,1320000707790
670,19999998659999180517,1340000820083,1340000820083
680,19999998639999195950,1360000804650,1360000804650
690,19999998619998922170,1380001078430,1380001078430
700,19999998599998791404,1400001209196,1400001209196
710,19999998579998872508,1420001128092,1420001128092
720,19999998559998684293,1440001316307,1440001316307
730,19999998539998605003,1460001395597,1460001395597
740,19999998519998854806,1480001145794,1480001145794
750,19999998499998959996,1500001040604,1500001040604
760,19999998479999056857,1520000943743,1520000943743
770,19999998459998851823,1540001148777,1540001148777
780,19999998439998857441,1560001143159,1560001143159
790,19999998419999016115,1580000984485,1580000984485
800,19999998399999008574,1600000992026,1600000992026
810,19999998379999141236,1620000859364,1620000859364
820,19999998359999256223,1640000744377,1640000744377
830,19999998339999410846,1660000589754,1660000589754
840,19999998319999559812,1680000440788,1680000440788
850,19999998299999415913,1700000584687,1700000584687
860,19999998279999335682,1720000664918,1720000664918
870,19999998259999434241,1740000566359,1740000566359
880,19999998239999384953,1760000615647,1760000615647
890,19999998219999389903,1780000610697,1780000610697
900,19999998199999495588,1800000505012,1800000505012
910,19999998179999368165,1820000632435,1820000632435
920,19999998159999468879,1840000531721,1840000531721
930,19999998139999468104,1860000532496,1860000532496
940,19999998119999600110,1880000400490,1880000400490
950,19999998099999535591,1900000465009,1900000465009
960,19999998079999412136,1920000588464,1920000588464
970,19999998059999275875,1940000724725,1940000724725
980,19999998039999372259,1960000628341,1960000628341
990,19999998019999370238,1980000630362,1980000630362
1000,19999997999999305991,2000000694609,2000000694609
1010,19999997979999133190,2020000867410,2020000867410
1020,19999997959999141116,2040000859484,2040000859484
1030,19999997939998912723,2060001087877,2060001087877
1040,19999997919999084429,2080000916171,2080000916171
1050,19999997899999123417,2100000877183,2100000877183
1060,19999997879999015581,2120000985019,2120000985019
1070,19999997859999063256,2140000937344,2140000937344
1080,19999997839999009149,2160000991451,2160000991451
1090,19999997819998895891,2180001104709,2180001104709
1100,19999997799998808182,2200001192418,2200001192418
1110,19999997779998749030,2220001251570,2220001251570
1120,19999997759998797353,2240001203247,2240001203247
1130,19999997739999005415,2260000995185,2260000995185
1140,19999997719998920319,2280001080281,2280001080281
1150,19999997699998959214,2300001041386,2300001041386
1160,19999997679999118578,2320000882022,2320000882022
1170,19999997659998987879,2340001012721,2340001012721
1180,19999997639999091620,2360000908980,2360000908980
1190,19999997619999292748,2380000707852,2380000707852
1200,19999997599999307541,2400000693059,2400000693059
1210,19999997579999278943,2420000721657,2420000721657
1220,19999997559998968843,2440001031757,2440001031757
1230,19999997539999038597,2460000962003,2460000962003
1240,19999997519998946497,2480001054103,2480001054103
1250,19999997499998679614,2500001320986,2500001320986
1260,19999997479998735444,2520001265156,2520001265156
1270,19999997459998751537,2540001249063,2540001249063
1280,19999997439998771683,2560001228917,2560001228917
1290,19999997419998982640,2580001017960,2580001017960
1300,19999997399999090496,2600000910104,2600000910104
1310,19999997379999329044,2620000671556,2620000671556
1320,19999997359999638413,2640000362187,2640000362187
1330,19999997339999693230,2660000307370,2660000307370
1340,19999997319999668503,2680000332097,2680000332097
1350,19999997299999768708,2700000231892,2700000231892
1360,19999997279999630457,2720000370143,2720000370143
1370,19999997259999624841,2740000375759,2740000375759
1380,19999997239999803262,2760000197338,2760000197338
1390,19999997219999902736,2780000097864,2780000097864
1400,19999997199999869130,2800000131470,2800000131470
1410,19999997179999838058,2820000162542,2820000162542
1420,19999997159999703388,2840000297212,2840000297212
1430,19999997139999857124,2860000143476,2860000143476
1440,19999997120000049365,2879999951235,2879999951235
1450,19999997099999958666,2900000041934,2900000041934
1460,19999997079999895164,2920000105436,2920000105436
1470,19999997059999907125,2940000093475,2940000093475
1480,19999997039999907718,2960000092882,2960000092882
1490,19999997019999918851,2980000081749,2980000081749
1500,19999996999999728817,3000000271783,3000000271783
1510,19999996979999811059,3020000189541,3020000189541
1520,19999996959999721375,3040000279225,3040000279225
1530,19999996939999669420,3060000331180,3060000331180
1540,19999996919999834781,3080000165819,3080000165819
1550,19999996899999867181,3100000133419,3100000133419
1560,19999996879999958606,3120000041994,3120000041994
1570,19999996859999876742,3140000123858,3140000123858
1580,19999996840000058747,3159999941853,3159999941853
1590,19999996819999909048,3180000091552,3180000091552
1600,19999996799999988633,3200000011967,3200000011967
1610,19999996779999954938,3220000045662,3220000045662
1620,19999996759999765183,3240000235417,3240000235417
1630,19999996739999924211,3260000076389,3260000076389
1640,19999996719999797083,3280000203517,3280000203517
1650,19999996699999825950,3300000174650,3300000174650
1660,19999996679999577823,3320000422777,3320000422777
1670,19999996659999857238,3340000143362,3340000143362
1680,19999996639999797949,3360000202651,3360000202651
1690,19999996619999850683,3380000149917,3380000149917
1700,19999996599999581186,3400000419414,3400000419414
1710,19999996579999602357,3420000398243,3420000398243
1720,19999996559999566383,3440000434217,3440000434217
1730,19999996539999425203,3460000575397,3460000575397
1740,19999996519999554453,3480000446147,3480000446147
1750,19999996499999405798,3500000594802,3500000594802
1760,19999996479999363559,3520000637041,3520000637041
1770,19999996459999566202,3540000434398,3540000434398
1780,19999996439999511256,3560000489344,3560000489344
1790,19999996419999635619,3580000364981,3580000364981
1800,19999996399999903479,3600000097121,3600000097121
1810,19999996379999779429,3620000221171,3620000221171
1820,19999996359999584985,3640000415615,3640000415615
1830,19999996339999378126,3660000622474,3660000622474
1840,19999996319999526009,3680000474591,3680000474591
1850,19999996299999216788,3700000783812,3700000783812
1860,19999996279999214104,3720000786496,3720000786496
1870,19999996259998866608,3740001133992,3740001133992
1880,19999996239999005846,3760000994754,3760000994754
1890,19999996219999093437,3780000907163,3780000907163
1900,19999996199999097969,3800000902631,3800000902631
1910,19999996179999242474,3820000758126,3820000758126
1920,19999996159999003240,3840000997360,3840000997360
1930,19999996139998914207,3860001086393,3860001086393
1940,19999996119998930420,3880001070180,3880001070180
1950,19999996099998936247,3900001064353,3900001064353
1960,19999996079998877127,3920001123473,3920001123473
1970,19999996059998886377,3940001114223,3940001114223
1980,19999996039999121930,3960000878670,3960000878670
1990,19999996019999254950,3980000745650,3980000745650
2000,19999995999999084362,4000000916238,4000000916238
2010,19999995979999020516,4020000980084,4020000980084
2020,19999995959998913310,4040001087290,4040001087290
2030,19999995939998902588,4060001098012,4060001098012
2040,19999995919998978535,4080001022065,4080001022065
2050,19999995899998866860,4100001133740,4100001133740
2060,19999995879998996873,4120001003727,4120001003727
2070,19999995859999289105,4140000711495,4140000711495
2080,19999995839999327826,4160000672774,4160000672774
2090,19999995819999220558,4180000780042,4180000780042
2100,19999995799999195919,4200000804681,4200000804681
2110,19999995779999096211,4220000904389,4220000904389
2120,19999995759999001233,4240000999367,4240000999367
2130,19999995739998795521,4260001205079,4260001205079
2140,19999995719998745032,4280001255568,4280001255568
2150,19999995699998655661,4300001344939,4300001344939
2160,19999995679998729236,4320001271364,4320001271364
2170,19999995659998546855,4340001453745,4340001453745
2180,19999995639998688765,4360001311835,4360001311835
2190,19999995619998738501,4380001262099,4380001262099
2200,19999995599998832606,4400001167994,4400001167994
2210,19999995579998889067,4420001111533,4420001111533
2220,19999995559998827200,4440001173400,4440001173400
2230,19999995539998849776,4460001150824,4460001150824
2240,19999995519998948220,4480001052380,4480001052380
2250,19999995499999154463,4500000846137,4500000846137
2260,19999995479999240356,4520000760244,4520000760244
2270,19999995459999300763,4540000699837,4540000699837
2280,19999995439999296784,4560000703816,4560000703816
2290,19999995419999298739,4580000701861,4580000701861
2300,19999995399999495253,4600000505347,4600000505347
2310,19999995379999520523,4620000480077,4620000480077
2320,19999995359999802440,4640000198160,4640000198160
2330,19999995339999794375,4660000206225,4660000206225
2340,19999995319999678398,4680000322202,4680000322202
2350,19999995300000048952,4699999951648,4699999951648
2360,19999995279999901933,4720000098667,4720000098667
2370,19999995259999919521,4740000081079,4740000081079
2380,19999995240000090796,4759999909804,4759999909804
2390,19999995220000210515,4779999790085,4779999790085
2400,19999995200000234938,4799999765662,4799999765662
2410,19999995180000400882,4819999599718,4819999599718
2420,19999995160000540771,4839999459829,4839999459829
2430,19999995140000425642,4859999574958,4859999574958
2440,19999995120000315024,4879999685576,4879999685576
2450,19999995100000198488,4899999802112,4899999802112
2460,19999995080000100899,4919999899701,4919999899701
2470,19999995059999925699,4940000074901,4940000074901
2480,19999995039999985076,4960000015524,4960000015524
2490,19999995020000113861,4979999886739,4979999886739
2500,19999995000000069157,4999999931443,4999999931443
2510,19999994980000087307,5019999913293,5019999913293
2520,19999994960000061601,5039999938999,5039999938999
2530,19999994940000067660,5059999932940,5059999932940
2540,19999994920000242182,5079999758418,5079999758418
2550,19999994900000430893,5099999569707,5099999569707
2560,19999994880000235168,5119999765432,5119999765432
2570,19999994860000148744,5139999851856,5139999851856
2580,19999994840000037883,5159999962717,5159999962717
2590,19999994820000257192,5179999743408,5179999743408
2600,19999994800000181715,5199999818885,5199999818885
2610,19999994780000105625,5219999894975,5219999894975
2620,19999994760000204006,5239999796594,5239999796594
2630,19999994740000099616,5259999900984,5259999900984
2640,19999994720000122200,5279999878400,5279999878400
2650,19999994700000115888,5299999884712,5299999884712
2660,19999994680000156615,5319999843985,5319999843985
2670,19999994660000228815,5339999771785,5339999771785
2680,19999994640000150356,5359999850244,5359999850244
2690,19999994620000047888,5379999952712,5379999952712
2700,19999994600000183179,5399999817421,5399999817421
2710,19999994580000346953,5419999653647,5419999653647
2720,19999994560000337129,5439999663471,5439999663471
2730,19999994540000413961,5459999586639,5459999586639
2740,19999994520000423369,5479999577231,5479999577231
2750,19999994500000318907,5499999681693,5499999681693
2760,19999994480000238897,5519999761703,5519999761703
2770,19999994460000436653,5539999563947,5539999563947
2780,19999994440000501053,5559999499547,5559999499547
2790,19999994420000565714,5579999434886,5579999434886
2800,19999994400000669687,5599999330913,5599999330913
2810,19999994380000267650,5619999732950,5619999732950
2820,19999994360000576534,5639999424066,5639999424066
2830,19999994340000523264,5659999477336,5659999477336
2840,19999994320000755530,5679999245070,5679999245070
2850,19999994300000802116,5699999198484,5699999198484
2860,19999994280001098681,5719998901919,5719998901919
2870,19999994260001205406,5739998795194,5739998795194
2880,19999994240001204086,5759998796514,5759998796514
2890,19999994220001401976,5779998598624,5779998598624
2900,19999994200001350457,5799998650143,5799998650143
2910,19999994180001500893,5819998499707,5819998499707
2920,19999994160001263560,5839998737040,5839998737040
2930,19999994140001500463,5859998500137,5859998500137
2940,19999994120001594660,5879998405940,5879998405940
2950,19999994100001253692,5899998746908,5899998746908
2960,19999994080001287746,5919998712854,5919998712854
2970,19999994060001123871,5939998876729,5939998876729
2980,19999994040001382393,5959998618207,5959998618207
2990,19999994020001317830,5979998682770,5979998682770
3000,19999994000001442420,5999998558180,5999998558180
3010,19999993980001446739,6019998553861,6019998553861
3020,19999993960001521814,6039998478786,6039998478786
3030,19999993940001408628,6059998591972,6059998591972
3040,19999993920001647148,6079998353452,6079998353452
3050,19999993900001654057,6099998346543,6099998346543
3060,19999993880001382593,6119998618007,6119998618007
3070,19999993860001602962,6139998397638,6139998397638
3080,19999993840001580378,6159998420222,6159998420222
3090,19999993820001633602,6179998366998,6179998366998
3100,19999993800001586565,6199998414035,6199998414035
3110,19999993780001490291,6219998510309,6219998510309
3120,19999993760001559906,6239998440694,6239998440694
3130,19999993740001857380,6259998143220,6259998143220
3140,19999993720001790891,6279998209709,6279998209709
3150,19999993700001764869,6299998235731,6299998235731
3160,19999993680002029810,6319997970790,6319997970790
3170,19999993660002171772,6339997828828,6339997828828
3180,19999993640002346022,6359997654578,6359997654578
3190,19999993620002508593,6379997492007,6379997492007
3200,19999993600002577581,6399997423019,6399997423019
3210,19999993580002599959,6419997400641,6419997400641
3220,19999993560002586719,6439997413881,6439997413881
3230,19999993540002581058,6459997419542,6459997419542
3240,19999993520002423681,6479997576919,6479997576919
3250,19999993500002151933,6499997848667,6499997848667
3260,19999993480002484409,6519997516191,6519997516191
3270,19999993460002522452,6539997478148,6539997478148
3280,19999993440002525709,6559997474891,6559997474891
3290,19999993420002507066,6579997493534,6579997493534
3300,19999993400002416392,6599997584208,6599997584208
3310,19999993380002417813,6619997582787,6619997582787
3320,19999993360002732584,6639997268016,6639997268016
3330,19999993340002794032,6659997206568,6659997206568
3340,19999993320002626787,6679997373813,6679997373813
3350,19999993300002608396,6699997392204,6699997392204
3360,19999993280002930518,6719997070082,6719997070082
3370,19999993260002995080,6739997005520,6739997005520
3380,19999993240002993541,6759997007059,6759997007059
3390,19999993220003144162,6779996856438,6779996856438
3400,19999993200003043534,6799996957066,6799996957066
3410,19999993180003062242,6819996938358,6819996938358
3420,19999993160002774857,6839997225743,6839997225743
3430,19999993140002800361,6859997200239,6859997200239
3440,19999993120002693613,6879997306987,6879997306987
3450,19999993100002562648,6899997437952,6899997437952
3460,19999993080002427886,6919997572714,6919997572714
3470,19999993060002515333,6939997485267,6939997485267
3480,19999993040002596932,6959997403668,6959997403668
3490,19999993020002571808,6979997428792,6979997428792
3500,19999993000002720932,6999997279668,6999997279668
3510,19999992980002752891,7019997247709,7019997247709
3520,19999992960002932276,7039997068324,7039997068324
3530,19999992940003006589,7059996994011,7059996994011
3540,19999992920002975652,7079997024948,7079997024948
3550,19999992900003348170,7099996652430,7099996652430
3560,19999992880003459791,7119996540809,7119996540809
3570,19999992860003162032,7139996838568,7139996838568
3580,19999992840003281305,7159996719295,7159996719295
3590,19999992820003339737,7179996660863,7179996660863
3600,19999992800003396829,7199996603771,7199996603771
3610,19999992780003327143,7219996673457,7219996673457
3620,19999992760003424992,7239996575608,7239996575608
3630,19999992740003435348,7259996565252,7259996565252
3640,19999992720003481263,7279996519337,7279996519337
3650,19999992700003280226,7299996720374,7299996720374
3660,19999992680003630877,7319996369723,7319996369723
3670,19999992660003686639,7339996313961,7339996313961
3680,19999992640003602546,7359996398054,7359996398054
3690,19999992620003843657,7379996156943,7379996156943
3700,19999992600004029291,7399995971309,7399995971309
3710,19999992580004088357,7419995912243,7419995912243
3720,19999992560004024087,7439995976513,7439995976513
3730,19999992540004168640,7459995831960,7459995831960
3740,19999992520004378986,7479995621614,7479995621614
3750,19999992500004016736,7499995983864,7499995983864
3760,19999992480004222760,7519995777840,7519995777840
3770,19999992460004144804,7539995855796,7539995855796
3780,19999992440004229295,7559995771305,7559995771305
3790,19999992420004408306,7579995592294,7579995592294
3800,19999992400004453556,7599995547044,7599995547044
3810,19999992380004313600,7619995687000,7619995687000
3820,19999992360003965721,7639996034879,7639996034879
3830,19999992340003756480,7659996244120,7659996244120
3840,19999992320003868458,7679996132142,7679996132142
3850,19999992300003906106,7699996094494,7699996094494
3860,19999992280004089481,7719995911119,7719995911119
3870,19999992260003887719,7739996112881,7739996112881
3880,19999992240003851871,7759996148729,7759996148729
3890,19999992220003928809,7779996071791,7779996071791
3900,19999992200003809440,7799996191160,7799996191160
3910,19999992180003594871,7819996405729,7819996405729
3920,19999992160003352986,7839996647614,7839996647614
3930,19999992140003471357,7859996529243,7859996529243
3940,19999992120003655298,7879996345302,7879996345302
3950,19999992100003587700,7899996412900,7899996412900
3960,19999992080003575544,7919996425056,7919996425056
3970,19999992060003778918,7939996221682,7939996221682
3980,19999992040003738651,7959996261949,7959996261949
3990,19999992020003756072,7979996244528,7979996244528
4000,19999992000003843971,7999996156629,7999996156629
4010,19999991980003786950,8019996213650,8019996213650
4020,19999991960003771946,8039996228654,8039996228654
4030,19999991940003826555,8059996174045,8059996174045
4040,19999991920003914676,8079996085924,8079996085924
4050,19999991900003871449,8099996129151,8099996129151
4060,19999991880003961176,8119996039424,8119996039424
4070,19999991860003977350,8139996023250,8139996023250
4080,19999991840003999355,8159996001245,8159996001245
4090,19999991820004216132,8179995784468,8179995784468
4100,19999991800004098319,8199995902281,8199995902281
4110,19999991780004380068,8219995620532,8219995620532
4120,19999991760004249034,8239995751566,8239995751566
4130,19999991740004335125,8259995665475,8259995665475
4140,19999991720004627160,8279995373440,8279995373440
4150,19999991700004668858,8299995331742,8299995331742
4160,19999991680004594197,8319995406403,8319995406403
4170,19999991660004791034,8339995209566,8339995209566
4180,19999991640004844855,8359995155745,8359995155745
4190,19999991620004819147,8379995181453,8379995181453
4200,19999991600004707895,8399995292705,8399995292705
4210,19999991580004789689,8419995210911,8419995210911
4220,19999991560004467468,8439995533132,8439995533132
4230,19999991540004696452,8459995304148,8459995304148
4240,19999991520004630379,8479995370221,8479995370221
4250,19999991500004695023,8499995305577,8499995305577
4260,19999991480004639681,8519995360919,8519995360919
4270,19999991460004803291,8539995197309,8539995197309
4280,19999991440004849951,8559995150649,8559995150649
4290,19999991420004952276,8579995048324,8579995048324
4300,19999991400004885546,8599995115054,8599995115054
4310,19999991380004921680,8619995078920,8619995078920
4320,19999991360004814584,8639995186016,8639995186016
4330,19999991340004879514,8659995121086,8659995121086
4340,19999991320004947631,8679995052969,8679995052969
4350,19999991300004917711,8699995082889,8699995082889
4360,19999991280005006633,8719994993967,8719994993967
4370,19999991260005089429,8739994911171,8739994911171
4380,19999991240005160277,8759994840323,8759994840323
4390,19999991220004940835,8779995059765,8779995059765
4400,19999991200005076695,8799994923905,8799994923905
4410,19999991180005214895,8819994785705,8819994785705
4420,19999991160005183815,8839994816785,8839994816785
4430,19999991140005007136,8859994993464,8859994993464
4440,19999991120005172296,8879994828304,8879994828304
4450,19999991100005193346,8899994807254,8899994807254
4460,19999991080005290708,8919994709892,8919994709892
4470,19999991060005509383,8939994491217,8939994491217
4480,19999991040005507602,8959994492998,8959994492998
4490,19999991020005528545,8979994472055,8979994472055
4500,19999991000005417479,8999994583121,8999994583121
4510,19999990980005198039,9019994802561,9019994802561
4520,19999990960005470390,9039994530210,9039994530210
4530,19999990940005433439,9059994567161,9059994567161
4540,19999990920005211072,9079994789528,9079994789528
4550,19999990900005136896,9099994863704,9099994863704
4560,19999990880005019477,9119994981123,9119994981123
4570,19999990860005126414,9139994874186,9139994874186
4580,19999990840005121085,9159994879515,9159994879515
4590,19999990820005103191,9179994897409,9179994897409
4600,19999990800005307833,9199994692767,9199994692767
4610,19999990780005204272,9219994796328,9219994796328
4620,19999990760005455767,9239994544833,9239994544833
4630,19999990740005211825,9259994788775,9259994788775
4640,19999990720005255835,9279994744765,9279994744765
4650,19999990700005259308,9299994741292,9299994741292
4660,19999990680005194720,9319994805880,9319994805880
4670,19999990660005346079,9339994654521,9339994654521
4680,19999990640005370022,9359994630578,9359994630578
4690,19999990620005492244,9379994508356,9379994508356
4700,19999990600005634942,9399994365658,9399994365658
4710,19999990580005600770,9419994399830,9419994399830
4720,19999990560005435357,9439994565243,9439994565243
4730,19999990540005451432,9459994549168,9459994549168
4740,19999990520005279237,9479994721363,9479994721363
4750,19999990500005378697,9499994621903,9499994621903
4760,19999990480005367535,9519994633065,9519994633065
4770,19999990460005729754,9539994270846,9539994270846
4780,19999990440005852316,9559994148284,9559994148284
4790,19999990420005767182,9579994233418,9579994233418
4800,19999990400005777632,9599994222968,9599994222968
4810,19999990380005775812,9619994224788,9619994224788
4820,19999990360005794136,9639994206464,9639994206464
4830,19999990340005804347,9659994196253,9659994196253
4840,19999990320005504977,9679994495623,9679994495623
4850,19999990300005537010,9699994463590,9699994463590
4860,19999990280005507094,9719994493506,9719994493506
4870,19999990260005576143,9739994424457,9739994424457
4880,19999990240005626336,9759994374264,9759994374264
4890,19999990220005529453,9779994471147,9779994471147
4900,19999990200005408139,9799994592461,9799994592461
4910,19999990180005398314,9819994602286,9819994602286
4920,19999990160005215012,9839994785588,9839994785588
4930,19999990140005044375,9859994956225,9859994956225
4940,19999990120004996395,9879995004205,9879995004205
4950,19999990100004859179,9899995141421,9899995141421
4960,19999990080004807257,9919995193343,9919995193343
4970,19999990060004906468,9939995094132,9939995094132
4980,19999990040004752490,9959995248110,9959995248110
4990,19999990020004648422,9979995352178,9979995352178
5000,19999990000004682918,9999995317682,9999995317682
5010,19999989980004497182,10019995503418,10019995503418
5020,19999989960004600600,10039995400000,10039995400000
5030,19999989940004706827,10059995293773,10059995293773
5040,19999989920004933984,10079995066616,10079995066616
5050,19999989900004603207,10099995397393,10099995397393
5060,19999989880004683719,10119995316881,10119995316881
5070,19999989860004785895,10139995214705,10139995214705
5080,19999989840004586540,10159995414060,10159995414060
5090,19999989820004759971,10179995240629,10179995240629
5100,19999989800004774279,10199995226321,10199995226321
5110,19999989780004586884,10219995413716,10219995413716
5120,19999989760004810386,10239995190214,10239995190214
5130,19999989740004730216,10259995270384,10259995270384
5140,19999989720004405607,10279995594993,10279995594993
5150,19999989700004304168,10299995696432,10299995696432
5160,19999989680004324580,10319995676020,10319995676020
5170,19999989660004191289,10339995809311,10339995809311
5180,19999989640004328503,10359995672097,10359995672097
5190,19999989620004384063,10379995616537,10379995616537
5200,19999989600004306998,10399995693602,10399995693602
5210,19999989580004361940,10419995638660,10419995638660
5220,19999989560004483876,10439995516724,10439995516724
5230,19999989540004471511,10459995529089,10459995529089
5240,19999989520004338343,10479995662257,10479995662257
5250,19999989500004249661,10499995750939,10499995750939
5260,19999989480004226416,10519995774184,10519995774184
5270,19999989460004104241,10539995896359,10539995896359
5280,19999989440003949424,10559996051176,10559996051176
5290,19999989420003951044,10579996049556,10579996049556
5300,19999989400003990000,10599996010600,10599996010600
5310,19999989380004015946,10619995984654,10619995984654
5320,19999989360003979993,10639996020607,10639996020607
5330,19999989340004059392,10659995941208,10659995941208
5340,19999989320003932550,10679996068050,10679996068050
5350,19999989300003970565,10699996030035,10699996030035
5360,19999989280004181088,10719995819512,10719995819512
5370,19999989260004161277,10739995839323,10739995839323
5380,19999989240004527864,10759995472736,10759995472736
5390,19999989220004384557,10779995616043,10779995616043
5400,19999989200004528487,10799995472113,10799995472113
5410,19999989180004449863,10819995550737,10819995550737
5420,19999989160004519172,10839995481428,10839995481428
5430,19999989140004417519,10859995583081,10859995583081
5440,19999989120004288110,10879995712490,10879995712490
5450,19999989100004241175,10899995759425,10899995759425
5460,19999989080004277660,10919995722940,10919995722940
5470,19999989060004184086,10939995816514,10939995816514
5480,19999989040004066222,10959995934378,10959995934378
5490,19999989020004031582,10979995969018,10979995969018
5500,19999989000004004759,10999995995841,10999995995841
5510,19999988980003919894,11019996080706,11019996080706
5520,19999988960003914271,11039996086329,11039996086329
5530,19999988940003923960,11059996076640,11059996076640
5540,19999988920003828385,11079996172215,11079996172215
5550,19999988900003830850,11099996169750,11099996169750
5560,19999988880003960688,11119996039912,11119996039912
5570,19999988860004104791,11139995895809,11139995895809
5580,19999988840004204139,11159995796461,11159995796461
5590,19999988820004295547,11179995705053,11179995705053
5600,19999988800004322537,11199995678063,11199995678063
5610,19999988780004314570,11219995686030,11219995686030
5620,19999988760004409987,11239995590613,11239995590613
5630,19999988740004353610,11259995646990,11259995646990
5640,19999988720004453350,11279995547250,11279995547250
5650,19999988700004523223,11299995477377,11299995477377
5660,19999988680004475088,11319995525512,11319995525512
5670,19999988660004407880,11339995592720,11339995592720
5680,19999988640004137437,11359995863163,11359995863163
5690,19999988620004193251,11379995807349,11379995807349
5700,19999988600004070849,11399995929751,11399995929751
5710,19999988580004061621,11419995938979,11419995938979
5720,19999988560004132133,11439995868467,11439995868467
5730,19999988540004061282,11459995939318,11459995939318
5740,19999988520004205273,11479995795327,11479995795327
5750,19999988500004277853,11499995722747,11499995722747
5760,19999988480004142794,11519995857806,11519995857806
5770,19999988460004130997,11539995869603,11539995869603
5780,19999988440004143562,11559995857038,11559995857038
5790,19999988420004328883,11579995671717,11579995671717
5800,19999988400004259463,11599995741137,11599995741137
5810,19999988380004132961,11619995867639,11619995867639
5820,19999988360004333921,11639995666679,11639995666679
5830,19999988340004365569,11659995635031,11659995635031
5840,19999988320004448887,11679995551713,11679995551713
5850,19999988300004496589,11699995504011,11699995504011
5860,19999988280004807175,11719995193425,11719995193425
5870,19999988260004952374,11739995048226,11739995048226
5880,19999988240005050062,11759994950538,11759994950538
5890,19999988220004972104,11779995028496,11779995028496
5900,19999988200004779057,11799995221543,11799995221543
5910,19999988180004597610,11819995402990,11819995402990
5920,19999988160004472740,11839995527860,11839995527860
5930,19999988140004427229,11859995573371,11859995573371
5940,19999988120004417339,11879995583261,11879995583261
5950,19999988100004266457,11899995734143,11899995734143
5960,19999988080004408587,11919995592013,11919995592013
5970,19999988060004436853,11939995563747,11939995563747
5980,19999988040004795119,11959995205481,11959995205481
5990,19999988020004711299,11979995289301,11979995289301
6000,19999988000004736181,11999995264419,11999995264419
6010,19999987980004835812,12019995164788,12019995164788
6020,19999987960004630005,12039995370595,12039995370595
6030,19999987940004708890,12059995291710,12059995291710
6040,19999987920004632004,12079995368596,12079995368596
6050,19999987900004751869,12099995248731,12099995248731
6060,19999987880004449713,12119995550887,12119995550887
6070,19999987860004289194,12139995711406,12139995711406
6080,19999987840004390180,12159995610420,12159995610420
6090,19999987820004239730,12179995760870,12179995760870
6100,19999987800004271647,12199995728953,12199995728953
6110,19999987780004439627,12219995560973,12219995560973
6120,19999987760004533089,12239995467511,12239995467511
6130,19999987740004454284,12259995546316,12259995546316
6140,19999987720004394711,12279995605889,12279995605889
6150,19999987700004381975,12299995618625,12299995618625
6160,19999987680004429646,12319995570954,12319995570954
6170,19999987660004177335,12339995823265,12339995823265
6180,19999987640004107679,12359995892921,12359995892921
6190,19999987620003859285,12379996141315,12379996141315
6200,19999987600003761289,12399996239311,12399996239311
6210,19999987580003632842,12419996367758,12419996367758
6220,19999987560003487912,12439996512688,12439996512688
6230,19999987540003485527,12459996515073,12459996515073
6240,19999987520003472273,12479996528327,12479996528327
6250,19999987500003478751,12499996521849,12499996521849
6260,19999987480003321301,12519996679299,12519996679299
6270,19999987460003308451,12539996692149,12539996692149
6280,19999987440003353514,12559996647086,12559996647086
6290,19999987420003356814,12579996643786,12579996643786
6300,19999987400002972448,12599997028152,12599997028152
6310,19999987380002958282,12619997042318,12619997042318
6320,19999987360002863903,12639997136697,12639997136697
6330,19999987340002798784,12659997201816,12659997201816
6340,19999987320002946207,12679997054393,12679997054393
6350,19999987300002887341,12699997113259,12699997113259
6360,19999987280002823494,12719997177106,12719997177106
6370,19999987260002907651,12739997092949,12739997092949
6380,19999987240002853072,12759997147528,12759997147528
6390,19999987220002952873,12779997047727,12779997047727
6400,19999987200003123627,12799996876973,12799996876973
6410,19999987180003118927,12819996881673,12819996881673
6420,19999987160002980432,12839997020168,12839997020168
6430,19999987140003097708,12859996902892,12859996902892
6440,19999987120002877288,12879997123312,12879997123312
6450,19999987100002692027,12899997308573,12899997308573
6460,19999987080002745830,12919997254770,12919997254770
6470,19999987060002716136,12939997284464,12939997284464
6480,19999987040002780690,12959997219910,12959997219910
6490,19999987020002813019,12979997187581,12979997187581
6500,19999987000002865247,12999997135353,12999997135353
6510,19999986980003065133,13019996935467,13019996935467
6520,19999986960003089832,13039996910768,13039996910768
6530,19999986940003027852,13059996972748,13059996972748
6540,19999986920003198602,13079996801998,13079996801998
6550,19999986900003144762,13099996855838,13099996855838
6560,19999986880003329566,13119996671034,13119996671034
6570,19999986860003363302,13139996637298,13139996637298
6580,19999986840003443271,13159996557329,13159996557329
6590,19999986820003414992,13179996585608,13179996585608
6600,19999986800003382134,13199996618466,13199996618466
6610,19999986780003459020,13219996541580,13219996541580
6620,19999986760003617641,13239996382959,13239996382959
6630,19999986740003737208,13259996263392,13259996263392
6640,19999986720003657454,13279996343146,13279996343146
6650,19999986700003461044,13299996539556,13299996539556
6660,19999986680003732409,13319996268191,13319996268191
6670,19999986660003895912,13339996104688,13339996104688
6680,19999986640004105637,13359995894963,13359995894963
6690,19999986620003862432,13379996138168,13379996138168
6700,19999986600004165604,13399995834996,13399995834996
6710,19999986580004400787,13419995599813,13419995599813
6720,19999986560004531459,13439995469141,13439995469141
6730,19999986540004406576,13459995594024,13459995594024
6740,19999986520004372297,13479995628303,13479995628303
6750,19999986500004397996,13499995602604,13499995602604
6760,19999986480004523690,13519995476910,13519995476910
6770,19999986460004509683,13539995490917,13539995490917
6780,19999986440004501807,13559995498793,13559995498793
6790,19999986420004534514,13579995466086,13579995466086
6800,19999986400004749913,13599995250687,13599995250687
6810,19999986380004557800,13619995442800,13619995442800
6820,19999986360004616151,13639995384449,13639995384449
6830,19999986340004674908,13659995325692,13659995325692
6840,19999986320004560680,13679995439920,13679995439920
6850,19999986300004570776,13699995429824,13699995429824
6860,19999986280004709466,13719995291134,13719995291134
6870,19999986260004614850,13739995385750,13739995385750
6880,19999986240004533374,13759995467226,13759995467226
6890,19999986220004308209,13779995692391,13779995692391
6900,19999986200004206757,13799995793843,13799995793843
6910,19999986180004323275,13819995677325,13819995677325
6920,19999986160004202551,13839995798049,13839995798049
6930,19999986140004113526,13859995887074,13859995887074
6940,19999986120004160341,13879995840259,13879995840259
6950,19999986100004160152,13899995840448,13899995840448
6960,19999986080004119576,13919995881024,13919995881024
6970,19999986060004149197,13939995851403,13939995851403
6980,19999986040004066692,13959995933908,13959995933908
6990,19999986020004340536,13979995660064,13979995660064
7000,19999986000004122466,13999995878134,13999995878134
7010,19999985980003977350,14019996023250,14019996023250
7020,19999985960003891196,14039996109404,14039996109404
7030,19999985940004087349,14059995913251,14059995913251
7040,19999985920004042295,14079995958305,14079995958305
7050,19999985900004454586,14099995546014,14099995546014
7060,19999985880004661731,14119995338869,14119995338869
7070,19999985860004638125,14139995362475,14139995362475
7080,19999985840004585452,14159995415148,14159995415148
7090,19999985820004613036,14179995387564,14179995387564
7100,19999985800004800492,14199995200108,14199995200108
7110,19999985780004816753,14219995183847,14219995183847
7120,19999985760004661625,14239995338975,14239995338975
7130,19999985740004532708,14259995467892,14259995467892
7140,19999985720004505231,14279995495369,14279995495369
7150,19999985700004420893,14299995579707,14299995579707
7160,19999985680004653431,14319995347169,14319995347169
7170,19999985660004565834,14339995434766,14339995434766
7180,19999985640004586252,14359995414348,14359995414348
7190,19999985620004616367,14379995384233,14379995384233
7200,19999985600004588081,14399995412519,14399995412519
7210,19999985580004565362,14419995435238,14419995435238
7220,19999985560004390187,14439995610413,14439995610413
7230,19999985540004474317,14459995526283,14459995526283
7240,19999985520004174587,14479995826013,14479995826013
7250,19999985500004258902,14499995741698,14499995741698
7260,19999985480004152336,14519995848264,14519995848264
7270,19999985460004236244,14539995764356,14539995764356
7280,19999985440004389963,14559995610637,14559995610637
7290,19999985420004544520,14579995456080,14579995456080
7300,19999985400004545371,14599995455229,14599995455229
7310,19999985380004478469,14619995522131,14619995522131
7320,19999985360004439489,14639995561111,14639995561111
7330,19999985340004595478,14659995405122,14659995405122
7340,19999985320004903140,14679995097460,14679995097460
7350,19999985300004839334,14699995161266,14699995161266
7360,19999985280004841872,14719995158728,14719995158728
7370,19999985260004654775,14739995345825,14739995345825
7380,19999985240004591235,14759995409365,14759995409365
7390,19999985220004673281,14779995327319,14779995327319
7400,19999985200004533507,14799995467093,14799995467093
7410,19999985180004601081,14819995399519,14819995399519
7420,19999985160004573631,14839995426969,14839995426969
7430,19999985140004514832,14859995485768,14859995485768
7440,19999985120004461968,14879995538632,14879995538632
7450,19999985100004539909,14899995460691,14899995460691
7460,19999985080004520012,14919995480588,14919995480588
7470,19999985060004417780,14939995582820,14939995582820
7480,19999985040004529179,14959995471421,14959995471421
7490,19999985020004553838,14979995446762,14979995446762
7500,19999985000004634058,14999995366542,14999995366542
7510,19999984980004511111,15019995489489,15019995489489
7520,19999984960004528734,15039995471866,15039995471866
7530,19999984940004776397,15059995224203,15059995224203
7540,19999984920004803767,15079995196833,15079995196833
7550,19999984900004792004,15099995208596,15099995208596
7560,19999984880004644082,15119995356518,15119995356518
7570,19999984860004525896,15139995474704,15139995474704
7580,19999984840004716898,15159995283702,15159995283702
7590,19999984820004737542,15179995263058,15179995263058
7600,19999984800004859365,15199995141235,15199995141235
7610,19999984780004714670,15219995285930,15219995285930
7620,19999984760004447626,15239995552974,15239995552974
7630,19999984740004406704,15259995593896,15259995593896
7640,19999984720004550360,15279995450240,15279995450240
7650,19999984700004451824,15299995548776,15299995548776
7660,19999984680004870539,15319995130061,15319995130061
7670,19999984660004886014,15339995114586,15339995114586
7680,19999984640004979524,15359995021076,15359995021076
7690,19999984620004958428,15379995042172,15379995042172
7700,19999984600005120926,15399994879674,15399994879674
7710,19999984580005003996,15419994996604,15419994996604
7720,19999984560004921967,15439995078633,15439995078633
7730,19999984540005015805,15459994984795,15459994984795
7740,19999984520004777559,15479995223041,15479995223041
7750,19999984500004635420,15499995365180,15499995365180
7760,19999984480004702061,15519995298539,15519995298539
7770,19999984460004412923,15539995587677,15539995587677
7780,19999984440004453004,15559995547596,15559995547596
7790,19999984420004478187,15579995522413,15579995522413
7800,19999984400004794221,15599995206379,15599995206379
7810,19999984380004651857,15619995348743,15619995348743
7820,19999984360004854656,15639995145944,15639995145944
7830,19999984340004818054,15659995182546,15659995182546
7840,19999984320004717098,15679995283502,15679995283502
7850,19999984300004719617,15699995280983,15699995280983
7860,19999984280004523122,15719995477478,15719995477478
7870,19999984260004592625,15739995407975,15739995407975
7880,19999984240004641353,15759995359247,15759995359247
7890,19999984220004588074,15779995412526,15779995412526
7900,19999984200004798533,15799995202067,15799995202067
7910,19999984180004837316,15819995163284,15819995163284
7920,19999984160004833945,15839995166655,15839995166655
7930,19999984140004789682,15859995210918,15859995210918
7940,19999984120004935356,15879995065244,15879995065244
7950,19999984100005071215,15899994929385,15899994929385
7960,19999984080005004089,15919994996511,15919994996511
7970,19999984060004880224,15939995120376,15939995120376
7980,19999984040005074974,15959994925626,15959994925626
7990,19999984020004883910,15979995116690,15979995116690
8000,19999984000004972803,15999995027797,15999995027797
8010,19999983980004666245,16019995334355,16019995334355
8020,19999983960004575083,16039995425517,16039995425517
8030,19999983940004438677,16059995561923,16059995561923
8040,19999983920004605506,16079995395094,16079995395094
8050,19999983900004597085,16099995403515,16099995403515
8060,19999983880004808563,16119995192037,16119995192037
8070,19999983860004917364,16139995083236,16139995083236
8080,19999983840004876307,16159995124293,16159995124293
8090,19999983820004919176,16179995081424,16179995081424
8100,19999983800004768113,16199995232487,16199995232487
8110,19999983780004598022,16219995402578,16219995402578
8120,19999983760004825838,16239995174762,16239995174762
8130,19999983740004894211,16259995106389,16259995106389
8140,19999983720004811882,16279995188718,16279995188718
8150,19999983700004752951,16299995247649,16299995247649
8160,19999983680004872128,16319995128472,16319995128472
8170,19999983660004848879,16339995151721,16339995151721
8180,19999983640004884838,16359995115762,16359995115762
8190,19999983620004930548,16379995070052,16379995070052
8200,19999983600005108257,16399994892343,16399994892343
8210,19999983580004925069,16419995075531,16419995075531
8220,19999983560004941933,16439995058667,16439995058667
8230,19999983540005006109,16459994994491,16459994994491
8240,19999983520004810523,16479995190077,16479995190077
8250,19999983500005023578,16499994977022,16499994977022
8260,19999983480005204487,16519994796113,16519994796113
8270,19999983460005193322,16539994807278,16539994807278
8280,19999983440005054759,16559994945841,16559994945841
8290,19999983420004925759,16579995074841,16579995074841
8300,19999983400004678212,16599995322388,16599995322388
8310,19999983380004606056,16619995394544,16619995394544
8320,19999983360004747891,16639995252709,16639995252709
8330,19999983340004675371,16659995325229,16659995325229
8340,19999983320004776654,16679995223946,16679995223946
8350,19999983300004935416,16699995065184,16699995065184
8360,19999983280004914100,16719995086500,16719995086500
8370,19999983260004771982,16739995228618,16739995228618
8380,19999983240004865801,16759995134799,16759995134799
8390,19999983220004726471,16779995274129,16779995274129
8400,19999983200004666658,16799995333942,16799995333942
8410,19999983180004660703,16819995339897,16819995339897
8420,19999983160004826510,16839995174090,16839995174090
8430,19999983140005041351,16859994959249,16859994959249
8440,19999983120005007779,16879994992821,16879994992821
8450,19999983100005043934,16899994956666,16899994956666
8460,19999983080005081242,16919994919358,16919994919358
8470,19999983060005154525,16939994846075,16939994846075
8480,19999983040005201610,16959994798990,16959994798990
8490,19999983020005273622,16979994726978,16979994726978
8500,19999983000005126877,16999994873723,16999994873723
8510,19999982980005038697,17019994961903,17019994961903
8520,19999982960004935952,17039995064648,17039995064648
8530,19999982940004875381,17059995125219,17059995125219
8540,19999982920004829277,17079995171323,17079995171323
8550,19999982900004766866,17099995233734,17099995233734
8560,19999982880004638239,17119995362361,17119995362361
8570,19999982860004677723,17139995322877,17139995322877
8580,19999982840004499414,17159995501186,17159995501186
8590,19999982820004326133,17179995674467,17179995674467
8600,19999982800004457851,17199995542749,17199995542749
8610,19999982780004556065,17219995444535,17219995444535
8620,19999982760004455678,17239995544922,17239995544922
8630,19999982740004545207,17259995455393,17259995455393
8640,19999982720004711236,17279995289364,17279995289364
8650,19999982700004896455,17299995104145,17299995104145
8660,19999982680004650422,17319995350178,17319995350178
8670,19999982660004756470,17339995244130,17339995244130
8680,19999982640004666050,17359995334550,17359995334550
8690,19999982620004600719,17379995399881,17379995399881
8700,19999982600004927813,17399995072787,17399995072787
8710,19999982580004809019,17419995191581,17419995191581
8720,19999982560004850910,17439995149690,17439995149690
8730,19999982540004743833,17459995256767,17459995256767
8740,19999982520004639158,17479995361442,17479995361442
8750,19999982500004729301,17499995271299,17499995271299
8760,19999982480004387671,17519995612929,17519995612929
8770,19999982460004380884,17539995619716,17539995619716
8780,19999982440004383024,17559995617576,17559995617576
8790,19999982420004336080,17579995664520,17579995664520
8800,19999982400004309629,17599995690971,17599995690971
8810,19999982380004351262,17619995649338,17619995649338
8820,19999982360004261436,17639995739164,17639995739164
8830,19999982340004319237,17659995681363,17659995681363
8840,19999982320004289518,17679995711082,17679995711082
8850,19999982300004602160,17699995398440,17699995398440
8860,19999982280004531708,17719995468892,17719995468892
8870,19999982260004510911,17739995489689,17739995489689
8880,19999982240004724865,17759995275735,17759995275735
8890,19999982220004986829,17779995013771,17779995013771
8900,19999982200005120324,17799994880276,17799994880276
8910,19999982180004861999,17819995138601,17819995138601
8920,19999982160004971184,17839995029416,17839995029416
8930,19999982140004965281,17859995035319,17859995035319
8940,19999982120004853412,17879995147188,17879995147188
8950,19999982100004613117,17899995387483,17899995387483
8960,19999982080004858548,17919995142052,17919995142052
8970,19999982060005008613,17939994991987,17939994991987
8980,19999982040005088505,17959994912095,17959994912095
8990,19999982020005364082,17979994636518,17979994636518
9000,19999982000005507791,17999994492809,17999994492809
9010,19999981980005612308,18019994388292,18019994388292
9020,19999981960005604904,18039994395696,18039994395696
9030,19999981940005770744,18059994229856,18059994229856
9040,19999981920005673227,18079994327373,18079994327373
9050,19999981900005604497,18099994396103,18099994396103
9060,19999981880005785599,18119994215001,18119994215001
9070,19999981860005924696,18139994075904,18139994075904
9080,19999981840005905557,18159994095043,18159994095043
9090,19999981820005836679,18179994163921,18179994163921
9100,19999981800005851475,18199994149125,18199994149125
9110,19999981780005683293,18219994317307,18219994317307
9120,19999981760005738772,18239994261828,18239994261828
9130,19999981740005672022,18259994328578,18259994328578
9140,19999981720005780219,18279994220381,18279994220381
9150,19999981700005958167,18299994042433,18299994042433
9160,19999981680006114599,18319993886001,18319993886001
9170,19999981660006059206,18339993941394,18339993941394
9180,19999981640006039886,18359993960714,18359993960714
9190,19999981620006060288,18379993940312,18379993940312
9200,19999981600006159793,18399993840807,18399993840807
9210,19999981580006243127,18419993757473,18419993757473
9220,19999981560006097577,18439993903023,18439993903023
9230,19999981540006170909,18459993829691,18459993829691
9240,19999981520006308130,18479993692470,18479993692470
9250,19999981500006248248,18499993752352,18499993752352
9260,19999981480006047114,18519993953486,18519993953486
9270,19999981460006128790,18539993871810,18539993871810
9280,19999981440006099325,18559993901275,18559993901275
9290,19999981420006126362,18579993874238,18579993874238
9300,19999981400006380052,18599993620548,18599993620548
9310,19999981380006257715,18619993742885,18619993742885
9320,19999981360006185113,18639993815487,18639993815487
9330,19999981340006215113,18659993785487,18659993785487
9340,19999981320006022016,18679993978584,18679993978584
9350,19999981300006027052,18699993973548,18699993973548
9360,19999981280006149045,18719993851555,18719993851555
9370,19999981260006062214,18739993938386,18739993938386
9380,19999981240006096869,18759993903731,18759993903731
9390,19999981220006244926,18779993755674,18779993755674
9400,19999981200006314967,18799993685633,18799993685633
9410,19999981180006330527,18819993670073,18819993670073
9420,19999981160006062239,18839993938361,18839993938361
9430,19999981140006028906,18859993971694,18859993971694
9440,19999981120006045306,18879993955294,18879993955294
9450,19999981100005908865,18899994091735,18899994091735
9460,19999981080005911744,18919994088856,18919994088856
9470,19999981060006029772,18939993970828,18939993970828
9480,19999981040006206383,18959993794217,18959993794217
9490,19999981020006005016,18979993995584,18979993995584
9500,19999981000006210199,18999993790401,18999993790401
9510,19999980980006025361,19019993975239,19019993975239
9520,19999980960006230062,19039993770538,19039993770538
9530,19999980940006150997,19059993849603,19059993849603
9540,19999980920006106034,19079993894566,19079993894566
9550,19999980900006195666,19099993804934,19099993804934
9560,19999980880006221443,19119993779157,19119993779157
9570,19999980860006270424,19139993730176,19139993730176
9580,19999980840006500025,19159993500575,19159993500575
9590,19999980820006555413,19179993445187,19179993445187
9600,19999980800006831211,19199993169389,19199993169389
9610,19999980780006806368,19219993194232,19219993194232
9620,19999980760006934815,19239993065785,19239993065785
9630,19999980740006947539,19259993053061,19259993053061
9640,19999980720007010319,19279992990281,19279992990281
9650,19999980700006866584,19299993134016,19299993134016
9660,19999980680006937927,19319993062673,19319993062673
9670,19999980660006922174,19339993078426,19339993078426
9680,19999980640006813021,19359993187579,19359993187579
9690,19999980620006817378,19379993183222,19379993183222
9700,19999980600006699981,19399993300619,19399993300619
9710,19999980580006872950,19419993127650,19419993127650
9720,19999980560007211239,19439992789361,19439992789361
9730,19999980540007035032,19459992965568,19459992965568
9740,19999980520006912625,19479993087975,19479993087975
9750,19999980500006918567,19499993082033,19499993082033
9760,19999980480007027414,19519992973186,19519992973186
9770,19999980460007175165,19539992825435,19539992825435
9780,19999980440007407126,19559992593474,19559992593474
9790,19999980420007473115,19579992527485,19579992527485
9800,19999980400007264642,19599992735958,19599992735958
9810,19999980380007291323,19619992709277,19619992709277
9820,19999980360007315121,19639992685479,19639992685479
9830,19999980340007561486,19659992439114,19659992439114
9840,19999980320007605526,19679992395074,19679992395074
9850,19999980300007857857,19699992142743,19699992142743
9860,19999980280007936446,19719992064154,19719992064154
9870,19999980260008060726,19739991939874,19739991939874
9880,19999980240008011033,19759991989567,19759991989567
9890,19999980220008336142,19779991664458,19779991664458
9900,19999980200008652852,19799991347748,19799991347748
9910,19999980180008597370,19819991403230,19819991403230
9920,19999980160008644524,19839991356076,19839991356076
9930,19999980140008767634,19859991232966,19859991232966
9940,19999980120008577238,19879991423362,19879991423362
9950,19999980100008488201,19899991512399,19899991512399
9960,19999980080008376633,19919991623967,19919991623967
9970,19999980060008302511,19939991698089,19939991698089
9980,19999980040008269908,19959991730692,19959991730692
9990,19999980020008013601,19979991986999,19979991986999
10000,19999980000008388032,19999991612568,19999991612568
