time_msec,min,max,mean,std,geom_mean,std_log,geoSD
0,1000.0,1000.0,1000.0,0.0,1000.0,0.0,1.0
1000,99695.0,101552.0,100549.9,643.9070049583889,100547.90835370838,0.0027797421032699195,1.0064211202958282
2000,495478.0,566396.0,525525.2666666667,19594.884370994478,525173.692453232,0.01614435938574805,1.0378733473488482
3000,320504.0,389220.0,354441.0,17051.17276379222,354045.1172832624,0.020881607179304724,1.0492563523647205
4000,296534.0,362142.0,331341.6,18556.56624672155,330832.83939176414,0.024572619946885848,1.058211848623388
5000,283803.0,374216.0,328405.5,26117.502635470206,327398.8676279315,0.03465661509324928,1.0830702210382253
6000,305165.0,377249.0,343874.56666666665,19796.817949955446,343321.50265801337,0.025098718563838898,1.0594945292775375
7000,321912.0,397289.0,361004.56666666665,20055.162893076085,360465.2824595119,0.024170212561829465,1.0572317877240398
8000,324823.0,392099.0,362704.5,20534.94377170039,362136.87166283466,0.024792084742362313,1.0587467366917738
9000,332433.0,409739.0,373225.0,21454.00005625508,372628.40302845475,0.025001266302163715,1.0592568137204215
10000,349721.0,425136.0,380678.73333333334,18251.84799511495,380259.15704162867,0.020709714349367133,1.0488411411129563
11000,344162.0,421538.0,379897.93333333335,21549.151048056487,379312.24337566184,0.024493252475546068,1.058018477700772
12000,361830.0,416311.0,384297.0333333333,15001.24747107739,384017.8348151582,0.01678585951175623,1.0394075318238774
13000,358566.0,419394.0,388463.86666666664,17143.194531365203,388097.73745612794,0.019192725143101334,1.0451839334597175
14000,371506.0,419709.0,389208.8333333333,13418.906713479211,388987.54986658035,0.014860279917922553,1.0348091970193676
15000,343128.0,430202.0,389247.6,20909.70544590437,388698.178211041,0.02355720833218349,1.055740563649774
16000,352407.0,431768.0,387062.7,22060.993483037448,386465.13189731864,0.024457411995187948,1.0579311675289695
17000,350721.0,428126.0,391882.86666666664,22172.93558828643,391268.28675828996,0.02483909932875567,1.0588613576146133
18000,355914.0,422509.0,390853.9,19487.498746720885,390377.56194996746,0.021896476512073652,1.051711145830473
19000,348815.0,422988.0,388783.3333333333,21543.840493175827,388201.20559478045,0.02424183300831078,1.0574061524919476
20000,349624.0,426444.0,379292.86666666664,16622.567859914765,378944.9928633927,0.01887299353103489,1.0444147425640002
21000,345065.0,417913.0,380790.0333333333,19304.091543224597,380315.97688859317,0.02206661997624546,1.0521232552209627
22000,344546.0,414132.0,377109.93333333335,19302.18490747353,376632.50667153293,0.02223917757152035,1.0525413768851004
23000,337716.0,429428.0,381431.4666666667,20732.99460169763,380889.15228836465,0.02354909682792678,1.0557208453147273
24000,343296.0,419939.0,377337.6,21683.5247462374,376741.64805852744,0.024779627666444405,1.0587163685893073
25000,340580.0,419354.0,380280.1666666667,20372.547409118517,379751.0726721497,0.023335939145541062,1.055202810198212
26000,330374.0,412788.0,370366.86666666664,16022.639693266208,370032.09580163856,0.018790297183042155,1.0442158888688686
27000,333718.0,416585.0,374665.9666666667,19505.1710181461,374168.8035660326,0.02284606711941369,1.054013241973746
28000,330015.0,401409.0,369619.4,19964.259081219843,369092.0211756559,0.023681813488182022,1.0560435138293978
29000,342252.0,411447.0,377704.73333333334,18790.308868528817,377252.1008931266,0.021647452348054264,1.0511082682276687
30000,345981.0,416187.0,371163.8,15804.131590755977,370845.08313467994,0.018222926197693123,1.042852595086473
31000,341253.0,415480.0,376277.36666666664,19794.655500365774,375776.4858133531,0.02277944406746135,1.0538515632142855
32000,335132.0,402482.0,367871.8333333333,15082.369918238139,367572.205187413,0.01784846477669808,1.041953804575562
33000,347486.0,409568.0,374739.73333333334,15659.634597254824,374426.3844667021,0.018029652443979013,1.042388598417151
34000,336294.0,409039.0,372572.0,19292.83770622198,372091.56633776514,0.02241787256378567,1.052974545117448
35000,339450.0,406813.0,372353.3333333333,19945.71024026233,371836.11197866825,0.02330568842657256,1.0551293127597041
36000,328279.0,403418.0,366533.36666666664,19129.517236159038,366046.5371028229,0.022831759769432993,1.0539785192485696
37000,344058.0,410588.0,378073.76666666666,17918.655644776816,377661.59349852026,0.020658463195118312,1.0487173745220997
38000,332589.0,419640.0,368556.5,20106.809997078617,368033.3379294482,0.023475607931673675,1.0555422172198972
39000,342775.0,391959.0,370955.26666666666,14286.54268867742,370686.8621081824,0.016847685539616818,1.0395555120909692
40000,321231.0,403789.0,369130.1666666667,17818.89264736058,368706.68629571627,0.02127341071881115,1.050203377634152
41000,332262.0,400706.0,365077.3333333333,20525.47086667808,364524.32172412577,0.02427656605149973,1.0574907227634225
42000,321128.0,408193.0,368958.6,19231.102849290783,368463.639453919,0.023020834836058417,1.0544374807435775
43000,338222.0,401279.0,372052.8333333333,18504.273219585186,371606.449825302,0.021668748785254526,1.0511598125392092
44000,338701.0,400166.0,372685.0333333333,16202.24955961221,372343.58033980033,0.018931960935670285,1.0445565601797244
45000,343641.0,401581.0,375506.3333333333,15670.219474143176,375187.574219029,0.018247084834271884,1.0429106077913248
46000,339661.0,403496.0,373936.36666666664,17800.98955111346,373524.9052974757,0.020757280296896885,1.0489560213541476
47000,345525.0,410992.0,382529.93333333335,16566.70121562576,382182.6056541147,0.018839695225229817,1.044334668075963
48000,359238.0,420746.0,392863.43333333335,15806.822240965175,392554.09444200416,0.017563865853227004,1.041271222130428
49000,382340.0,457148.0,423921.93333333335,18694.515426452886,423518.35556936794,0.019345516279516133,1.0455517091105573
50000,428936.0,499555.0,468958.26666666666,18574.78411241941,468602.61062107055,0.017210115146458455,1.0404234092556404
51000,492630.0,557771.0,528372.8333333334,15116.959261574133,528162.6481995952,0.012478931220466677,1.0291505991526482
52000,536984.0,613325.0,569608.4666666667,20451.00262736201,569256.484848474,0.015501247703849495,1.0363375817668976
53000,550840.0,622996.0,589557.7,16436.23832530445,589335.4038886413,0.012143894532459563,1.0283569665889012
54000,557703.0,628813.0,598622.5333333333,18251.11648116891,598350.7930368232,0.013347181639174052,1.0312101561666083
55000,566852.0,627267.0,599338.2666666667,16135.288266519385,599127.2075642054,0.011740105443931982,1.0274012870600728
56000,563039.0,627919.0,595906.4666666667,15748.057265478226,595706.411021721,0.011432455044405548,1.0266737427284296
57000,556573.0,623095.0,597825.9,16622.257320771176,597598.4212274645,0.01224328109474088,1.0285923289143433
58000,552036.0,625602.0,593408.7333333333,16509.370054051404,593185.1833761114,0.012148548370592364,1.0283679863754902
59000,565880.0,619034.0,587668.4,15112.8891794959,587481.3877521682,0.01113278570628818,1.0259655676712198
60000,546942.0,608094.0,585306.4666666667,16873.299870900573,585068.013053256,0.012655866542757048,1.0295699694157363
61000,554488.0,613248.0,582193.0333333333,17349.231006476686,581943.5671918908,0.012928058614037204,1.0302154499188176
62000,551753.0,611480.0,586538.7,15171.73697725137,586347.4646800752,0.011304604807602515,1.02637154878431
63000,542888.0,619136.0,585087.3666666667,18722.18356606967,584796.3448065252,0.013952943895290818,1.0326495114174201
64000,556246.0,624236.0,590621.5333333333,17642.76405300159,590367.9034069735,0.012934044429360067,1.030229649320791
65000,536344.0,608172.0,579301.0333333333,18544.32627885903,579012.5294051251,0.013963327858212374,1.0326742023192816
66000,537634.0,611258.0,576535.0666666667,17775.556734931866,576268.8428950158,0.013443805372259443,1.0314396098298724
67000,543518.0,604357.0,573452.6666666666,15431.594114657766,573252.0929432855,0.01168300159639094,1.0272662065743379
68000,539212.0,609454.0,575012.9333333333,17565.509321381498,574753.6855543031,0.013265747441572242,1.03101681293407
69000,548105.0,602129.0,573570.6333333333,13817.046579181253,573410.4576836055,0.010429322206060238,1.024305069663867
70000,524381.0,595076.0,569804.0333333333,19358.088302386383,569482.2753091637,0.014893596176599574,1.0348885839209891
71000,528051.0,608833.0,569496.8333333334,19368.276896429932,569177.7283836611,0.014800309805285055,1.0346663139245251
72000,538437.0,594989.0,564921.4,14484.25387744246,564742.1570680491,0.011125290506335468,1.0259478613658477
73000,531332.0,599276.0,563612.3,17031.61110315068,563363.7526892199,0.01311860478746725,1.0306675548620208
74000,531385.0,590432.0,562298.8666666667,13547.559275619973,562140.1425643396,0.010513124083086096,1.0245027396167499
75000,535696.0,596107.0,566923.1666666666,17622.81933505794,566658.2025393661,0.013510076951747083,1.0315970153474683
76000,530363.0,588039.0,557446.7333333333,14910.874305255425,557255.4914085094,0.011549447007364407,1.0269503494115415
77000,524662.0,588234.0,557037.9333333333,17018.36188464629,556786.5459671981,0.013274604706499932,1.0310378403303642
78000,529650.0,591417.0,559475.1666666666,18214.907684003825,559187.8965137408,0.014166206635111407,1.0331567242732895
79000,517967.0,587451.0,554028.3,18552.59262140637,553726.9978299264,0.014584111876200729,1.0341513705986856
80000,518762.0,573725.0,547355.4666666667,15066.670521462229,547154.3282271788,0.011987220064932913,1.0279860472511289
81000,503236.0,578174.0,547107.2333333333,16263.60770021328,546871.4528908245,0.013000939953922578,1.030388350533326
82000,515159.0,573108.0,542534.3666666667,16850.93134330508,542281.1888772309,0.013500399013922661,1.03157402721165
83000,513688.0,571541.0,539485.9666666667,15542.17346777145,539269.3611279912,0.01252228814189946,1.029253347474162
84000,506610.0,574793.0,536775.0,19251.59514035852,536443.2027374002,0.015513022854914564,1.0363656806664274
85000,504430.0,575855.0,535247.6666666666,17070.691031673283,534984.9863362144,0.013836572223679004,1.0323728441881397
86000,499191.0,569654.0,538364.4,17059.819907688317,538101.8671638272,0.013814768445881321,1.0323210151550808
87000,497142.0,571120.0,533982.3666666667,21875.731715814647,533546.9766457519,0.01786736669176848,1.0419991547969947
88000,488687.0,560265.0,527596.2666666667,15797.841364835444,527366.8607972934,0.013040561731979854,1.0304823597427832
89000,496254.0,553628.0,523438.6666666667,15660.642555922403,523212.40088676655,0.01298782535767051,1.0303572358778699
90000,486842.0,556198.0,519658.9666666667,17529.978365120965,519374.94983654236,0.014585194690097777,1.0341539490216645
91000,476671.0,544365.0,513506.5333333333,16605.712921665894,513245.6756537702,0.014101157069403096,1.033001987415893
92000,485962.0,554193.0,513502.13333333336,17272.120972195655,513223.72547320504,0.014518604033315797,1.0339953936767057
93000,473044.0,535293.0,508742.4666666667,14444.974073414225,508542.20330805634,0.012428491478416985,1.0290310786923025
94000,471558.0,528307.0,502112.1666666667,14448.738429795305,501910.3887734574,0.012537961009538696,1.029290491953848
95000,466535.0,530529.0,500896.86666666664,18396.833259602292,500568.672811915,0.016014947905510526,1.0375641269409306
96000,465415.0,524525.0,489571.86666666664,15754.6968447909,489329.6503206055,0.013857943449789705,1.0324236475422315
97000,452297.0,507826.0,480207.1666666667,16046.626303677824,479946.88065270736,0.014562740837959496,1.0341004826743834
98000,453774.0,517152.0,490271.93333333335,17383.92661673685,489972.04122716264,0.015480075288939032,1.0362870602075716
99000,451397.0,502783.0,475156.3333333333,14667.951760575663,474938.812633107,0.013348160608751875,1.0312124806826939
100000,428238.0,496728.0,468961.0,20292.320672507176,468530.7322273516,0.01899461505378937,1.0447072655049632
101000,444877.0,502024.0,474687.13333333336,14836.986590445431,474461.75885604555,0.013633796186165998,1.0318909324452499
102000,418517.0,481087.0,454721.23333333334,17344.020179247975,454399.3872688047,0.016651913069503865,1.0390870039819333
103000,410109.0,493398.0,452855.6666666667,20516.807527645153,452401.1220306596,0.0198606864096697,1.0467927025624741
104000,401684.0,479693.0,445188.13333333336,18466.127646517318,444815.6641038791,0.018105105043016562,1.0425697146064674
105000,405239.0,481508.0,442476.13333333336,24569.32706014769,441814.1294304845,0.024201600765561763,1.0573082008661572
106000,390044.0,459761.0,432585.9,17380.989966944762,432240.44749145844,0.017763707323445576,1.0417504754119395
107000,392444.0,468117.0,427811.43333333335,18263.09777077967,427438.1660361368,0.0184169882958828,1.0433186921557644
108000,386244.0,454115.0,414387.93333333335,17826.487742591966,414021.51676087844,0.01853063530745452,1.0435917455137833
109000,377451.0,449460.0,409642.36666666664,19074.33633948909,409213.06032534403,0.02023314040428001,1.0476908243910406
110000,363131.0,438219.0,400540.6666666667,18937.268951285805,400103.95245732006,0.02068550553363612,1.0487826773394147
111000,348890.0,437017.0,386916.9,19837.92512674858,386429.24829331273,0.022148847524433957,1.052322478811981
112000,354188.0,424208.0,386757.3,20739.36385675218,386221.17155127693,0.02325724618827458,1.0550116276929657
113000,347766.0,420515.0,382264.9666666667,22026.726326306936,381657.1086838331,0.024870254544454132,1.058937320443226
114000,341024.0,408274.0,373677.9666666667,15943.174601633165,373345.7116390252,0.018686633756479713,1.0439666706915671
115000,329189.0,408260.0,370011.3,19750.572175299738,369501.89564449404,0.023192946827065162,1.0548554397720045
116000,326209.0,399006.0,367506.9666666667,21634.259581033508,366884.18416975765,0.0258096464419021,1.0612303124129536
117000,316998.0,387113.0,354914.9666666667,17004.55234885816,354518.41365247103,0.020930116263654378,1.049373556956796
118000,304643.0,397187.0,348154.5333333333,21528.86364336754,347507.4007994519,0.026998099354975463,1.0641383611223
119000,302291.0,382778.0,345796.4666666667,20244.204069199714,345217.4601873921,0.025653567645828913,1.0608489909904126
120000,303760.0,379611.0,343275.06666666665,21382.80947627908,342628.5009520611,0.027164046109616886,1.0645450530268241
121000,308761.0,379877.0,340817.5,18900.196077709406,340316.2220891122,0.02391119535910599,1.0566014330057063
122000,292580.0,374347.0,342003.73333333334,19694.7062306764,341445.70581927884,0.02536947440751286,1.060155264761874
123000,296922.0,363730.0,328747.76666666666,18260.968572875325,328257.8980594791,0.024125236424171397,1.0571223050059646
124000,299637.0,380419.0,333278.93333333335,19984.969112040064,332705.8485501183,0.025856962484542573,1.0613459389204287
125000,313761.0,374164.0,338014.6666666667,15281.354524123639,337685.25057995506,0.019445090527027746,1.0457914587850259
126000,293603.0,374646.0,329737.4666666667,20454.65791440674,329136.32906456396,0.02656418281984732,1.0630756797991552
127000,292670.0,379076.0,328823.9,22219.492556591245,328108.4229131352,0.029066467823624993,1.0692185082624297
128000,284270.0,368999.0,327573.13333333336,21278.8036767259,326906.07245345006,0.028208098862359587,1.067107319586043
129000,287365.0,360814.0,324686.2,18195.75322070965,324187.2444312956,0.02458384865698553,1.0582392091084465
130000,298941.0,371674.0,328046.4666666667,17466.5369477503,327604.8328636969,0.02283670368146388,1.0539905175744935
131000,294083.0,365590.0,333298.86666666664,19965.85081087953,332712.6705575795,0.02631308250957842,1.0624612085365432
132000,295389.0,364022.0,328625.93333333335,18748.546591822716,328110.7158148897,0.024732528898362686,1.0586015581668344
133000,288049.0,371190.0,329374.5,24137.07099727691,328517.1076685099,0.031928179980329104,1.0762872114589501
134000,288807.0,359873.0,327547.26666666666,18778.336906151184,327021.2936508953,0.025121676628699324,1.059550538709074
135000,284732.0,369407.0,329266.2,21392.34869406059,328590.32314365264,0.028376353494241616,1.067520819045677
136000,284960.0,372515.0,323583.8333333333,20907.092982317376,322938.78136425227,0.027840095510540036,1.066203479553191
137000,294357.0,365368.0,322711.56666666665,16744.872163479315,322298.9397960038,0.02225401206860071,1.0525773298831325
138000,288055.0,372698.0,328293.1,22590.421067880474,327540.0544602748,0.029969367836185035,1.0714437302562738
139000,288434.0,373635.0,330768.86666666664,20827.323624530338,330137.6178085743,0.02728866874588735,1.0648505725599522
140000,290676.0,371512.0,331417.1666666667,21512.433157376105,330740.42511380784,0.02827653046123429,1.0672754764854855
141000,289037.0,366163.0,331057.1666666667,19565.69327637172,330489.96788775834,0.025974553592003527,1.0616333516032588
142000,296931.0,370935.0,326493.7,19322.049218712407,325950.65393209003,0.025387201131498033,1.0601985383103287
143000,301428.0,369108.0,331982.5333333333,18561.886944681202,331481.4385470795,0.024280630484895545,1.0575006195521242
144000,295129.0,372296.0,331446.6666666667,18665.203492121345,330939.46449117747,0.02444703811880761,1.0579058973113349
145000,288691.0,373475.0,330600.4666666667,21700.900014282477,329911.8326635953,0.028542471073106764,1.0679292237127258
146000,294497.0,376003.0,329730.93333333335,21704.431227100933,329046.5847233012,0.02842529233212242,1.067641120302362
147000,281102.0,364275.0,325337.3333333333,23645.82452800484,324496.4016670662,0.031893595166576694,1.0762015053028324
148000,296469.0,369624.0,330041.43333333335,17721.269633591066,329585.9017984078,0.023170443166412744,1.054800782172519
149000,295285.0,360903.0,330364.1666666667,18566.723260350405,329858.90282593213,0.024458248003654412,1.0579332040279377
150000,292825.0,371001.0,335191.5,20483.472056758346,334583.77014730865,0.026652799271542727,1.063292619250216
151000,294606.0,364312.0,328400.9,18947.295473187613,327872.46372487606,0.025078409858439957,1.0594449857993733
152000,292932.0,369405.0,331378.4666666667,19978.265367269938,330793.6702148675,0.026297123766554607,1.0624221676677716
153000,297195.0,361835.0,329528.43333333335,17887.440522917736,329058.4422743506,0.023616827047533966,1.055885502669751
154000,295811.0,372699.0,330841.36666666664,19747.493318853434,330274.2832730621,0.02585859169014304,1.0613499204446322
155000,289753.0,365844.0,330680.2,20008.31350041863,330087.1737747635,0.02656940101918062,1.0630884531001328
156000,291628.0,374305.0,327812.1,19513.013417840608,327253.0596543223,0.025794818578809574,1.0611940800641395
157000,301817.0,374077.0,340296.0333333333,20866.1297478479,339667.3525486635,0.02698340735304262,1.064102362372462
158000,285621.0,369736.0,329725.5333333333,22000.846157290893,329008.60661860136,0.02923845058632832,1.0696420079281315
159000,303323.0,372655.0,333953.0,17835.848502190845,333493.60899325693,0.023172379820174567,1.0548054858667693
160000,293480.0,362303.0,330285.6666666667,18184.428936513963,329795.3201216092,0.02416800098911477,1.0572264039599835
161000,292705.0,373416.0,328754.8333333333,22778.868312362534,327999.2059530711,0.029910684989360992,1.0712989641512833
162000,298919.0,377198.0,333782.6666666667,16414.080911245674,333395.3836678415,0.021255641133232955,1.0501604084098222
163000,293202.0,376523.0,328923.3,21987.15851574622,328228.85542267945,0.028570430759841985,1.0679979787371823
164000,301612.0,368092.0,332060.2,19867.632004742343,331487.47640229744,0.02594067330517285,1.0615505344342477
165000,301044.0,372529.0,332214.36666666664,17482.84841363166,331772.78535631835,0.02275237093529498,1.0537858700623473
166000,292360.0,383954.0,333012.93333333335,22045.902631169098,332315.86287777626,0.028531765641260882,1.067902899402632
167000,301120.0,367891.0,334360.5333333333,20498.324617381302,333754.80306607875,0.02659163889481367,1.0631428895138153
168000,302634.0,383315.0,332808.5333333333,20412.05848264331,332211.9104530168,0.026379789475730452,1.0626244134819047
169000,302276.0,368466.0,332673.9,18349.877698267617,332184.37086017476,0.02398333908423192,1.05677696711492
170000,300891.0,373107.0,331817.56666666665,18316.66751177139,331330.63990754617,0.023926403752756873,1.0566384343781825
171000,300622.0,365488.0,330794.8333333333,20341.454750952733,330194.8331822966,0.02657434449181518,1.0631005540565237
172000,295028.0,381859.0,335322.93333333335,25898.798006901765,334367.6887150172,0.033280551061851585,1.0796439391026127
173000,310385.0,381124.0,341132.06666666665,19261.615456534335,340610.67154882854,0.024389740007236985,1.0577663329968263
174000,302595.0,373324.0,334430.1,19203.822412882215,333900.5607427072,0.024836071459962267,1.0588539753377975
175000,300098.0,373814.0,340103.7,22489.809767751598,339380.3435888778,0.02888184628886376,1.0687640728091674
176000,307772.0,374516.0,338790.43333333335,17518.38097676627,338352.66051334795,0.02246807647911129,1.0530962747334085
177000,300092.0,371366.0,335468.4,21534.610299028736,334801.5298064382,0.027861916407839218,1.0662570517307994
178000,295523.0,375461.0,342893.8333333333,21208.643239837686,342248.19301606173,0.02725475099554328,1.0647674125681483
179000,298143.0,383560.0,336804.23333333334,24659.91531948899,335935.4185840878,0.03172800976287654,1.0757912553450697
180000,299184.0,364451.0,333455.6,19483.0822184539,332902.40958914766,0.02549739032526971,1.0604675660055645
181000,296469.0,378330.0,339370.63333333336,20487.325517522277,338767.8225148407,0.026409693481567798,1.0626975846181506
182000,292821.0,384858.0,332667.13333333336,22485.79678103849,331930.43561183277,0.02945420443790751,1.0701735291119454
183000,300862.0,370386.0,335555.26666666666,18015.669020917994,335087.8874906081,0.023329687093105293,1.0551876197316308
184000,296868.0,380088.0,338247.3333333333,25781.639915114858,337303.72242877755,0.03297896694104329,1.0788944696651628
185000,312821.0,382353.0,336497.86666666664,15516.838766061665,336160.0224862102,0.019690919335493027,1.0463835879813963
186000,315291.0,381979.0,345225.43333333335,16621.097817768117,344841.85436219076,0.0207920114442825,1.049039911213386
187000,293829.0,364652.0,339662.7,16610.61365959355,339259.7783584757,0.02167049220370813,1.0511640322914042
188000,297443.0,380027.0,338603.86666666664,20970.26918698739,337976.2667223291,0.026918517345084034,1.0639433816453716
189000,308618.0,380069.0,341486.8333333333,18685.819834898837,340990.89994618983,0.02384475864987952,1.05643981052113
190000,300767.0,381401.0,338993.5,21015.789521789036,338373.1079429878,0.026647739751906842,1.0632802319904806
191000,302372.0,374491.0,339806.2,18632.091039664465,339307.02747589914,0.024024124683967283,1.0568762161455212
192000,306210.0,380575.0,341689.06666666665,17406.82826569115,341260.59237084066,0.0221363274926511,1.0522921424353462
193000,304539.0,377410.0,341758.63333333336,17984.981566973256,341297.93233797525,0.022992460570458565,1.0543685922058634
194000,309824.0,375366.0,341248.4,20510.386980999283,340648.4375130934,0.02625678948926307,1.0623235018033457
195000,308479.0,385814.0,345002.26666666666,19770.124561262026,344459.52748792287,0.024741134885072093,1.058622535640842
196000,305983.0,372675.0,340783.6666666667,17073.41482990509,340366.2542997033,0.02192824711346513,1.051788086061559
197000,308275.0,392251.0,348176.23333333334,22069.416751950295,347501.2712554906,0.02751942701115318,1.0654165211824
198000,308707.0,391467.0,349588.93333333335,22351.441318847537,348894.7413890272,0.027897182000622477,1.0663436374814452
199000,317359.0,373740.0,348261.8333333333,16694.332389669904,347869.63100820355,0.021047554789927727,1.0496573587388944
200000,300692.0,390135.0,346403.63333333336,23938.634329271474,345597.07531072764,0.03024493628537724,1.0721237982566356
201000,308610.0,382537.0,347537.9666666667,20338.814525659935,346955.43952661863,0.025674870641333628,1.0609010289888354
202000,316138.0,376291.0,341036.63333333336,17896.561747390497,340586.9816543561,0.022641480434506086,1.0535168361914624
203000,308781.0,386186.0,346001.86666666664,19465.508960339503,345475.5403590435,0.024350340607703302,1.05767037629059
204000,314188.0,393036.0,347556.0333333333,16258.698801656561,347189.5170464136,0.02028605672701976,1.0478184873611314
205000,307202.0,386229.0,345480.0333333333,20345.37212731314,344900.87232688244,0.02560122063056037,1.0607211309000164
206000,316051.0,376911.0,348091.1,16768.596761043624,347696.63240761723,0.021094993455371948,1.0497720207159709
207000,312192.0,385946.0,348026.5,19279.519082480354,347513.53789489367,0.023962627972355603,1.0567265715768042
208000,312883.0,387484.0,347703.36666666664,20194.55235774948,347134.5581745319,0.02530584939511631,1.0599999612662985
209000,306348.0,394490.0,350008.86666666664,23865.32245421541,349215.0527435155,0.02985355550251669,1.0711580488568657
210000,311627.0,384942.0,347999.0,21469.72191169502,347356.00389999314,0.02690201259514598,1.063902948744369
211000,305302.0,383472.0,347317.36666666664,25080.951558260625,346434.40441455325,0.03159879846706372,1.0754712335357282
212000,309786.0,380233.0,341108.76666666666,16658.0041870388,340714.53603421047,0.02126407326380143,1.0501807982052604
213000,310996.0,387244.0,348285.1666666667,20946.66789908869,347675.4970647209,0.02616473446218923,1.0620983507611717
214000,311626.0,386317.0,353817.43333333335,20910.93044266947,353207.4767244197,0.026094256247035,1.061926005208255
215000,312956.0,389363.0,353063.7,18277.175802642203,352600.9812993643,0.022698943011795317,1.0536562388324746
216000,311890.0,390061.0,348985.6666666667,22021.870424387336,348314.17098036973,0.027423322065577592,1.065180781441845
217000,321081.0,376527.0,347315.5333333333,13078.410940944997,347078.4269440351,0.016312759165184477,1.0382758657778814
218000,315233.0,384988.0,352658.6666666667,20795.745069328623,352059.36685186654,0.02584168017342841,1.0613085920644603
219000,316464.0,392582.0,355116.8333333333,21851.71542557311,354474.39046968514,0.026514450527457645,1.0629539509590291
220000,315853.0,398214.0,349517.0333333333,23488.59920587056,348766.57544498984,0.028854542188195595,1.0686968817078653
221000,322423.0,394668.0,353960.8333333333,22062.028348121876,353300.02921541146,0.02697378806114503,1.064078793576861
222000,311239.0,394448.0,356054.86666666664,21311.568135531517,355432.66852446337,0.02619817090697665,1.0621801251365057
223000,327021.0,398215.0,356479.93333333335,19481.050095489936,355977.3479772522,0.023333340834679465,1.0551964971161087
224000,321746.0,402572.0,359240.9,20882.712989868953,358658.62105721736,0.025120362873049848,1.0595473335373329
225000,323846.0,398165.0,359394.0333333333,22366.63778701221,358726.4538851167,0.026892347655336237,1.0638792725431356
226000,310117.0,392950.0,353278.36666666664,20827.70687873336,352683.31378341303,0.025677108054714376,1.060906494589646
227000,327560.0,398775.0,361537.5333333333,18670.417212214645,361069.3987065264,0.02251889215988476,1.05321950203016
228000,319219.0,393717.0,359631.56666666665,20948.813136792018,359032.6206793125,0.025611373125206727,1.0607459276495157
229000,324347.0,400759.0,357217.86666666664,18587.472510441992,356752.8171573232,0.02252567181776498,1.0532359436934284
230000,323443.0,404737.0,369512.63333333336,19123.90187333431,369025.7972179895,0.022793058880779423,1.0538846012053213
231000,324466.0,401961.0,364017.6,21439.018987463664,363397.52552565886,0.0259053041937803,1.061464084866448
232000,317996.0,391717.0,355330.1,20791.30396857766,354738.56056666764,0.025547275591654664,1.0605893836837132
233000,326726.0,395484.0,357839.0333333333,17607.50959398571,357425.8846489298,0.02116773353401959,1.049947861988901
234000,327132.0,401717.0,358237.3,21650.9723093763,357611.72808138764,0.02605252552892342,1.061823971202264
235000,321829.0,400596.0,363479.13333333336,23126.77975217793,362765.3490296842,0.027731421066967646,1.0659367145381409
236000,337250.0,399376.0,366427.5,16255.441490520156,366079.79645484494,0.019240542554142228,1.0452990183694342
237000,334950.0,409026.0,366605.93333333335,20316.279173206844,366066.73645635956,0.02391805486994107,1.0566181217423083
238000,328895.0,402508.0,370837.23333333334,20043.919712133073,370308.0296756946,0.023676626579351878,1.056030901261325
239000,338287.0,411080.0,369752.26666666666,19824.1060292128,369245.7730946053,0.023053336962171014,1.054516396649389
240000,332674.0,411536.0,370426.0,20021.837142273536,369906.2965329881,0.023377407229466594,1.0553035697741109
241000,327649.0,403060.0,370859.4666666667,18333.29029620863,370414.14896486455,0.021751169321349496,1.051359320892214
242000,331950.0,405960.0,371306.3,17814.880754195547,370892.0285627292,0.02089436881472892,1.049287184954886
243000,324861.0,410270.0,370265.7,18583.23297686422,369809.5229433358,0.022009351770548632,1.0519845262224576
244000,333897.0,407041.0,369655.0333333333,19015.353349303045,369184.3163716589,0.02228274686454099,1.0526469752428076
245000,332733.0,414458.0,371801.1,20487.75541861781,371254.9972757141,0.02396346239189165,1.056728601890749
246000,330656.0,409588.0,369706.43333333335,20759.539412011305,369137.571263392,0.02458138364674154,1.0582332026699657
247000,329854.0,411410.0,371316.1666666667,19274.81204181059,370832.27111207525,0.022570141179780397,1.053343794772392
248000,332614.0,413400.0,373002.93333333335,22998.56083043599,372313.4766307603,0.026918886293508776,1.0639442855030483
249000,327860.0,418600.0,374886.3,21717.988379491413,374277.0995993029,0.025214776702103852,1.0597776997968145
250000,337725.0,412265.0,375801.63333333336,18712.306996647465,375347.13721030985,0.021787377644642596,1.0514469792593673
251000,336766.0,415198.0,372989.3,20904.78099935598,372425.9962870908,0.024260493594609297,1.0574515876597974
252000,333817.0,406529.0,369322.13333333336,17887.121294062545,368903.5633224572,0.021041117648183717,1.0496418007628947
253000,341783.0,413095.0,380476.1,18124.30729491998,380057.1528285524,0.020761469108952713,1.0489661386846714
254000,329262.0,417825.0,372422.36666666664,19702.409421155844,371917.50841199805,0.02303352459137594,1.0544682910570227
255000,337845.0,415344.0,376841.8333333333,19333.643761826057,376358.1983152012,0.02244365629458945,1.0530370612655633
256000,336978.0,419959.0,373844.9,22966.74067421304,373170.7520728068,0.026473964088242586,1.0628548633204955
257000,341914.0,424094.0,380048.9666666667,21977.521901476634,379436.6700957704,0.025073850678108182,1.0594338639095273
258000,342774.0,417336.0,380142.0333333333,20842.32847949399,379592.48847701447,0.02373817248681256,1.0561805669567916
259000,354085.0,416080.0,387012.43333333335,17058.516133234338,386647.32169520494,0.019217571403585876,1.0452437308004856
260000,349889.0,419661.0,384155.1666666667,16365.141631725552,383818.74662406254,0.018488603250802305,1.0434907491009364
261000,341846.0,412486.0,379683.1,16438.376978257627,379336.74136111565,0.018909230423827427,1.044501890629656
262000,342852.0,424912.0,382119.0,18318.45804759176,381696.7362350386,0.020752753071532376,1.0489450867561911
263000,345829.0,412242.0,375739.56666666665,16046.728276877939,375409.8927959509,0.018489887230262285,1.0434938341566415
264000,353487.0,424639.0,388560.4,17932.411635802422,388163.6568411477,0.019930401234290695,1.046960751732605
265000,344567.0,417350.0,382117.2,17199.91131773449,381738.7401723612,0.019725634529982567,1.0464672336714753
266000,340745.0,422869.0,388511.6,24245.425171885872,387769.2418581404,0.027431025758332138,1.0651996762208251
267000,351393.0,427550.0,384989.3,20354.61940987081,384472.38630702393,0.022868205187217376,1.0540669714414628
268000,356626.0,431782.0,385904.6666666667,20541.73252830364,385384.2556435279,0.02286655303020075,1.0540629615336632
269000,356482.0,414516.0,388301.8,13838.563310920134,388061.303041612,0.015587187806721773,1.0365426770991326
270000,355959.0,423907.0,390831.2,16830.356064830165,390480.186646577,0.018739367260423936,1.0440934403496611
271000,360840.0,425074.0,388644.1666666667,17632.43854687137,388259.4246520353,0.01963931581296673,1.046259262498519
272000,352852.0,430722.0,393216.06666666665,22702.840905221885,392577.0195428885,0.02525585609205043,1.0598779476291684
273000,349634.0,442153.0,389733.7,18957.060159012362,389292.27627720236,0.02099013404276318,1.0495185862515175
274000,354192.0,432863.0,395525.3,20818.644629688104,394996.6241354331,0.022842671284665016,1.0540050004672374
275000,356030.0,425358.0,391731.9666666667,21157.219539769943,391176.37972362567,0.023575679455127112,1.055785466657438
276000,353669.0,429417.0,389454.9,17554.71303716587,389074.72700081003,0.019498998201125654,1.045921277805373
277000,378348.0,436118.0,405319.86666666664,17923.087525991938,404939.0066767565,0.019128668122016818,1.0450297836034776
278000,352338.0,441834.0,402139.63333333336,20516.276123223917,401629.2505203583,0.02231996940784058,1.0527371994533634
279000,366846.0,442494.0,401752.43333333335,14553.117657889248,401499.169504951,0.01566839999566405,1.0367365266055697
280000,358685.0,440905.0,398749.8,20175.370097703544,398257.96115168976,0.021936646833186177,1.0518084289646674
281000,359779.0,428015.0,396789.4,18538.171312931227,396364.8414285572,0.020516426330255345,1.0483744455220714
282000,367312.0,446680.0,401746.4666666667,18871.353078571025,401320.7205470649,0.020316362946468495,1.0478916094622817
283000,370980.0,446354.0,402635.6,18644.606280415905,402221.1052465756,0.020020963157012153,1.0471790935928582
284000,363312.0,448187.0,405803.4666666667,20574.02062819019,405289.2109657791,0.022362343849635046,1.0528399208311086
285000,372299.0,434403.0,406545.43333333335,15889.60414793776,406243.3953573463,0.017060413006705213,1.040064835117805
286000,372991.0,436091.0,401730.63333333336,18568.74123355836,401318.4545856543,0.019986772937052383,1.0470966567308826
287000,371127.0,433408.0,401521.0,17015.43624132977,401170.93276324205,0.01847335658579153,1.0434541161818232
288000,371342.0,440552.0,408990.13333333336,18464.192591352992,408582.13609705906,0.019801448618134265,1.046649929716839
289000,362597.0,449869.0,406421.1,19620.79456957285,405959.73759222537,0.02110261177698384,1.0497904358037788
290000,367713.0,440319.0,409184.8,18456.693900905553,408777.91017622454,0.019765014889107018,1.046562128093696
291000,378656.0,454056.0,412430.0,18177.075014120546,412044.0505267696,0.019104067007434836,1.044970588356064
292000,369665.0,445036.0,416183.0,17314.66276170934,415824.1676395283,0.018490389269678345,1.0434950404241852
293000,384181.0,456810.0,418527.1,21898.607510996895,417974.91741832375,0.022686477035920638,1.0536259951492333
294000,389431.0,447640.0,418025.73333333334,12624.602117139848,417840.9843470602,0.013144823722578023,1.0307297795104828
295000,387888.0,451089.0,419702.06666666665,18605.725559128543,419303.93190739065,0.019241511105356792,1.0453013495682058
296000,385956.0,463690.0,421002.9666666667,17776.45265703526,420641.5231772208,0.018296108677095725,1.0430283398225393
297000,386292.0,456624.0,421562.36666666664,18199.741295022493,421182.96276405005,0.018744326056376413,1.0441053619284517
298000,376415.0,465270.0,417328.86666666664,21029.238402156,416817.1280011118,0.021885988130901503,1.0516857469026883
299000,394286.0,457628.0,422716.9,18069.734160878725,422344.0706459878,0.018553031195739894,1.0436455632981794
300000,387834.0,456473.0,420788.7,16771.18804861686,420465.61424415937,0.017316339306421312,1.0406779177151817
301000,380412.0,457181.0,421633.2,18274.433522802025,421249.4956950615,0.01886485616544715,1.0443951735726376
302000,387413.0,458321.0,422711.93333333335,16717.827383042193,422393.3428223981,0.017143524039414933,1.040263891605431
303000,379430.0,460107.0,426917.7,19938.410496170276,426460.5522079191,0.02053426975693106,1.0484175199280834
304000,395089.0,465475.0,432701.2,17813.29323538057,432342.9042644717,0.018032584431813155,1.0423956357642348
305000,399743.0,473704.0,431674.36666666664,17873.060680876646,431318.90643228166,0.017905718141820254,1.0420911751765667
306000,386297.0,468544.0,424108.1666666667,17700.652386347203,423754.4556375979,0.018007375741682336,1.0423351315049207
307000,404163.0,470701.0,434973.7,20961.90949473633,434491.90162818134,0.020731161043493578,1.0488929371442215
308000,401240.0,474764.0,430895.06666666665,19376.759424333723,430480.0615666643,0.019324764627969542,1.0455017512886469
309000,400683.0,465282.0,432303.3,17625.830283500367,431956.74160684686,0.017684395895214335,1.0415602469433942
310000,393454.0,469172.0,428773.6666666667,19687.440574331038,428342.13681480614,0.019766539059578505,1.0465658010436363
311000,397625.0,460062.0,434075.1666666667,17566.525468635788,433729.22105832194,0.01767211238350111,1.0415307880460418
312000,404775.0,479205.0,439138.5333333333,20199.11382271481,438690.7693510261,0.019942953641897635,1.0469910124625323
313000,410898.0,476651.0,437463.3333333333,19756.429600884687,437037.27038239397,0.019444326990124664,1.0457896201715895
314000,398909.0,485803.0,443199.5333333333,19773.00504036846,442770.9414445676,0.01946170648741503,1.0458314711789123
315000,401928.0,482037.0,436807.26666666666,16940.69881091978,436492.8075854181,0.016727448304205094,1.0392677442628337
316000,399087.0,483391.0,443847.76666666666,21285.292561448077,443353.9711923223,0.020851935699367986,1.0491846684575814
317000,412418.0,481404.0,447620.9,15711.545882698429,447352.91277763806,0.01531062424908916,1.0358828053198905
318000,402714.0,473585.0,440554.3,17102.402791763623,440231.9589011447,0.016923187440736214,1.039736254061536
319000,410619.0,495697.0,445940.0333333333,19118.668669353152,445548.6324414581,0.018461379509417838,1.043425339953171
320000,422650.0,483067.0,447652.8,18770.17572052298,447278.01962508616,0.01801453466610527,1.0423523135328834
321000,416106.0,487718.0,451567.63333333336,20283.130067710907,451122.21367780556,0.01968460939042431,1.0463683849906356
322000,422363.0,489921.0,450084.9666666667,17937.6626980166,449740.30303294375,0.017282402057501166,1.0405965987780956
323000,421061.0,486504.0,456343.23333333334,17366.23465766421,456023.8755326685,0.016530328775747734,1.0387961437892455
324000,425435.0,488339.0,455867.9666666667,16271.913978266106,455587.11894222023,0.015511302870415113,1.0363615762408567
325000,423833.0,488658.0,461651.43333333335,16293.08498060013,461371.4883103667,0.015416106570375713,1.0361344331854243
326000,426767.0,490709.0,460047.6,17273.992569257363,459735.1381199395,0.01627219023899981,1.0381788814241606
327000,426299.0,490854.0,463941.0,15383.417953466469,463692.74931231624,0.014479675057702845,1.0339027132970589
328000,415059.0,491561.0,463519.36666666664,17133.871409626292,463209.4436351001,0.016210484813448223,1.0380313853780785
329000,432665.0,486996.0,461993.93333333335,14855.195675154415,461762.3191602899,0.014001571315393898,1.032765142389189
330000,425146.0,502880.0,462930.3,17386.686268224177,462614.3514532033,0.016330522069505485,1.0383183327508616
331000,439385.0,509237.0,472158.8,18365.01532130382,471814.0409205332,0.016879990119850443,1.0396328413108318
332000,439690.0,509383.0,469548.76666666666,16812.018756467533,469260.7770027443,0.015436767789556738,1.0361837276405805
333000,442194.0,504153.0,470307.4666666667,15963.852373481122,470048.33803223545,0.01462808368483359,1.0342560825169984
334000,444839.0,512581.0,470577.3,18681.89886448266,470224.2855198099,0.01704996643212487,1.0400398175671641
335000,443731.0,520250.0,481676.9666666667,22800.575764786012,481153.22734855686,0.020628808051293232,1.0486457668823768
336000,456776.0,514839.0,479844.6,15218.652071355253,479612.0677147787,0.013743638635276554,1.0321519529438274
337000,440128.0,522171.0,478830.36666666664,17202.96636305802,478532.0423698616,0.015593714352296376,1.0365582543033949
338000,457272.0,507588.0,486817.93333333335,13287.958476687112,486641.41346633463,0.011918013486800659,1.027822246577923
339000,453639.0,510602.0,484902.63333333336,13454.797502245685,484720.5381237729,0.012135717378905852,1.0283376042575578
340000,456578.0,518250.0,483807.13333333336,16343.888898497713,483542.81298545114,0.01457017319539057,1.0341181800444712
341000,448948.0,505196.0,477659.73333333334,14356.366409302911,477451.110023085,0.01305915134829168,1.0305264696324365
342000,465365.0,521545.0,490906.4666666667,15373.732886913347,490674.1899862756,0.01358499364041617,1.0317749832974297
343000,450639.0,534375.0,494544.3333333333,20223.654066861705,494142.08033642784,0.017852248125572612,1.041962881577663
344000,454278.0,530061.0,488161.8,18936.881040573382,487808.6063078892,0.016787037890796146,1.0394103520708806
345000,451670.0,528889.0,492087.8333333333,18094.427086590887,491768.1360788929,0.015905136433437436,1.0373018117477126
346000,460622.0,537171.0,496662.6666666667,21185.566435557066,496226.8688198609,0.01850191221616944,1.0435227273912837
347000,463295.0,544133.0,491748.1,20306.82541676312,491350.67800306145,0.01767882899972385,1.0415468960487322
348000,472076.0,541895.0,499757.3,15261.760792683897,499533.49713154853,0.013201973057008478,1.0308654234093249
349000,475739.0,527678.0,500346.63333333336,13702.359332418362,500165.7632766507,0.011871412844834972,1.0277119651700886
350000,482377.0,528647.0,505434.1,11409.80229618073,505309.70239723707,0.009799733234341513,1.0228212286652694
351000,471196.0,542007.0,508678.5,16859.500018663377,508407.30186134094,0.014442934773523914,1.0338152512767702
352000,473572.0,547289.0,502153.6,19705.193701154018,501787.1219471382,0.016799267699259723,1.0394396224600644
353000,475220.0,545194.0,506432.6,17297.456942049863,506147.80968162377,0.014807844979794598,1.0346842659344977
354000,480880.0,556330.0,511611.2,18141.58984288825,511302.3044897273,0.015329780165602077,1.0359284971787426
355000,482082.0,559462.0,512708.4,18817.37871480913,512377.77969747636,0.015831304919442034,1.0371254819602287
356000,481780.0,559617.0,517276.7,18406.13540353062,516961.14897900337,0.015421447208713114,1.0361471748930249
357000,484239.0,546106.0,515126.73333333334,19040.14641521025,514784.6997684778,0.01612358863620632,1.0378237107710109
358000,495051.0,559328.0,522178.23333333334,15723.852918380106,521950.66309788224,0.013025611214385625,1.030446886164103
359000,500287.0,556825.0,522198.6,15007.430848152157,521991.89513508574,0.012404604189842003,1.028974480951912
360000,486601.0,560672.0,523371.8333333333,16110.5294227598,523132.1027032023,0.013373821857389528,1.0312734139498014
361000,497493.0,553934.0,525920.0666666667,14175.719678703985,525735.4086904853,0.011707172991185505,1.0273233824056605
362000,491344.0,566919.0,532509.0333333333,17907.115200164262,532217.0435011878,0.014643929121196891,1.0342938185200832
363000,496975.0,566540.0,535790.2,17414.439083108886,535515.0242621183,0.014181408377895053,1.0331928888075224
364000,511933.0,573916.0,534309.5333333333,16138.264177762872,534077.0444800663,0.012990315994434867,1.030363144893705
365000,504295.0,565200.0,532602.8333333334,15235.456567931704,532391.9159439743,0.012437798820488549,1.029053132039235
366000,503960.0,570826.0,542488.3666666667,15711.696430461878,542268.2551233844,0.012588592484033524,1.0294104970089897
367000,502315.0,568904.0,537589.0,17181.691715512083,537321.8276646998,0.013952771943708342,1.0326491025573266
368000,515379.0,585102.0,543087.2,18062.239616354906,542798.0484177755,0.014402947961085703,1.033720069147531
369000,518889.0,581391.0,545613.9,17168.83479939642,545354.1107473078,0.013616551020841968,1.0318499584583263
370000,523011.0,575302.0,549908.4,15517.234110986801,549697.0102615241,0.012246292055198314,1.028599460162135
371000,517927.0,588280.0,547723.2,16186.019244802084,547493.8425345055,0.012760886224546941,1.0298189667881643
372000,510606.0,593987.0,550799.5666666667,20324.762365635183,550438.1414983012,0.015995720804941046,1.0375181928822341
373000,521418.0,593376.0,557948.2333333333,20056.90007794778,557598.7305986801,0.015650276948743574,1.0366932646405282
374000,525263.0,583782.0,554603.3666666667,14628.839154179343,554416.1249372925,0.011491551349155084,1.0268134561143596
375000,531011.0,587953.0,558083.4666666667,15275.416063487228,557881.611951839,0.011879113161193932,1.0277301873159952
376000,524357.0,590202.0,562865.8,19255.931774659588,562543.0702389297,0.015012621344243256,1.035172250127365
377000,532927.0,603820.0,564535.5,16081.998738684022,564313.7286504024,0.012389091268303887,1.02893772682316
378000,540531.0,607104.0,572329.9333333333,20037.284861380096,571989.8594492944,0.015242525315261672,1.0357203879114705
379000,534221.0,595032.0,567562.3666666667,14739.749961579571,567376.5377592122,0.01131793003810923,1.026403040889003
380000,541634.0,607949.0,569947.1333333333,18437.578645972928,569659.9595088089,0.014011791686717817,1.032789447020922
381000,542345.0,609588.0,569970.6333333333,15733.064202683063,569762.9600625663,0.01189463767283229,1.0277669257390933
382000,543414.0,619554.0,587402.3333333334,15350.245504794744,587206.4838496235,0.01143814007853029,1.026687182257845
383000,540168.0,619769.0,579924.8,19000.556662262872,579622.561806716,0.014281413737766474,1.0334308304075859
384000,543692.0,612870.0,583411.7666666667,17816.9223060808,583147.6817635958,0.01330735655122823,1.0311155978566462
385000,553926.0,614822.0,585640.9,13053.676576431217,585500.0437773464,0.009693395512973822,1.0225708198554413
386000,555442.0,624597.0,587059.7,16486.457774227285,586838.0922958272,0.012110011775272433,1.0282767394350316
387000,564729.0,627619.0,592098.9,19783.75253855791,591781.759721067,0.014433619222157863,1.0337930763328294
388000,568246.0,632823.0,595648.7333333333,18647.743624129555,595368.8240037144,0.01351738097270885,1.031614365025853
389000,560812.0,627615.0,591192.9666666667,15672.990585571162,590992.1455792271,0.011515767120487812,1.0268707116728069
390000,559599.0,631369.0,600353.1,18430.841123152695,600076.6768565655,0.01344344273732896,1.0314387485804424
391000,572232.0,630265.0,606049.9,16021.18306654425,605843.6178506408,0.011548943200782716,1.0269491580907522
392000,566085.0,628600.0,601828.8,18289.493417693724,601558.3213243282,0.013268319675814998,1.0310229194463911
393000,583690.0,642391.0,607297.6333333333,13239.244674473492,607159.410028879,0.00940399146564589,1.021889628715353
394000,576367.0,636245.0,605055.7,17759.79877982856,604804.8327548098,0.012708638007011497,1.0296950808739591
395000,587231.0,638064.0,610031.2,15100.661623778678,609851.0663556363,0.01072794843679706,1.025009636642871
396000,561448.0,650949.0,613720.4333333333,18661.05308903959,613443.6558599403,0.013300859995455083,1.0311001736452714
397000,579823.0,652764.0,620171.5,15886.95505590281,619972.9207846477,0.01120708145082859,1.026141096947443
398000,579744.0,650923.0,621835.3666666667,17363.92597725751,621599.2251444698,0.012198912489018566,1.0284872507283056
399000,594373.0,658519.0,622218.9666666667,15714.249519603785,622027.0711471111,0.010973414235398831,1.025589141879935
400000,593681.0,652638.0,624994.4,18502.757353879762,624729.4393300433,0.012866829100525645,1.0300702140317108
401000,596000.0,663338.0,627473.0333333333,16789.5245470529,627255.9591868,0.011620364426517532,1.0271180573101162
402000,603923.0,671540.0,631672.8,16438.422236145205,631468.297699508,0.011211154921647868,1.0261507216965293
403000,603363.0,673639.0,629558.5666666667,17765.58236801464,629318.1874149466,0.012184669020906891,1.0284535201934997
404000,592230.0,670809.0,637733.7666666667,17746.277040713278,637493.5836586556,0.012144887512264595,1.0283593178480355
405000,619872.0,676919.0,639504.4666666667,14914.547824496569,639339.2607189266,0.009998049442782764,1.023288396350729
406000,611865.0,680160.0,645203.7666666667,16324.372501397038,645004.000992973,0.010995863180349112,1.0256421565743508
407000,621549.0,671569.0,643278.4,14268.532238750973,643125.5729749651,0.009627285555618325,1.0224151720840648
408000,612565.0,685311.0,651285.8,15982.651921423407,651095.7447681642,0.010680084899655828,1.0248966766917855
409000,609054.0,679001.0,645325.1666666666,18292.86640701936,645074.8935687316,0.01229996054026862,1.0287265784842072
410000,619277.0,682436.0,648914.6,15421.384878104194,648738.0697032718,0.010296115808511143,1.0239909439469657
411000,617889.0,686764.0,654436.8,15460.721050678605,654259.4125421246,0.010298641782578015,1.0239968997723308
412000,618852.0,684814.0,653343.4,18854.890865730853,653079.3531968335,0.012573189752679537,1.0293739884811774
413000,626587.0,686159.0,658371.3333333334,15494.96598862049,658194.511194881,0.010246939370524281,1.0238750010133844
414000,639633.0,695882.0,669002.0666666667,15255.268313135208,668833.5986971868,0.009919165473668412,1.0231025461428789
415000,625495.0,697494.0,666560.9333333333,16664.5221579865,666358.6410085676,0.010896933133889794,1.0254085471814265
416000,639992.0,705773.0,671426.6,17961.537632127845,671195.3413759382,0.011582998838196868,1.0270296904965306
417000,648524.0,704812.0,678246.8333333334,14843.073531712227,678089.639951219,0.00951414867700183,1.0221488601677602
418000,647541.0,709434.0,677689.1333333333,17489.195801257207,677471.5155656583,0.011188920339345066,1.0260981871846233
419000,661805.0,707949.0,680585.9,15019.765587385178,680426.8754304935,0.009532015930300328,1.022190913127301
420000,657080.0,706628.0,681071.3,13772.664531099525,680936.897112833,0.008772869365235157,1.0204056846006178
421000,647414.0,720334.0,684870.1,18802.72245942611,684619.6837354143,0.011958014653566272,1.0279169196264906
422000,650314.0,711411.0,683066.4,13952.413069256962,682928.0462065468,0.008901311667695111,1.020707513529792
423000,654032.0,728501.0,685204.1333333333,16859.480862325698,685004.731975662,0.010643736499295798,1.024810901262065
424000,655924.0,721116.0,690941.1333333333,15904.95386226944,690763.6686373204,0.010020084319391094,1.0233403164337818
425000,672213.0,734367.0,697576.1,16529.210522795594,697387.7343481382,0.010253797855376988,1.023891170425907
426000,662672.0,726499.0,699987.2666666667,16363.393691372536,699801.0388005341,0.010209127847876927,1.023785861986442
427000,667934.0,736486.0,698660.2,15814.714436790864,698487.5312957071,0.00981688884345787,1.0228616332029874
428000,672051.0,739240.0,705907.1,17893.44369498273,705688.6630097376,0.010980623834353023,1.0256061675343855
429000,679257.0,749662.0,705086.1333333333,18060.25780305042,704865.2205383448,0.011025806031007519,1.0257128728968348
430000,671055.0,741256.0,708506.2666666667,15240.380405093372,708347.6782678603,0.009349393939506501,1.0217611694758548
431000,689187.0,753693.0,710024.0666666667,14106.553937634884,709890.0803259407,0.008558969541432057,1.019903235539111
432000,672841.0,739343.0,711740.9666666667,15849.618380010103,711569.7091540379,0.009700653818681898,1.0225879100878776
433000,689056.0,746362.0,718868.2333333333,15825.844185542126,718699.6397015359,0.009570493032360319,1.0222814799847617
434000,691994.0,751493.0,718783.2666666667,14589.389162447254,718641.144407304,0.008769510544067598,1.0203977928426005
435000,701930.0,751753.0,725722.6666666666,11535.853753237858,725634.1987880674,0.006894463002835738,1.0160017663970258
436000,686459.0,766468.0,727706.9666666667,18645.770344972912,727476.3576114771,0.011118744556771705,1.0259323977746135
437000,695892.0,767057.0,724749.9,19216.872976362596,724505.9657143003,0.011435176238966893,1.0266801756624733
438000,704556.0,766806.0,731881.0666666667,12901.712711572602,731771.5063025743,0.007637464664274371,1.0177414548880768
439000,709390.0,761672.0,734401.0333333333,15201.964601901667,734249.0125807452,0.008987331984782609,1.0209097041713748
440000,710556.0,772354.0,737372.2,16472.005249032005,737195.0067535256,0.009675923907424562,1.0225296828035386
441000,715981.0,775393.0,740069.0666666667,15478.347563798505,739913.3730352331,0.009050391729078741,1.0210579514590614
442000,717243.0,791361.0,745676.9666666667,17926.16082613251,745471.10145189,0.010350682113555538,1.0241196098980145
443000,716112.0,779950.0,749306.6,16678.824463662153,749126.9252291359,0.009677741284980458,1.0225339617581681
444000,715245.0,782212.0,748228.1,17912.8876844732,748020.5105850993,0.010410461488995366,1.0242605866933974
445000,716426.0,787235.0,748163.1,14965.05042066693,748019.3091480155,0.008647956554989629,1.020112235297674
446000,721597.0,785552.0,757744.3666666667,16133.369525310884,757577.8636956956,0.00926771346663661,1.0215690185477984
447000,730454.0,786461.0,754674.2666666667,15930.556799008527,754513.068810329,0.00911182087066656,1.0212023860586834
448000,724858.0,794616.0,764328.4666666667,14599.973568075586,764192.9419921396,0.008330495371866416,1.0193668247139622
449000,740140.0,789842.0,762086.4333333333,14841.283641117165,761947.0806520493,0.008442763794026824,1.0196303728436569
450000,731902.0,797445.0,764566.4333333333,16027.471357519002,764404.1249170215,0.009101658008916956,1.0211784893303797
451000,746881.0,802954.0,768283.3666666667,13385.160760523479,768171.2492447045,0.007536976333922008,1.0175059941285975
452000,735984.0,801645.0,770785.9,15541.202630316346,770633.7748426329,0.008786647782160133,1.0204380584818669
453000,740658.0,809771.0,775007.7,16764.282919452544,774832.7821146811,0.009381263774091368,1.0218361521331099
454000,742902.0,793091.0,779727.5333333333,12616.33713916981,779627.5656695163,0.007096952509731442,1.0164755869804727
455000,755140.0,800108.0,774067.1333333333,12245.61202405491,773973.8404611661,0.006852143044207687,1.0159027666177418
456000,755881.0,813655.0,783548.9,16470.436952414115,783381.7028235843,0.009124169541964168,1.0212314232037623
457000,751669.0,814887.0,776063.4666666667,15043.098811205029,775923.5867346843,0.008371771587448873,1.0194637119784935
458000,742635.0,813251.0,786464.8,18420.691675957492,786254.5903379971,0.010234625032632503,1.023845969642978
459000,760256.0,816244.0,793861.7,14010.22907378748,793741.1660150307,0.0077145608473123215,1.0179221409194605
460000,756797.0,823612.0,789074.0,18114.81919922718,788874.3567722684,0.009920775132141818,1.0231063381522254
461000,756092.0,823355.0,795184.6,16117.472507852443,795026.0511634198,0.008830848445779083,1.0205419196557337
462000,768360.0,830376.0,796907.2,17508.17101930922,796721.9522246001,0.009516728796517495,1.0221549327156876
463000,774431.0,839499.0,802509.7,16962.71814618449,802337.110484249,0.009152709179575003,1.0212985355747926
464000,774778.0,826651.0,801735.3666666667,13959.440769065835,801617.74970555,0.007569050183543735,1.0175811425376597
465000,772840.0,839022.0,808756.3,18205.63734434456,808557.4666074298,0.009805194459555973,1.0228340906573914
466000,774343.0,833552.0,808922.3666666667,14396.418111708426,808798.0733648605,0.007751222999983293,1.0180080752192013
467000,780680.0,843482.0,812245.1666666666,17228.29208635156,812068.2739129465,0.009223346994304406,1.0214646628617394
468000,784471.0,851413.0,812153.1333333333,16462.165608853935,811992.3927384552,0.008781897564158621,1.020426897214737
469000,790499.0,845233.0,815808.3666666667,14529.079650191517,815683.1894816211,0.007740368751696006,1.0179826326340737
470000,777994.0,854849.0,821962.2,18272.333860709783,821765.10554319,0.009683983358582636,1.022548658647918
471000,792162.0,852549.0,823334.3333333334,15999.233904791501,823183.363523625,0.008469619943658096,1.019693427277212
472000,793115.0,855944.0,825219.4333333333,15463.218979874153,825079.198437889,0.008146949968057501,1.0189361018476109
473000,803591.0,862645.0,826862.5333333333,14345.505978344321,826742.494732221,0.007523325719760556,1.01747401268737
474000,789864.0,852732.0,824065.5333333333,17314.62903449851,823888.9842499596,0.009153639216889187,1.0213007226777921
475000,797429.0,866529.0,829623.2333333333,15316.541028626834,829486.9956858044,0.007999545116922453,1.0185903211749323
476000,812158.0,869094.0,835589.9,13407.801150051055,835486.2389259781,0.006952875938313015,1.0161384285915251
477000,814094.0,874198.0,836295.9333333333,13133.32538957692,836196.766817358,0.006794078955495648,1.0157669520316521
478000,799710.0,868024.0,836334.0,15573.312430853159,836193.5852122987,0.008098702078659058,1.0188229095605812
479000,797281.0,863217.0,835368.7666666667,17436.728140738534,835192.0704154045,0.00909625756909262,1.021165791083169
480000,815993.0,873515.0,840765.0666666667,15284.282602891688,840631.1816036324,0.007877521848985046,1.0183041691158219
481000,800744.0,866073.0,841740.8666666667,14831.737591449266,841613.3856269496,0.007706111549652438,1.0179023372059492
482000,827148.0,888009.0,851928.1,11990.405579260962,851847.0214344045,0.006085485911456863,1.0141109822630545
483000,822097.0,876575.0,852121.5,12856.47929698458,852027.3655124631,0.00657283946829863,1.0152496290217046
484000,829011.0,882371.0,854546.7,14243.592575562554,854431.9045059066,0.0072414591572385854,1.0168138641766276
485000,818235.0,885852.0,852580.0666666667,19442.3493967259,852365.0510865764,0.009929835023542602,1.023127681571001
486000,833159.0,891342.0,858404.7333333333,13358.754866439058,858304.71642738,0.00673559331633921,1.0156301697746577
487000,825664.0,890718.0,858557.0666666667,18267.0065926925,858369.28750405,0.00923859747093669,1.0215005327544866
488000,836912.0,889458.0,861235.1,12914.061690052546,861141.7707607687,0.006498667525520229,1.0150762521760495
489000,840399.0,902433.0,868724.2,15300.11481228051,868594.4149139692,0.007629260986714633,1.017722230273843
490000,837550.0,904350.0,869251.4666666667,15317.26215909928,869121.103441223,0.007649362725666478,1.0177693376190131
491000,831760.0,903848.0,864568.3666666667,16698.45792484492,864413.01646901,0.008367461194642805,1.0194535938042442
492000,835870.0,899254.0,873079.7666666667,16474.38066165334,872929.0836560844,0.00821331970293282,1.0190918295610047
493000,832732.0,900123.0,871007.9,16895.45937645317,870848.9062411664,0.00844858416679742,1.0196440379231668
494000,841982.0,901011.0,873773.3333333334,15050.249605750807,873647.596264132,0.007500837022743281,1.0174213270712105
495000,846674.0,911929.0,872330.1666666666,16255.938486433586,872184.9348338251,0.008044703215454467,1.0186962400744597
496000,845542.0,912730.0,880673.8,16410.13291337041,880525.7656157796,0.008103164249526666,1.0188333775389935
497000,837368.0,907571.0,875030.9666666667,17719.789802760726,874857.6949262396,0.008789323220171204,1.020444344832011
498000,849000.0,919624.0,887196.5,15959.415480070606,887057.5763630058,0.007820012777353067,1.0181693346828329
499000,848841.0,925690.0,884632.4666666667,16966.625872543147,884475.7293207295,0.008308852540967897,1.0193160263846817
500000,854754.0,933285.0,886467.2,17103.691044272608,886308.4194189366,0.008351934611845246,1.0194171476868088
501000,859835.0,910030.0,886367.9,12265.298822146638,886285.6915289318,0.006019591019260217,1.0139571242996661
502000,866412.0,916400.0,889244.2333333333,12732.428683682365,889156.3149738646,0.006208280457207954,1.0143977575019438
503000,859600.0,917740.0,888210.8333333334,15552.697302560013,888079.4041980134,0.007596572182940691,1.0176456304742267
504000,864927.0,932307.0,893614.1,14987.594703275612,893492.8300665638,0.007274476423891709,1.0168911704563386
505000,858640.0,927220.0,897124.7333333333,15043.281710321455,897002.5076464801,0.007296652011378493,1.0169430954422256
506000,870385.0,934337.0,896843.6,17597.839625637436,896677.4915298505,0.008492279002263516,1.0197466305686516
507000,864546.0,923271.0,895757.6666666666,13367.427971555062,895660.7964797098,0.006504250930885613,1.0150893023502077
508000,872359.0,927708.0,899453.9,15749.493969648678,899320.5133118613,0.007609124307776272,1.017675043234738
509000,862305.0,944676.0,904378.9,19422.043040993573,904176.5063283946,0.009355428993234794,1.021775368197361
510000,870336.0,927180.0,903604.4333333333,17495.174183251183,903440.0868948116,0.00843333884405416,1.0196082453210211
511000,878398.0,944117.0,903830.7666666667,16256.90419204085,903690.354503116,0.007774034425471561,1.0180615477504191
512000,873928.0,933369.0,903411.3,14244.84116939811,903302.9139490102,0.0068400262438233625,1.0158744233625767
513000,885622.0,954721.0,915875.8666666667,15867.96192448109,915743.6562040932,0.0074966152295939635,1.0174114367279294
514000,878151.0,934798.0,909972.6333333333,16163.664667444978,909833.9323873607,0.007711897337004462,1.0179158980637166
515000,883778.0,945726.0,914693.5,14698.594424356505,914579.3234460069,0.0069800483472874505,1.016202007093874
516000,885275.0,936743.0,911803.7,13949.196091407981,911700.1470988481,0.00666418898955684,1.0154631991356609
517000,899878.0,942690.0,918099.7333333333,12729.00780035935,918014.6508136111,0.006010037174872776,1.0139348189689894
518000,887561.0,952827.0,915183.1666666666,14411.829461228726,915073.8689466114,0.006821081839429755,1.0158301107660546
519000,890545.0,960697.0,924981.0666666667,17831.63494531526,924814.6206031229,0.008384259141798401,1.0194930257093116
520000,897019.0,957836.0,920487.7,16128.006502183798,920351.2787215291,0.007603249729975466,1.0176612775272913
521000,886498.0,943372.0,915023.3333333334,13565.825288095319,914925.9975962412,0.006445373754169549,1.0149516963162646
522000,891486.0,954757.0,923315.0666666667,18820.28732774424,923129.7847108182,0.008848337535285121,1.0205830178255324
523000,901274.0,957612.0,927969.2666666667,14984.954691251176,927852.6610255691,0.006997719483054362,1.0162433564771267
524000,903341.0,969984.0,930003.1666666666,20117.48137057426,929793.7418760887,0.00936490528298886,1.0217976635418664
525000,898513.0,956848.0,927559.1666666666,15932.634840831079,927426.9419528787,0.0074582093481159115,1.0173214681536213
526000,904040.0,969372.0,929986.0,14180.203364136773,929881.9450268146,0.006601137147385217,1.0153157826234163
527000,895700.0,962471.0,929687.2666666667,16485.12579294424,929545.706348165,0.007712795505040791,1.017918003226243
528000,905476.0,968312.0,933250.4666666667,18299.624114725142,933077.152497183,0.008512158193200519,1.0197933090386362
529000,897727.0,975262.0,935086.6666666666,16654.4720396517,934944.0953671598,0.007703526167772438,1.0178962775884899
530000,912337.0,963346.0,939595.8333333334,14954.283383799726,939480.7676367274,0.006913757936925409,1.0160469065574917
531000,905972.0,971395.0,935607.4,17824.386583438492,935443.8837592758,0.008251356624942911,1.0191810888438344
532000,901807.0,967232.0,933245.9333333333,17335.23444424048,933090.6386744945,0.008054447304273587,1.018719096404469
533000,918265.0,968306.0,938170.0666666667,14627.020867000847,938060.6203228123,0.006735546154192149,1.0156300594824508
534000,905577.0,970627.0,941445.4,15172.18681212662,941327.1269585557,0.007003595593132962,1.0162571065901875
535000,909635.0,975712.0,945597.5666666667,17422.70718835808,945441.6744375413,0.00803100679134951,1.018664113772352
536000,920024.0,974325.0,944821.6333333333,14747.86293690537,944710.546932463,0.006771230565774075,1.0157135135707536
537000,921398.0,970702.0,945301.1,13115.510968131297,945213.2436824256,0.006020920250488551,1.0139602276905506
538000,914698.0,975250.0,946006.2333333333,16668.346606632902,945863.6074706456,0.0076799078382042,1.0178409226230223
539000,917500.0,977566.0,949206.9666666667,16743.908280807438,949064.0776762773,0.007666769946091691,1.0178101322664206
540000,912599.0,982923.0,946598.0666666667,17202.786359980364,946447.0344264306,0.007890403902462635,1.0183343745268103
541000,923282.0,982655.0,950856.5666666667,16942.819528176762,950710.8708051656,0.007730230138642205,1.0179588680872798
542000,924037.0,980883.0,948947.3666666667,14992.201741832854,948833.1206300248,0.006851160459183461,1.0159004681549315
543000,919317.0,976099.0,952708.4,15303.260127310712,952589.0683475635,0.006999372786933943,1.016247225193751
544000,918085.0,986451.0,953873.8333333334,18174.567158121194,953706.588115894,0.008270762271474063,1.0192266300852288
545000,920625.0,981984.0,957432.9666666667,15973.649423203275,957303.4471467554,0.0072761440549927265,1.0168950751861214
546000,913806.0,992785.0,958922.5333333333,19050.60584380696,958739.5237462254,0.008631782598649523,1.020074245076257
547000,920019.0,983187.0,950848.4333333333,17262.437468604232,950697.2107196923,0.007875280729793838,1.018298914305497
548000,932174.0,987178.0,958218.8333333334,14554.027756493444,958112.003542159,0.006596069730643509,1.0153039358273068
549000,935615.0,976931.0,957492.7333333333,8181.887468495667,957458.9154246544,0.003713299519822441,1.0085868453796154
550000,934834.0,993279.0,958750.4666666667,16920.37406396111,958606.5322029224,0.007649273323911114,1.0177691281059758
551000,932732.0,989506.0,960631.5,16648.949863849237,960492.5048341891,0.007508326443362311,1.0174388726820478
552000,927538.0,986502.0,957762.7666666667,14755.660741193376,957652.8003117297,0.006695398315176652,1.0155361751040626
553000,930041.0,1010532.0,966913.2666666667,16908.37792120926,966770.3024735232,0.007597405283947938,1.0176475826114244
554000,941554.0,999594.0,963178.0333333333,15073.953275225385,963064.9363681934,0.006755771207693823,1.0156773583809047
555000,941863.0,988729.0,963531.6666666666,15105.862591844207,963417.549694504,0.006793534359420054,1.0157656782822215
556000,934543.0,1005525.0,962423.4,17381.96864291983,962272.2105182928,0.007823205071445094,1.0181768187933453
557000,941066.0,992916.0,966325.0333333333,14615.61470266583,966218.3463394371,0.00656169778514786,1.0152235834580134
558000,936873.0,999951.0,966127.9666666667,17706.40250165388,965971.2291359837,0.007955860398713243,1.018487868587664
559000,939471.0,1010372.0,970801.7,17105.037290225355,970656.3423651049,0.007640459932725714,1.0177484741331069
560000,939931.0,1000144.0,969599.2,15321.353898039348,969482.3901287897,0.006853878455017411,1.0159068261032722
561000,948375.0,999209.0,970010.0,15959.79234157534,969883.4711762206,0.007129472551251486,1.0165517036877163
562000,937812.0,1006818.0,973952.2333333333,15999.392847711511,973825.0347588812,0.007141797547814016,1.016580553177083
563000,943697.0,1012572.0,976025.6333333333,17123.401546307672,975880.6795853556,0.007610231785272733,1.0176776383716624
564000,939328.0,997677.0,969398.1,15253.488974205438,969281.4545552,0.006862243799836776,1.0159263946059984
565000,950545.0,1004135.0,969970.9666666667,16634.867934725153,969834.1637335106,0.007404514557136322,1.017195697532109
566000,941648.0,1001127.0,972672.1666666666,15834.337511229834,972546.9801454,0.007095819733958659,1.016472935697841
567000,929935.0,1007434.0,971882.8666666667,17499.34061562347,971730.8313004726,0.007810629786451529,1.0181473372345566
568000,949761.0,999572.0,970655.9,13869.836648094582,970560.1512595869,0.006203920163887985,1.0143875730539562
569000,949337.0,1005897.0,974350.5333333333,12287.990376739825,974275.666971718,0.005475433941055651,1.0126874640812569
570000,949095.0,996746.0,971677.7666666667,12862.613274681898,971595.6022687521,0.0057422832802597,1.0133098943236825
571000,955809.0,1009354.0,977603.1333333333,16109.624088024877,977474.9586294619,0.0071514106913604485,1.0166030555190426
572000,951819.0,1007254.0,980183.1333333333,13778.311509418512,980089.404031526,0.006110883254109676,1.014170288743528
573000,943907.0,1024735.0,979399.6333333333,19209.644150222066,979218.1368530551,0.00849763876940359,1.0197592156657136
574000,932336.0,1021066.0,983503.3666666667,20817.409006825783,983290.3528157063,0.009195053419515396,1.0213981182782024
575000,959886.0,997810.0,978863.4666666667,11090.629243469099,978802.7454370124,0.004919908565693291,1.0113929186657307
576000,950894.0,1009272.0,976830.9666666667,13047.464920854147,976746.7861037297,0.005798461450246507,1.0134409795201302
577000,947373.0,1022366.0,981673.4333333333,18338.290806460092,981507.6468169907,0.008121405325216772,1.0188761710991867
578000,956157.0,1016843.0,987728.8333333334,15760.212002082166,987606.9614408202,0.006944076375088522,1.0161178400643056
579000,953587.0,1019884.0,982815.6333333333,14406.818769867832,982713.7209030862,0.006359118817261465,1.0147501374543244
580000,958716.0,1020545.0,985948.9666666667,17932.60980003273,985791.6625918852,0.007886776898276132,1.0183258699572832
581000,944166.0,1002634.0,981675.8,13615.384294094016,981583.8787399677,0.006055885852538608,1.0140418662066824
582000,953740.0,1018225.0,986137.0333333333,16146.679076693978,986008.9489983148,0.0071239806144774535,1.0165388488101674
583000,966850.0,1023601.0,986361.4666666667,13585.004993420664,986271.6556690664,0.005950850372034376,1.0137966466604746
584000,953454.0,1026985.0,988658.8666666667,18421.52935493448,988492.715814603,0.008101946885379855,1.0188305216669096
585000,957818.0,1030782.0,987994.3,16910.91466591713,987854.8577022196,0.007415805448179907,1.0172221431711077
586000,966417.0,1009381.0,989409.4666666667,12009.132590150552,989338.9816717398,0.0052733548787350796,1.0122163659244476
587000,950502.0,1015048.0,985545.5333333333,16649.054022486627,985409.4306942698,0.007343742619834566,1.0170533686957335
588000,961682.0,1011246.0,987407.8666666667,13296.995968064088,987321.3659169833,0.0058463068588197765,1.0135526345624855
589000,961759.0,1009844.0,988851.5,12706.106201757673,988772.3208438134,0.0055947957851223895,1.0129658301683182
590000,958908.0,1022250.0,988533.9666666667,16219.437971221407,988405.3470166158,0.007125918623204925,1.01654338505375
591000,958352.0,1020920.0,986761.0,16655.84049784505,986625.616020239,0.007310832006374273,1.0169762998323872
592000,957331.0,1014677.0,988580.0333333333,13920.554075088798,988485.0800727723,0.006125941284225499,1.0142054530666729
593000,968663.0,1015502.0,992917.1,12085.22821421487,992845.9888823796,0.00528703734351623,1.0122482563433302
594000,960983.0,1029544.0,995491.4,19378.298033162482,995308.7457094883,0.008466225156603386,1.0196854565829907
595000,967197.0,1028365.0,997659.3333333334,16759.441586725097,997523.0518600385,0.00730430217724472,1.0169610092131858
596000,961351.0,1022550.0,991507.9333333333,14450.44500671014,991405.8511604809,0.006343397380935612,1.0147134042201111
597000,954916.0,1026910.0,989074.4333333333,17063.495077328767,988932.37194853,0.00748428757125789,1.0173825574234623
598000,962545.0,1030171.0,991291.9333333333,18172.04592116473,991131.7650442673,0.007930805175827846,1.0184291119017541
599000,958541.0,1028480.0,996297.0,15431.094698245062,996181.4660058543,0.006727739318484652,1.0156118027785768
600000,949198.0,1033391.0,992453.3,19518.508991511728,992267.3615117583,0.008556043626420987,1.0198963643025223
