Time,A,B
0,1000,1000
100,1002,998
200,1003,997
300,1001,999
400,999,1001
500,996,1004
600,993,1007
700,1007,993
800,1007,993
900,1014,986
1000,1016,984
1100,1006,994
1200,1003,997
1300,1000,1000
1400,1004,996
1500,1003,997
1600,1008,992
1700,1011,989
1800,1003,997
1900,1006,994
2000,1005,995
2100,1005,995
2200,1006,994
2300,1008,992
2400,1007,993
2500,1010,990
2600,1014,986
2700,1015,985
2800,1013,987
2900,1009,991
3000,1003,997
3100,1003,997
3200,1000,1000
3300,1000,1000
3400,994,1006
3500,991,1009
3600,985,1015
3700,986,1014
3800,988,1012
3900,990,1010
4000,991,1009
4100,993,1007
4200,993,1007
4300,996,1004
4400,990,1010
4500,991,1009
4600,993,1007
4700,995,1005
4800,998,1002
4900,991,1009
5000,997,1003
5100,997,1003
5200,992,1008
5300,990,1010
5400,991,1009
5500,987,1013
5600,985,1015
5700,985,1015
5800,985,1015
5900,987,1013
6000,985,1015
6100,986,1014
6200,979,1021
6300,993,1007
6400,994,1006
6500,984,1016
6600,986,1014
6700,981,1019
6800,981,1019
6900,983,1017
7000,985,1015
7100,980,1020
7200,977,1023
7300,971,1029
7400,973,1027
7500,969,1031
7600,963,1037
7700,965,1035
7800,967,1033
7900,963,1037
8000,960,1040
8100,962,1038
8200,963,1037
8300,959,1041
8400,955,1045
8500,954,1046
8600,959,1041
8700,963,1037
8800,961,1039
8900,954,1046
9000,955,1045
9100,952,1048
9200,953,1047
9300,950,1050
9400,948,1052
9500,951,1049
9600,946,1054
9700,943,1057
9800,945,1055
9900,948,1052
10000,944,1056
10100,945,1055
10200,946,1054
10300,945,1055
10400,949,1051
10500,949,1051
10600,949,1051
10700,954,1046
10800,950,1050
10900,943,1057
11000,938,1062
11100,948,1052
11200,952,1048
11300,954,1046
11400,957,1043
11500,954,1046
11600,957,1043
11700,952,1048
11800,952,1048
11900,959,1041
12000,955,1045
12100,947,1053
12200,947,1053
12300,950,1050
12400,953,1047
12500,949,1051
12600,958,1042
12700,959,1041
12800,961,1039
12900,959,1041
13000,960,1040
13100,956,1044
13200,954,1046
13300,961,1039
13400,969,1031
13500,965,1035
13600,976,1024
13700,975,1025
13800,980,1020
13900,982,1018
14000,979,1021
14100,983,1017
14200,983,1017
14300,983,1017
14400,973,1027
14500,979,1021
14600,981,1019
14700,984,1016
14800,979,1021
14900,973,1027
15000,975,1025
15100,970,1030
15200,974,1026
15300,978,1022
15400,974,1026
15500,975,1025
15600,973,1027
15700,977,1023
15800,973,1027
15900,973,1027
16000,979,1021
16100,977,1023
16200,979,1021
16300,982,1018
16400,980,1020
16500,985,1015
16600,989,1011
16700,982,1018
16800,978,1022
16900,978,1022
17000,985,1015
17100,986,1014
17200,987,1013
17300,985,1015
17400,985,1015
17500,985,1015
17600,990,1010
17700,1004,996
17800,1002,998
17900,997,1003
18000,995,1005
18100,994,1006
18200,996,1004
18300,988,1012
18400,992,1008
18500,994,1006
18600,996,1004
18700,996,1004
18800,1001,999
18900,1008,992
19000,1005,995
19100,1000,1000
19200,1007,993
19300,1007,993
19400,1005,995
19500,1007,993
19600,1002,998
19700,1003,997
19800,997,1003
19900,994,1006
20000,996,1004
20100,999,1001
20200,1003,997
20300,991,1009
20400,990,1010
20500,988,1012
20600,994,1006
20700,987,1013
20800,989,1011
20900,992,1008
21000,981,1019
21100,979,1021
21200,979,1021
21300,980,1020
21400,985,1015
21500,988,1012
21600,988,1012
21700,991,1009
21800,990,1010
21900,997,1003
22000,994,1006
22100,995,1005
22200,998,1002
22300,1006,994
22400,1003,997
22500,1006,994
22600,1005,995
22700,1007,993
22800,1000,1000
22900,1008,992
23000,1012,988
23100,1013,987
23200,1015,985
23300,1019,981
23400,1023,977
23500,1021,979
23600,1025,975
23700,1025,975
23800,1030,970
23900,1025,975
24000,1028,972
24100,1029,971
24200,1033,967
24300,1034,966
24400,1038,962
24500,1041,959
24600,1036,964
24700,1036,964
24800,1037,963
24900,1035,965
25000,1041,959
25100,1031,969
25200,1032,968
25300,1022,978
25400,1025,975
25500,1024,976
25600,1022,978
25700,1026,974
25800,1027,973
25900,1031,969
26000,1030,970
26100,1028,972
26200,1028,972
26300,1031,969
26400,1032,968
26500,1035,965
26600,1037,963
26700,1040,960
26800,1041,959
26900,1046,954
27000,1046,954
27100,1046,954
27200,1033,967
27300,1027,973
27400,1036,964
27500,1034,966
27600,1034,966
27700,1029,971
27800,1023,977
27900,1017,983
28000,1021,979
28100,1019,981
28200,1022,978
28300,1021,979
28400,1022,978
28500,1023,977
28600,1036,964
28700,1037,963
28800,1039,961
28900,1036,964
29000,1038,962
29100,1040,960
29200,1044,956
29300,1048,952
29400,1048,952
29500,1044,956
29600,1039,961
29700,1042,958
29800,1050,950
29900,1049,951
30000,1052,948
30100,1055,945
30200,1056,944
30300,1064,936
30400,1066,934
30500,1060,940
30600,1064,936
30700,1063,937
30800,1063,937
30900,1055,945
31000,1059,941
31100,1055,945
31200,1061,939
31300,1059,941
31400,1064,936
31500,1072,928
31600,1068,932
31700,1069,931
31800,1073,927
31900,1076,924
32000,1074,926
32100,1082,918
32200,1081,919
32300,1083,917
32400,1072,928
32500,1074,926
32600,1072,928
32700,1075,925
32800,1071,929
32900,1063,937
33000,1070,930
33100,1069,931
33200,1063,937
33300,1065,935
33400,1061,939
33500,1053,947
33600,1055,945
33700,1054,946
33800,1050,950
33900,1054,946
34000,1053,947
34100,1053,947
34200,1051,949
34300,1055,945
34400,1057,943
34500,1054,946
34600,1059,941
34700,1055,945
34800,1047,953
34900,1058,942
35000,1059,941
35100,1059,941
35200,1056,944
35300,1052,948
35400,1059,941
35500,1052,948
35600,1056,944
35700,1061,939
35800,1060,940
35900,1061,939
36000,1060,940
36100,1061,939
36200,1055,945
36300,1055,945
36400,1053,947
36500,1055,945
36600,1057,943
36700,1051,949
36800,1055,945
36900,1055,945
37000,1060,940
37100,1067,933
37200,1066,934
37300,1062,938
37400,1062,938
37500,1060,940
37600,1062,938
37700,1058,942
37800,1063,937
37900,1065,935
38000,1054,946
38100,1052,948
38200,1050,950
38300,1051,949
38400,1050,950
38500,1048,952
38600,1050,950
38700,1054,946
38800,1048,952
38900,1057,943
39000,1055,945
39100,1050,950
39200,1045,955
39300,1044,956
39400,1046,954
39500,1046,954
39600,1050,950
39700,1060,940
39800,1062,938
39900,1064,936
40000,1063,937
40100,1068,932
40200,1069,931
40300,1070,930
40400,1066,934
40500,1071,929
40600,1064,936
40700,1068,932
40800,1071,929
40900,1071,929
41000,1071,929
41100,1063,937
41200,1064,936
41300,1063,937
41400,1064,936
41500,1062,938
41600,1063,937
41700,1060,940
41800,1056,944
41900,1049,951
42000,1043,957
42100,1036,964
42200,1033,967
42300,1032,968
42400,1029,971
42500,1030,970
42600,1035,965
42700,1037,963
42800,1026,974
42900,1017,983
43000,1021,979
43100,1027,973
43200,1032,968
43300,1030,970
43400,1036,964
43500,1038,962
43600,1044,956
43700,1048,952
43800,1050,950
43900,1042,958
44000,1041,959
44100,1040,960
44200,1039,961
44300,1045,955
44400,1040,960
44500,1042,958
44600,1046,954
44700,1049,951
44800,1051,949
44900,1050,950
45000,1053,947
45100,1042,958
45200,1032,968
45300,1033,967
45400,1026,974
45500,1025,975
45600,1030,970
45700,1022,978
45800,1018,982
45900,1018,982
46000,1010,990
46100,1008,992
46200,1009,991
46300,1011,989
46400,1010,990
46500,1011,989
46600,1010,990
46700,1009,991
46800,1011,989
46900,1019,981
47000,1027,973
47100,1028,972
47200,1018,982
47300,1011,989
47400,1010,990
47500,996,1004
47600,997,1003
47700,999,1001
47800,1003,997
47900,1011,989
48000,1010,990
48100,1004,996
48200,1008,992
48300,1003,997
48400,1005,995
48500,1004,996
48600,1017,983
48700,1009,991
48800,1015,985
48900,1019,981
49000,1020,980
49100,1031,969
49200,1031,969
49300,1035,965
49400,1035,965
49500,1043,957
49600,1042,958
49700,1046,954
49800,1050,950
49900,1054,946
50000,1047,953
50100,1055,945
50200,1059,941
50300,1050,950
50400,1047,953
50500,1038,962
50600,1033,967
50700,1032,968
50800,1034,966
50900,1037,963
51000,1035,965
51100,1032,968
51200,1042,958
51300,1046,954
51400,1037,963
51500,1033,967
51600,1034,966
51700,1038,962
51800,1039,961
51900,1041,959
52000,1044,956
52100,1044,956
52200,1043,957
52300,1042,958
52400,1040,960
52500,1042,958
52600,1043,957
52700,1039,961
52800,1030,970
52900,1033,967
53000,1034,966
53100,1035,965
53200,1043,957
53300,1045,955
53400,1048,952
53500,1048,952
53600,1048,952
53700,1053,947
53800,1056,944
53900,1051,949
54000,1056,944
54100,1056,944
54200,1057,943
54300,1058,942
54400,1059,941
54500,1049,951
54600,1051,949
54700,1042,958
54800,1037,963
54900,1040,960
55000,1034,966
55100,1031,969
55200,1039,961
55300,1045,955
55400,1056,944
55500,1049,951
55600,1056,944
55700,1065,935
55800,1069,931
55900,1076,924
56000,1079,921
56100,1083,917
56200,1085,915
56300,1084,916
56400,1085,915
56500,1091,909
56600,1094,906
56700,1097,903
56800,1096,904
56900,1090,910
57000,1091,909
57100,1087,913
57200,1088,912
57300,1088,912
57400,1096,904
57500,1101,899
57600,1092,908
57700,1092,908
57800,1092,908
57900,1091,909
58000,1096,904
58100,1097,903
58200,1099,901
58300,1106,894
58400,1099,901
58500,1100,900
58600,1087,913
58700,1086,914
58800,1092,908
58900,1093,907
59000,1100,900
59100,1099,901
59200,1101,899
59300,1104,896
59400,1099,901
59500,1089,911
59600,1085,915
59700,1086,914
59800,1086,914
59900,1091,909
60000,1091,909
60100,1091,909
60200,1100,900
60300,1103,897
60400,1100,900
60500,1105,895
60600,1105,895
60700,1106,894
60800,1105,895
60900,1101,899
61000,1114,886
61100,1112,888
61200,1116,884
61300,1123,877
61400,1127,873
61500,1118,882
61600,1117,883
61700,1108,892
61800,1110,890
61900,1118,882
62000,1124,876
62100,1116,884
62200,1116,884
62300,1113,887
62400,1115,885
62500,1120,880
62600,1126,874
62700,1127,873
62800,1122,878
62900,1117,883
63000,1114,886
63100,1108,892
63200,1102,898
63300,1100,900
63400,1092,908
63500,1089,911
63600,1089,911
63700,1092,908
63800,1087,913
63900,1084,916
64000,1089,911
64100,1090,910
64200,1092,908
64300,1091,909
64400,1088,912
64500,1078,922
64600,1077,923
64700,1071,929
64800,1068,932
64900,1070,930
65000,1066,934
65100,1062,938
65200,1064,936
65300,1064,936
65400,1061,939
65500,1059,941
65600,1059,941
65700,1061,939
65800,1067,933
65900,1059,941
66000,1063,937
66100,1058,942
66200,1061,939
66300,1057,943
66400,1048,952
66500,1048,952
66600,1041,959
66700,1043,957
66800,1044,956
66900,1043,957
67000,1047,953
67100,1047,953
67200,1048,952
67300,1049,951
67400,1045,955
67500,1045,955
67600,1041,959
67700,1041,959
67800,1035,965
67900,1032,968
68000,1033,967
68100,1035,965
68200,1039,961
68300,1037,963
68400,1039,961
68500,1045,955
68600,1039,961
68700,1045,955
68800,1037,963
68900,1042,958
69000,1040,960
69100,1046,954
69200,1051,949
69300,1053,947
69400,1050,950
69500,1051,949
69600,1050,950
69700,1045,955
69800,1047,953
69900,1048,952
70000,1048,952
70100,1054,946
70200,1049,951
70300,1054,946
70400,1055,945
70500,1056,944
70600,1060,940
70700,1064,936
70800,1064,936
70900,1064,936
71000,1069,931
71100,1072,928
71200,1074,926
71300,1070,930
71400,1065,935
71500,1059,941
71600,1054,946
71700,1046,954
71800,1037,963
71900,1046,954
72000,1045,955
72100,1049,951
72200,1058,942
72300,1055,945
72400,1051,949
72500,1049,951
72600,1053,947
72700,1049,951
72800,1044,956
72900,1041,959
73000,1044,956
73100,1042,958
73200,1042,958
73300,1052,948
73400,1049,951
73500,1052,948
73600,1051,949
73700,1054,946
73800,1046,954
73900,1047,953
74000,1050,950
74100,1041,959
74200,1049,951
74300,1055,945
74400,1063,937
74500,1057,943
74600,1058,942
74700,1058,942
74800,1055,945
74900,1057,943
75000,1062,938
75100,1056,944
75200,1065,935
75300,1063,937
75400,1067,933
75500,1061,939
75600,1062,938
75700,1059,941
75800,1054,946
75900,1061,939
76000,1062,938
76100,1063,937
76200,1056,944
76300,1057,943
76400,1053,947
76500,1053,947
76600,1056,944
76700,1057,943
76800,1053,947
76900,1054,946
77000,1051,949
77100,1044,956
77200,1045,955
77300,1061,939
77400,1052,948
77500,1054,946
77600,1052,948
77700,1055,945
77800,1054,946
77900,1056,944
78000,1051,949
78100,1056,944
78200,1054,946
78300,1068,932
78400,1067,933
78500,1063,937
78600,1061,939
78700,1064,936
78800,1070,930
78900,1074,926
79000,1069,931
79100,1064,936
79200,1071,929
79300,1077,923
79400,1081,919
79500,1078,922
79600,1076,924
79700,1088,912
79800,1083,917
79900,1084,916
80000,1088,912
80100,1086,914
80200,1091,909
80300,1091,909
80400,1086,914
80500,1092,908
80600,1095,905
80700,1101,899
80800,1098,902
80900,1097,903
81000,1106,894
81100,1104,896
81200,1108,892
81300,1117,883
81400,1121,879
81500,1118,882
81600,1116,884
81700,1122,878
81800,1127,873
81900,1130,870
82000,1130,870
82100,1130,870
82200,1128,872
82300,1135,865
82400,1130,870
82500,1131,869
82600,1136,864
82700,1135,865
82800,1139,861
82900,1139,861
83000,1136,864
83100,1130,870
83200,1125,875
83300,1125,875
83400,1122,878
83500,1123,877
83600,1117,883
83700,1115,885
83800,1111,889
83900,1112,888
84000,1121,879
84100,1120,880
84200,1123,877
84300,1125,875
84400,1131,869
84500,1133,867
84600,1133,867
84700,1122,878
84800,1121,879
84900,1119,881
85000,1117,883
85100,1110,890
85200,1111,889
85300,1107,893
85400,1113,887
85500,1103,897
85600,1098,902
85700,1099,901
85800,1108,892
85900,1113,887
86000,1113,887
86100,1109,891
86200,1105,895
86300,1099,901
86400,1101,899
86500,1103,897
86600,1099,901
86700,1094,906
86800,1090,910
86900,1091,909
87000,1090,910
87100,1084,916
87200,1081,919
87300,1082,918
87400,1078,922
87500,1085,915
87600,1089,911
87700,1084,916
87800,1081,919
87900,1081,919
88000,1084,916
88100,1089,911
88200,1089,911
88300,1078,922
88400,1074,926
88500,1071,929
88600,1070,930
88700,1072,928
88800,1067,933
88900,1075,925
89000,1074,926
89100,1081,919
89200,1079,921
89300,1071,929
89400,1065,935
89500,1071,929
89600,1069,931
89700,1071,929
89800,1068,932
89900,1070,930
90000,1076,924
90100,1079,921
90200,1071,929
90300,1078,922
90400,1077,923
90500,1095,905
90600,1093,907
90700,1097,903
90800,1100,900
90900,1101,899
91000,1107,893
91100,1099,901
91200,1112,888
91300,1110,890
91400,1115,885
91500,1111,889
91600,1110,890
91700,1112,888
91800,1112,888
91900,1116,884
92000,1114,886
92100,1107,893
92200,1108,892
92300,1105,895
92400,1108,892
92500,1111,889
92600,1116,884
92700,1120,880
92800,1124,876
92900,1126,874
93000,1123,877
93100,1122,878
93200,1121,879
93300,1125,875
93400,1126,874
93500,1136,864
93600,1140,860
93700,1138,862
93800,1141,859
93900,1149,851
94000,1151,849
94100,1158,842
94200,1159,841
94300,1158,842
94400,1158,842
94500,1161,839
94600,1164,836
94700,1167,833
94800,1167,833
94900,1162,838
95000,1156,844
95100,1152,848
95200,1149,851
95300,1145,855
95400,1142,858
95500,1141,859
95600,1142,858
95700,1142,858
95800,1135,865
95900,1130,870
96000,1129,871
96100,1120,880
96200,1126,874
96300,1128,872
96400,1126,874
96500,1126,874
96600,1124,876
96700,1119,881
96800,1124,876
96900,1117,883
97000,1114,886
97100,1117,883
97200,1117,883
97300,1122,878
97400,1116,884
97500,1123,877
97600,1119,881
97700,1111,889
97800,1110,890
97900,1111,889
98000,1118,882
98100,1121,879
98200,1122,878
98300,1122,878
98400,1121,879
98500,1115,885
98600,1109,891
98700,1108,892
98800,1115,885
98900,1117,883
99000,1111,889
99100,1110,890
99200,1105,895
99300,1110,890
99400,1110,890
99500,1105,895
99600,1100,900
99700,1103,897
99800,1098,902
99900,1099,901
100000,1103,897
100100,1106,894
100200,1108,892
100300,1106,894
100400,1107,893
100500,1105,895
100600,1104,896
100700,1104,896
100800,1104,896
100900,1103,897
101000,1104,896
101100,1106,894
101200,1104,896
101300,1114,886
101400,1108,892
101500,1111,889
101600,1107,893
101700,1103,897
101800,1108,892
101900,1110,890
102000,1110,890
102100,1111,889
102200,1107,893
102300,1100,900
102400,1096,904
102500,1098,902
102600,1103,897
102700,1098,902
102800,1097,903
102900,1098,902
103000,1099,901
103100,1092,908
103200,1093,907
103300,1102,898
103400,1102,898
103500,1103,897
103600,1103,897
103700,1106,894
103800,1108,892
103900,1112,888
104000,1114,886
104100,1109,891
104200,1109,891
104300,1114,886
104400,1114,886
104500,1111,889
104600,1113,887
104700,1109,891
104800,1111,889
104900,1110,890
105000,1104,896
105100,1112,888
105200,1110,890
105300,1115,885
105400,1103,897
105500,1104,896
105600,1096,904
105700,1098,902
105800,1090,910
105900,1096,904
106000,1088,912
106100,1084,916
106200,1090,910
106300,1088,912
106400,1086,914
106500,1092,908
106600,1095,905
106700,1100,900
106800,1093,907
106900,1090,910
107000,1089,911
107100,1101,899
107200,1103,897
107300,1105,895
107400,1104,896
107500,1105,895
107600,1103,897
107700,1112,888
107800,1104,896
107900,1110,890
108000,1113,887
108100,1110,890
108200,1102,898
108300,1098,902
108400,1091,909
108500,1094,906
108600,1101,899
108700,1100,900
108800,1101,899
108900,1102,898
109000,1097,903
109100,1108,892
109200,1105,895
109300,1106,894
109400,1098,902
109500,1099,901
109600,1094,906
109700,1096,904
109800,1089,911
109900,1097,903
110000,1092,908
110100,1090,910
110200,1082,918
110300,1091,909
110400,1095,905
110500,1099,901
110600,1088,912
110700,1091,909
110800,1092,908
110900,1089,911
111000,1088,912
111100,1083,917
111200,1088,912
111300,1085,915
111400,1083,917
111500,1078,922
111600,1073,927
111700,1059,941
111800,1065,935
111900,1057,943
112000,1065,935
112100,1059,941
112200,1060,940
112300,1067,933
112400,1063,937
112500,1064,936
112600,1065,935
112700,1062,938
112800,1059,941
112900,1060,940
113000,1062,938
113100,1061,939
113200,1056,944
113300,1052,948
113400,1049,951
113500,1043,957
113600,1049,951
113700,1046,954
113800,1043,957
113900,1037,963
114000,1042,958
114100,1033,967
114200,1033,967
114300,1037,963
114400,1037,963
114500,1044,956
114600,1040,960
114700,1042,958
114800,1044,956
114900,1040,960
115000,1042,958
115100,1040,960
115200,1044,956
115300,1046,954
115400,1039,961
115500,1030,970
115600,1026,974
115700,1032,968
115800,1038,962
115900,1043,957
116000,1043,957
116100,1038,962
116200,1045,955
116300,1046,954
116400,1046,954
116500,1051,949
116600,1050,950
116700,1049,951
116800,1052,948
116900,1057,943
117000,1059,941
117100,1061,939
117200,1060,940
117300,1064,936
117400,1058,942
117500,1055,945
117600,1052,948
117700,1051,949
117800,1051,949
117900,1056,944
118000,1061,939
118100,1065,935
118200,1074,926
118300,1079,921
118400,1077,923
118500,1074,926
118600,1068,932
118700,1075,925
118800,1072,928
118900,1069,931
119000,1071,929
119100,1072,928
119200,1078,922
119300,1073,927
119400,1074,926
119500,1077,923
119600,1076,924
119700,1071,929
119800,1066,934
119900,1067,933
120000,1069,931
120100,1061,939
120200,1058,942
120300,1056,944
120400,1057,943
120500,1060,940
120600,1059,941
120700,1055,945
120800,1055,945
120900,1052,948
121000,1048,952
121100,1048,952
121200,1040,960
121300,1043,957
121400,1036,964
121500,1034,966
121600,1030,970
121700,1025,975
121800,1023,977
121900,1024,976
122000,1030,970
122100,1026,974
122200,1025,975
122300,1025,975
122400,1031,969
122500,1033,967
122600,1036,964
122700,1035,965
122800,1030,970
122900,1036,964
123000,1028,972
123100,1028,972
123200,1023,977
123300,1025,975
123400,1017,983
123500,1016,984
123600,1019,981
123700,1022,978
123800,1028,972
123900,1027,973
124000,1031,969
124100,1041,959
124200,1037,963
124300,1037,963
124400,1042,958
124500,1044,956
124600,1039,961
124700,1033,967
124800,1041,959
124900,1036,964
125000,1038,962
125100,1046,954
125200,1045,955
125300,1045,955
125400,1049,951
125500,1057,943
125600,1055,945
125700,1058,942
125800,1056,944
125900,1058,942
126000,1063,937
126100,1066,934
126200,1068,932
126300,1066,934
126400,1062,938
126500,1066,934
126600,1058,942
126700,1055,945
126800,1057,943
126900,1057,943
127000,1052,948
127100,1042,958
127200,1042,958
127300,1041,959
127400,1036,964
127500,1034,966
127600,1026,974
127700,1025,975
127800,1038,962
127900,1035,965
128000,1039,961
128100,1048,952
128200,1053,947
128300,1055,945
128400,1053,947
128500,1050,950
128600,1053,947
128700,1045,955
128800,1047,953
128900,1043,957
129000,1039,961
129100,1038,962
129200,1044,956
129300,1051,949
129400,1051,949
129500,1046,954
129600,1045,955
129700,1049,951
129800,1051,949
129900,1053,947
130000,1052,948
130100,1048,952
130200,1051,949
130300,1046,954
130400,1045,955
130500,1037,963
130600,1034,966
130700,1041,959
130800,1048,952
130900,1050,950
131000,1045,955
131100,1050,950
131200,1043,957
131300,1037,963
131400,1036,964
131500,1031,969
131600,1028,972
131700,1033,967
131800,1028,972
131900,1025,975
132000,1024,976
132100,1013,987
132200,1004,996
132300,1011,989
132400,1007,993
132500,1014,986
132600,1016,984
132700,1015,985
132800,1013,987
132900,1017,983
133000,1018,982
133100,1012,988
133200,1013,987
133300,1014,986
133400,1031,969
133500,1027,973
133600,1026,974
133700,1026,974
133800,1021,979
133900,1022,978
134000,1012,988
134100,1024,976
134200,1024,976
134300,1033,967
134400,1033,967
134500,1030,970
134600,1031,969
134700,1030,970
134800,1028,972
134900,1030,970
135000,1027,973
135100,1029,971
135200,1021,979
135300,1026,974
135400,1026,974
135500,1021,979
135600,1020,980
135700,1019,981
135800,1020,980
135900,1018,982
136000,1021,979
136100,1017,983
136200,1015,985
136300,1016,984
136400,1011,989
136500,1004,996
136600,1005,995
136700,1004,996
136800,1002,998
136900,997,1003
137000,995,1005
137100,999,1001
137200,997,1003
137300,996,1004
137400,996,1004
137500,1001,999
137600,1007,993
137700,1002,998
137800,999,1001
137900,994,1006
138000,1004,996
138100,1001,999
138200,1001,999
138300,997,1003
138400,1002,998
138500,1000,1000
138600,990,1010
138700,995,1005
138800,997,1003
138900,996,1004
139000,998,1002
139100,996,1004
139200,996,1004
139300,997,1003
139400,997,1003
139500,991,1009
139600,982,1018
139700,982,1018
139800,978,1022
139900,981,1019
140000,983,1017
140100,995,1005
140200,994,1006
140300,987,1013
140400,981,1019
140500,988,1012
140600,986,1014
140700,994,1006
140800,1001,999
140900,998,1002
141000,1003,997
141100,1005,995
141200,999,1001
141300,999,1001
141400,998,1002
141500,995,1005
141600,990,1010
141700,995,1005
141800,1002,998
141900,1007,993
142000,1007,993
142100,1007,993
142200,1001,999
142300,1002,998
142400,1008,992
142500,1010,990
142600,1015,985
142700,1009,991
142800,1018,982
142900,1019,981
143000,1020,980
143100,1016,984
143200,1014,986
143300,1016,984
143400,1019,981
143500,1020,980
143600,1025,975
143700,1025,975
143800,1021,979
143900,1028,972
144000,1020,980
144100,1020,980
144200,1013,987
144300,1011,989
144400,1011,989
144500,1011,989
144600,1013,987
144700,1012,988
144800,1003,997
144900,1003,997
145000,999,1001
145100,1000,1000
145200,1008,992
145300,1008,992
145400,1006,994
145500,1008,992
145600,1011,989
145700,1016,984
145800,1023,977
145900,1030,970
146000,1032,968
146100,1035,965
146200,1036,964
146300,1045,955
146400,1046,954
146500,1051,949
146600,1045,955
146700,1047,953
146800,1045,955
146900,1049,951
147000,1047,953
147100,1051,949
147200,1049,951
147300,1052,948
147400,1053,947
147500,1055,945
147600,1063,937
147700,1065,935
147800,1069,931
147900,1068,932
148000,1065,935
148100,1061,939
148200,1058,942
148300,1058,942
148400,1047,953
148500,1044,956
148600,1037,963
148700,1035,965
148800,1038,962
148900,1035,965
149000,1039,961
149100,1037,963
149200,1036,964
149300,1030,970
149400,1023,977
149500,1028,972
149600,1040,960
149700,1037,963
149800,1038,962
149900,1038,962
150000,1034,966
150100,1042,958
150200,1040,960
150300,1034,966
150400,1039,961
150500,1039,961
150600,1035,965
150700,1033,967
150800,1034,966
150900,1033,967
151000,1041,959
151100,1036,964
151200,1039,961
151300,1036,964
151400,1034,966
151500,1033,967
151600,1032,968
151700,1036,964
151800,1042,958
151900,1042,958
152000,1040,960
152100,1045,955
152200,1040,960
152300,1036,964
152400,1028,972
152500,1038,962
152600,1036,964
152700,1032,968
152800,1033,967
152900,1036,964
153000,1043,957
153100,1046,954
153200,1043,957
153300,1037,963
153400,1039,961
153500,1041,959
153600,1045,955
153700,1045,955
153800,1042,958
153900,1033,967
154000,1028,972
154100,1032,968
154200,1032,968
154300,1029,971
154400,1025,975
154500,1029,971
154600,1028,972
154700,1026,974
154800,1028,972
154900,1030,970
155000,1033,967
155100,1038,962
155200,1042,958
155300,1047,953
155400,1044,956
155500,1044,956
155600,1037,963
155700,1032,968
155800,1031,969
155900,1031,969
156000,1037,963
156100,1036,964
156200,1037,963
156300,1038,962
156400,1035,965
156500,1035,965
156600,1034,966
156700,1027,973
156800,1026,974
156900,1026,974
157000,1017,983
157100,1016,984
157200,1014,986
157300,1010,990
157400,1009,991
157500,1012,988
157600,1013,987
157700,1013,987
157800,1008,992
157900,1000,1000
158000,999,1001
158100,1008,992
158200,1014,986
158300,1011,989
158400,1004,996
158500,1004,996
158600,1003,997
158700,999,1001
158800,999,1001
158900,995,1005
159000,990,1010
159100,989,1011
159200,987,1013
159300,983,1017
159400,981,1019
159500,984,1016
159600,984,1016
159700,987,1013
159800,979,1021
159900,977,1023
160000,978,1022
160100,973,1027
160200,974,1026
160300,976,1024
160400,979,1021
160500,978,1022
160600,980,1020
160700,982,1018
160800,973,1027
160900,972,1028
161000,969,1031
161100,965,1035
161200,975,1025
161300,984,1016
161400,990,1010
161500,995,1005
161600,991,1009
161700,993,1007
161800,997,1003
161900,998,1002
162000,997,1003
162100,1000,1000
162200,1006,994
162300,1015,985
162400,1020,980
162500,1020,980
162600,1019,981
162700,1019,981
162800,1021,979
162900,1022,978
163000,1022,978
163100,1019,981
163200,1017,983
163300,1015,985
163400,1018,982
163500,1027,973
163600,1031,969
163700,1031,969
163800,1037,963
163900,1035,965
164000,1029,971
164100,1019,981
164200,1027,973
164300,1024,976
164400,1022,978
164500,1020,980
164600,1019,981
164700,1022,978
164800,1015,985
164900,1014,986
165000,1019,981
165100,1017,983
165200,1018,982
165300,1022,978
165400,1018,982
165500,1016,984
165600,1010,990
165700,1008,992
165800,998,1002
165900,1003,997
166000,999,1001
166100,1004,996
166200,998,1002
166300,999,1001
166400,996,1004
166500,994,1006
166600,1003,997
166700,994,1006
166800,992,1008
166900,993,1007
167000,989,1011
167100,994,1006
167200,997,1003
167300,1002,998
167400,997,1003
167500,991,1009
167600,997,1003
167700,996,1004
167800,997,1003
167900,1004,996
168000,1014,986
168100,1021,979
168200,1024,976
168300,1026,974
168400,1028,972
168500,1035,965
168600,1030,970
168700,1032,968
168800,1035,965
168900,1031,969
169000,1031,969
169100,1035,965
169200,1030,970
169300,1030,970
169400,1033,967
169500,1038,962
169600,1032,968
169700,1036,964
169800,1037,963
169900,1041,959
170000,1051,949
170100,1049,951
170200,1048,952
170300,1045,955
170400,1046,954
170500,1048,952
170600,1041,959
170700,1045,955
170800,1044,956
170900,1042,958
171000,1040,960
171100,1038,962
171200,1037,963
171300,1035,965
171400,1034,966
171500,1035,965
171600,1034,966
171700,1047,953
171800,1042,958
171900,1036,964
172000,1038,962
172100,1034,966
172200,1030,970
172300,1035,965
172400,1029,971
172500,1026,974
172600,1025,975
172700,1022,978
172800,1026,974
172900,1026,974
173000,1011,989
173100,1009,991
173200,1010,990
173300,999,1001
173400,996,1004
173500,995,1005
173600,1002,998
173700,1005,995
173800,1005,995
173900,999,1001
174000,998,1002
174100,996,1004
174200,999,1001
174300,1001,999
174400,1007,993
174500,1005,995
174600,1015,985
174700,1018,982
174800,1018,982
174900,1014,986
175000,1017,983
175100,1019,981
175200,1023,977
175300,1025,975
175400,1020,980
175500,1030,970
175600,1026,974
175700,1034,966
175800,1034,966
175900,1031,969
176000,1030,970
176100,1032,968
176200,1028,972
176300,1031,969
176400,1029,971
176500,1027,973
176600,1034,966
176700,1030,970
176800,1034,966
176900,1035,965
177000,1034,966
177100,1031,969
177200,1033,967
177300,1028,972
177400,1029,971
177500,1028,972
177600,1028,972
177700,1029,971
177800,1033,967
177900,1033,967
178000,1041,959
178100,1042,958
178200,1038,962
178300,1039,961
178400,1044,956
178500,1036,964
178600,1036,964
178700,1038,962
178800,1045,955
178900,1052,948
179000,1046,954
179100,1045,955
179200,1054,946
179300,1065,935
179400,1061,939
179500,1060,940
179600,1066,934
179700,1065,935
179800,1069,931
179900,1069,931
180000,1071,929
180100,1068,932
180200,1062,938
180300,1065,935
180400,1069,931
180500,1075,925
180600,1076,924
180700,1074,926
180800,1070,930
180900,1067,933
181000,1072,928
181100,1075,925
181200,1078,922
181300,1077,923
181400,1070,930
181500,1069,931
181600,1070,930
181700,1062,938
181800,1063,937
181900,1054,946
182000,1054,946
182100,1045,955
182200,1035,965
182300,1031,969
182400,1026,974
182500,1019,981
182600,1018,982
182700,1016,984
182800,1024,976
182900,1018,982
183000,1008,992
183100,1010,990
183200,1010,990
183300,1005,995
183400,1010,990
183500,1008,992
183600,1004,996
183700,1001,999
183800,998,1002
183900,1000,1000
184000,1003,997
184100,999,1001
184200,1011,989
184300,1016,984
184400,1014,986
184500,1010,990
184600,1015,985
184700,1020,980
184800,1016,984
184900,1021,979
185000,1021,979
185100,1026,974
185200,1033,967
185300,1034,966
185400,1027,973
185500,1027,973
185600,1028,972
185700,1034,966
185800,1029,971
185900,1033,967
186000,1034,966
186100,1027,973
186200,1025,975
186300,1023,977
186400,1026,974
186500,1024,976
186600,1025,975
186700,1023,977
186800,1024,976
186900,1020,980
187000,1018,982
187100,1020,980
187200,1018,982
187300,1016,984
187400,1008,992
187500,1006,994
187600,1002,998
187700,994,1006
187800,994,1006
187900,997,1003
188000,993,1007
188100,986,1014
188200,986,1014
188300,986,1014
188400,985,1015
188500,983,1017
188600,989,1011
188700,994,1006
188800,995,1005
188900,1003,997
189000,1007,993
189100,1004,996
189200,999,1001
189300,1001,999
189400,997,1003
189500,999,1001
189600,997,1003
189700,992,1008
189800,996,1004
189900,1002,998
190000,1007,993
190100,1007,993
190200,1002,998
190300,1005,995
190400,1004,996
190500,1002,998
190600,1002,998
190700,1003,997
190800,997,1003
190900,999,1001
191000,994,1006
191100,993,1007
191200,992,1008
191300,991,1009
191400,988,1012
191500,989,1011
191600,985,1015
191700,986,1014
191800,983,1017
191900,978,1022
192000,975,1025
192100,983,1017
192200,984,1016
192300,989,1011
192400,986,1014
192500,984,1016
192600,994,1006
192700,992,1008
192800,987,1013
192900,1002,998
193000,1008,992
193100,1015,985
193200,1013,987
193300,1018,982
193400,1021,979
193500,1015,985
193600,1016,984
193700,1008,992
193800,1010,990
193900,1016,984
194000,1011,989
194100,1011,989
194200,1011,989
194300,1003,997
194400,1008,992
194500,1010,990
194600,1008,992
194700,1003,997
194800,1005,995
194900,1004,996
195000,1004,996
195100,1005,995
195200,1004,996
195300,998,1002
195400,996,1004
195500,995,1005
195600,987,1013
195700,985,1015
195800,986,1014
195900,985,1015
196000,986,1014
196100,989,1011
196200,987,1013
196300,992,1008
196400,992,1008
196500,990,1010
196600,985,1015
196700,990,1010
196800,978,1022
196900,969,1031
197000,971,1029
197100,972,1028
197200,969,1031
197300,964,1036
197400,969,1031
197500,967,1033
197600,968,1032
197700,961,1039
197800,955,1045
197900,947,1053
198000,954,1046
198100,961,1039
198200,957,1043
198300,960,1040
198400,967,1033
198500,969,1031
198600,963,1037
198700,965,1035
198800,960,1040
198900,956,1044
199000,958,1042
199100,956,1044
199200,956,1044
199300,953,1047
199400,946,1054
199500,943,1057
199600,939,1061
199700,930,1070
199800,933,1067
199900,940,1060
200000,943,1057
200100,947,1053
200200,946,1054
200300,946,1054
200400,950,1050
200500,956,1044
200600,959,1041
200700,959,1041
200800,964,1036
200900,960,1040
201000,951,1049
201100,946,1054
201200,943,1057
201300,945,1055
201400,947,1053
201500,947,1053
201600,953,1047
201700,951,1049
201800,955,1045
201900,955,1045
202000,953,1047
202100,950,1050
202200,946,1054
202300,944,1056
202400,958,1042
202500,955,1045
202600,957,1043
202700,966,1034
202800,965,1035
202900,967,1033
203000,959,1041
203100,960,1040
203200,964,1036
203300,965,1035
203400,965,1035
203500,967,1033
203600,978,1022
203700,973,1027
203800,970,1030
203900,971,1029
204000,964,1036
204100,971,1029
204200,978,1022
204300,974,1026
204400,981,1019
204500,983,1017
204600,983,1017
204700,975,1025
204800,985,1015
204900,979,1021
205000,979,1021
205100,971,1029
205200,973,1027
205300,966,1034
205400,962,1038
205500,965,1035
205600,970,1030
205700,972,1028
205800,972,1028
205900,971,1029
206000,965,1035
206100,964,1036
206200,969,1031
206300,967,1033
206400,972,1028
206500,969,1031
206600,973,1027
206700,974,1026
206800,975,1025
206900,973,1027
207000,968,1032
207100,970,1030
207200,971,1029
207300,964,1036
207400,959,1041
207500,952,1048
207600,965,1035
207700,969,1031
207800,974,1026
207900,970,1030
208000,969,1031
208100,972,1028
208200,977,1023
208300,974,1026
208400,970,1030
208500,965,1035
208600,957,1043
208700,954,1046
208800,953,1047
208900,952,1048
209000,961,1039
209100,957,1043
209200,954,1046
209300,946,1054
209400,950,1050
209500,954,1046
209600,956,1044
209700,958,1042
209800,954,1046
209900,957,1043
210000,963,1037
210100,968,1032
210200,967,1033
210300,969,1031
210400,963,1037
210500,961,1039
210600,967,1033
210700,970,1030
210800,972,1028
210900,967,1033
211000,972,1028
211100,970,1030
211200,968,1032
211300,971,1029
211400,973,1027
211500,969,1031
211600,965,1035
211700,973,1027
211800,969,1031
211900,968,1032
212000,969,1031
212100,969,1031
212200,965,1035
212300,962,1038
212400,959,1041
212500,964,1036
212600,971,1029
212700,971,1029
212800,979,1021
212900,979,1021
213000,976,1024
213100,972,1028
213200,968,1032
213300,963,1037
213400,966,1034
213500,969,1031
213600,960,1040
213700,963,1037
213800,963,1037
213900,960,1040
214000,959,1041
214100,960,1040
214200,967,1033
214300,970,1030
214400,972,1028
214500,970,1030
214600,978,1022
214700,974,1026
214800,980,1020
214900,978,1022
215000,976,1024
215100,977,1023
215200,979,1021
215300,982,1018
215400,986,1014
215500,990,1010
215600,991,1009
215700,990,1010
215800,989,1011
215900,997,1003
216000,1000,1000
216100,998,1002
216200,1002,998
216300,1001,999
216400,996,1004
216500,993,1007
216600,992,1008
216700,993,1007
216800,989,1011
216900,993,1007
217000,1003,997
217100,1009,991
217200,1004,996
217300,1009,991
217400,1005,995
217500,998,1002
217600,994,1006
217700,990,1010
217800,989,1011
217900,987,1013
218000,980,1020
218100,979,1021
218200,982,1018
218300,986,1014
218400,985,1015
218500,990,1010
218600,983,1017
218700,979,1021
218800,976,1024
218900,984,1016
219000,979,1021
219100,972,1028
219200,971,1029
219300,971,1029
219400,982,1018
219500,988,1012
219600,987,1013
219700,992,1008
219800,985,1015
219900,989,1011
220000,986,1014
220100,987,1013
220200,984,1016
220300,983,1017
220400,980,1020
220500,980,1020
220600,981,1019
220700,987,1013
220800,992,1008
220900,998,1002
221000,993,1007
221100,1001,999
221200,1000,1000
221300,1000,1000
221400,998,1002
221500,992,1008
221600,996,1004
221700,999,1001
221800,998,1002
221900,1000,1000
222000,999,1001
222100,1001,999
222200,996,1004
222300,998,1002
222400,991,1009
222500,987,1013
222600,984,1016
222700,987,1013
222800,989,1011
222900,988,1012
223000,991,1009
223100,988,1012
223200,991,1009
223300,987,1013
223400,989,1011
223500,984,1016
223600,987,1013
223700,988,1012
223800,989,1011
223900,983,1017
224000,982,1018
224100,987,1013
224200,986,1014
224300,981,1019
224400,977,1023
224500,980,1020
224600,979,1021
224700,973,1027
224800,972,1028
224900,977,1023
225000,975,1025
225100,978,1022
225200,973,1027
225300,975,1025
225400,971,1029
225500,970,1030
225600,966,1034
225700,957,1043
225800,957,1043
225900,959,1041
226000,956,1044
226100,951,1049
226200,953,1047
226300,951,1049
226400,951,1049
226500,953,1047
226600,954,1046
226700,954,1046
226800,954,1046
226900,959,1041
227000,958,1042
227100,960,1040
227200,949,1051
227300,949,1051
227400,943,1057
227500,945,1055
227600,942,1058
227700,944,1056
227800,955,1045
227900,957,1043
228000,949,1051
228100,948,1052
228200,955,1045
228300,955,1045
228400,960,1040
228500,957,1043
228600,955,1045
228700,952,1048
228800,950,1050
228900,952,1048
229000,949,1051
229100,944,1056
229200,951,1049
229300,952,1048
229400,942,1058
229500,946,1054
229600,941,1059
229700,942,1058
229800,936,1064
229900,933,1067
230000,932,1068
230100,930,1070
230200,924,1076
230300,931,1069
230400,926,1074
230500,923,1077
230600,930,1070
230700,929,1071
230800,926,1074
230900,932,1068
231000,926,1074
231100,922,1078
231200,927,1073
231300,927,1073
231400,930,1070
231500,925,1075
231600,924,1076
231700,927,1073
231800,926,1074
231900,923,1077
232000,933,1067
232100,927,1073
232200,929,1071
232300,928,1072
232400,924,1076
232500,919,1081
232600,927,1073
232700,930,1070
232800,931,1069
232900,931,1069
233000,935,1065
233100,940,1060
233200,945,1055
233300,948,1052
233400,941,1059
233500,942,1058
233600,940,1060
233700,947,1053
233800,952,1048
233900,951,1049
234000,957,1043
234100,958,1042
234200,964,1036
234300,973,1027
234400,976,1024
234500,978,1022
234600,979,1021
234700,976,1024
234800,977,1023
234900,977,1023
235000,977,1023
235100,980,1020
235200,988,1012
235300,986,1014
235400,981,1019
235500,977,1023
235600,972,1028
235700,980,1020
235800,982,1018
235900,983,1017
236000,989,1011
236100,988,1012
236200,985,1015
236300,978,1022
236400,975,1025
236500,968,1032
236600,972,1028
236700,968,1032
236800,968,1032
236900,970,1030
237000,966,1034
237100,968,1032
237200,968,1032
237300,967,1033
237400,974,1026
237500,975,1025
237600,973,1027
237700,972,1028
237800,973,1027
237900,974,1026
238000,972,1028
238100,971,1029
238200,970,1030
238300,972,1028
238400,978,1022
238500,976,1024
238600,974,1026
238700,977,1023
238800,984,1016
238900,984,1016
239000,981,1019
239100,983,1017
239200,977,1023
239300,973,1027
239400,967,1033
239500,964,1036
239600,958,1042
239700,959,1041
239800,956,1044
239900,957,1043
240000,952,1048
240100,952,1048
240200,960,1040
240300,957,1043
240400,954,1046
240500,956,1044
240600,958,1042
240700,959,1041
240800,958,1042
240900,957,1043
241000,950,1050
241100,952,1048
241200,951,1049
241300,955,1045
241400,950,1050
241500,951,1049
241600,942,1058
241700,943,1057
241800,942,1058
241900,936,1064
242000,930,1070
242100,930,1070
242200,935,1065
242300,938,1062
242400,939,1061
242500,937,1063
242600,930,1070
242700,930,1070
242800,926,1074
242900,939,1061
243000,935,1065
243100,941,1059
243200,946,1054
243300,951,1049
243400,947,1053
243500,951,1049
243600,959,1041
243700,955,1045
243800,955,1045
243900,960,1040
244000,957,1043
244100,957,1043
244200,955,1045
244300,955,1045
244400,959,1041
244500,960,1040
244600,962,1038
244700,973,1027
244800,976,1024
244900,979,1021
245000,983,1017
245100,989,1011
245200,988,1012
245300,990,1010
245400,991,1009
245500,990,1010
245600,987,1013
245700,984,1016
245800,991,1009
245900,989,1011
246000,984,1016
246100,980,1020
246200,984,1016
246300,986,1014
246400,988,1012
246500,993,1007
246600,994,1006
246700,999,1001
246800,998,1002
246900,1006,994
247000,1004,996
247100,1006,994
247200,1000,1000
247300,998,1002
247400,999,1001
247500,1007,993
247600,1004,996
247700,999,1001
247800,999,1001
247900,1001,999
248000,1011,989
248100,1009,991
248200,1004,996
248300,1003,997
248400,996,1004
248500,987,1013
248600,985,1015
248700,983,1017
248800,986,1014
248900,976,1024
249000,973,1027
249100,973,1027
249200,962,1038
249300,960,1040
249400,965,1035
249500,967,1033
249600,967,1033
249700,960,1040
249800,958,1042
249900,962,1038
250000,963,1037
250100,961,1039
250200,961,1039
250300,963,1037
250400,966,1034
250500,969,1031
250600,978,1022
250700,984,1016
250800,984,1016
250900,985,1015
251000,987,1013
251100,991,1009
251200,992,1008
251300,997,1003
251400,1001,999
251500,1002,998
251600,995,1005
251700,990,1010
251800,1000,1000
251900,1005,995
252000,1003,997
252100,1004,996
252200,996,1004
252300,997,1003
252400,1001,999
252500,1003,997
252600,1003,997
252700,1004,996
252800,1010,990
252900,1003,997
253000,1007,993
253100,1009,991
253200,1007,993
253300,1005,995
253400,1000,1000
253500,1001,999
253600,995,1005
253700,993,1007
253800,997,1003
253900,995,1005
254000,993,1007
254100,987,1013
254200,989,1011
254300,991,1009
254400,986,1014
254500,984,1016
254600,981,1019
254700,982,1018
254800,983,1017
254900,985,1015
255000,985,1015
255100,987,1013
255200,983,1017
255300,987,1013
255400,981,1019
255500,981,1019
255600,984,1016
255700,984,1016
255800,986,1014
255900,988,1012
256000,992,1008
256100,988,1012
256200,989,1011
256300,993,1007
256400,991,1009
256500,1004,996
256600,1005,995
256700,1003,997
256800,992,1008
256900,987,1013
257000,987,1013
257100,995,1005
257200,997,1003
257300,997,1003
257400,985,1015
257500,986,1014
257600,979,1021
257700,978,1022
257800,975,1025
257900,975,1025
258000,961,1039
258100,959,1041
258200,955,1045
258300,954,1046
258400,956,1044
258500,955,1045
258600,956,1044
258700,950,1050
258800,947,1053
258900,942,1058
259000,942,1058
259100,947,1053
259200,954,1046
259300,952,1048
259400,953,1047
259500,945,1055
259600,944,1056
259700,949,1051
259800,949,1051
259900,949,1051
260000,946,1054
260100,940,1060
260200,944,1056
260300,951,1049
260400,947,1053
260500,945,1055
260600,946,1054
260700,950,1050
260800,948,1052
260900,948,1052
261000,947,1053
261100,949,1051
261200,948,1052
261300,944,1056
261400,944,1056
261500,943,1057
261600,944,1056
261700,938,1062
261800,947,1053
261900,948,1052
262000,941,1059
262100,948,1052
262200,947,1053
262300,942,1058
262400,947,1053
262500,952,1048
262600,956,1044
262700,958,1042
262800,953,1047
262900,951,1049
263000,948,1052
263100,954,1046
263200,957,1043
263300,957,1043
263400,947,1053
263500,939,1061
263600,940,1060
263700,936,1064
263800,942,1058
263900,941,1059
264000,943,1057
264100,932,1068
264200,927,1073
264300,920,1080
264400,921,1079
264500,922,1078
264600,925,1075
264700,921,1079
264800,923,1077
264900,925,1075
265000,930,1070
265100,931,1069
265200,935,1065
265300,945,1055
265400,952,1048
265500,957,1043
265600,958,1042
265700,957,1043
265800,956,1044
265900,955,1045
266000,952,1048
266100,953,1047
266200,960,1040
266300,961,1039
266400,960,1040
266500,960,1040
266600,961,1039
266700,958,1042
266800,956,1044
266900,957,1043
267000,965,1035
267100,961,1039
267200,957,1043
267300,957,1043
267400,956,1044
267500,957,1043
267600,961,1039
267700,957,1043
267800,954,1046
267900,958,1042
268000,951,1049
268100,958,1042
268200,959,1041
268300,961,1039
268400,959,1041
268500,958,1042
268600,962,1038
268700,963,1037
268800,971,1029
268900,969,1031
269000,967,1033
269100,969,1031
269200,974,1026
269300,973,1027
269400,975,1025
269500,967,1033
269600,972,1028
269700,968,1032
269800,983,1017
269900,983,1017
270000,974,1026
270100,970,1030
270200,969,1031
270300,965,1035
270400,970,1030
270500,976,1024
270600,978,1022
270700,975,1025
270800,969,1031
270900,966,1034
271000,961,1039
271100,956,1044
271200,960,1040
271300,960,1040
271400,958,1042
271500,955,1045
271600,956,1044
271700,960,1040
271800,963,1037
271900,959,1041
272000,961,1039
272100,959,1041
272200,955,1045
272300,958,1042
272400,960,1040
272500,962,1038
272600,956,1044
272700,955,1045
272800,948,1052
272900,954,1046
273000,952,1048
273100,957,1043
273200,957,1043
273300,964,1036
273400,969,1031
273500,964,1036
273600,967,1033
273700,971,1029
273800,965,1035
273900,960,1040
274000,962,1038
274100,959,1041
274200,959,1041
274300,961,1039
274400,951,1049
274500,954,1046
274600,953,1047
274700,948,1052
274800,950,1050
274900,952,1048
275000,947,1053
275100,948,1052
275200,949,1051
275300,947,1053
275400,949,1051
275500,947,1053
275600,948,1052
275700,947,1053
275800,936,1064
275900,934,1066
276000,933,1067
276100,927,1073
276200,919,1081
276300,914,1086
276400,914,1086
276500,916,1084
276600,914,1086
276700,911,1089
276800,899,1101
276900,898,1102
277000,895,1105
277100,897,1103
277200,895,1105
277300,897,1103
277400,895,1105
277500,894,1106
277600,897,1103
277700,892,1108
277800,891,1109
277900,895,1105
278000,893,1107
278100,893,1107
278200,887,1113
278300,886,1114
278400,888,1112
278500,891,1109
278600,882,1118
278700,876,1124
278800,875,1125
278900,877,1123
279000,880,1120
279100,879,1121
279200,887,1113
279300,885,1115
279400,883,1117
279500,885,1115
279600,885,1115
279700,883,1117
279800,885,1115
279900,887,1113
280000,888,1112
280100,896,1104
280200,893,1107
280300,892,1108
280400,891,1109
280500,896,1104
280600,895,1105
280700,888,1112
280800,884,1116
280900,878,1122
281000,877,1123
281100,880,1120
281200,872,1128
281300,869,1131
281400,870,1130
281500,866,1134
281600,868,1132
281700,879,1121
281800,886,1114
281900,881,1119
282000,884,1116
282100,884,1116
282200,891,1109
282300,889,1111
282400,896,1104
282500,900,1100
282600,905,1095
282700,911,1089
282800,912,1088
282900,916,1084
283000,917,1083
283100,916,1084
283200,913,1087
283300,911,1089
283400,912,1088
283500,914,1086
283600,917,1083
283700,917,1083
283800,920,1080
283900,926,1074
284000,928,1072
284100,926,1074
284200,926,1074
284300,925,1075
284400,922,1078
284500,924,1076
284600,917,1083
284700,918,1082
284800,916,1084
284900,913,1087
285000,913,1087
285100,909,1091
285200,909,1091
285300,917,1083
285400,921,1079
285500,932,1068
285600,928,1072
285700,936,1064
285800,935,1065
285900,934,1066
286000,936,1064
286100,939,1061
286200,942,1058
286300,942,1058
286400,940,1060
286500,938,1062
286600,936,1064
286700,932,1068
286800,933,1067
286900,932,1068
287000,932,1068
287100,930,1070
287200,923,1077
287300,922,1078
287400,919,1081
287500,914,1086
287600,912,1088
287700,916,1084
287800,920,1080
287900,923,1077
288000,924,1076
288100,917,1083
288200,918,1082
288300,918,1082
288400,929,1071
288500,931,1069
288600,926,1074
288700,926,1074
288800,927,1073
288900,939,1061
289000,939,1061
289100,944,1056
289200,951,1049
289300,953,1047
289400,957,1043
289500,947,1053
289600,946,1054
289700,946,1054
289800,945,1055
289900,939,1061
290000,933,1067
290100,926,1074
290200,918,1082
290300,915,1085
290400,917,1083
290500,918,1082
290600,910,1090
290700,907,1093
290800,906,1094
290900,904,1096
291000,906,1094
291100,901,1099
291200,903,1097
291300,906,1094
291400,906,1094
291500,909,1091
291600,905,1095
291700,907,1093
291800,902,1098
291900,895,1105
292000,899,1101
292100,906,1094
292200,903,1097
292300,912,1088
292400,914,1086
292500,919,1081
292600,917,1083
292700,918,1082
292800,916,1084
292900,919,1081
293000,918,1082
293100,919,1081
293200,917,1083
293300,920,1080
293400,923,1077
293500,916,1084
293600,910,1090
293700,909,1091
293800,911,1089
293900,916,1084
294000,912,1088
294100,916,1084
294200,914,1086
294300,916,1084
294400,924,1076
294500,927,1073
294600,926,1074
294700,927,1073
294800,922,1078
294900,920,1080
295000,916,1084
295100,924,1076
295200,920,1080
295300,922,1078
295400,920,1080
295500,918,1082
295600,918,1082
295700,920,1080
295800,926,1074
295900,927,1073
296000,928,1072
296100,939,1061
296200,940,1060
296300,939,1061
296400,942,1058
296500,939,1061
296600,937,1063
296700,941,1059
296800,939,1061
296900,940,1060
297000,943,1057
297100,949,1051
297200,943,1057
297300,946,1054
297400,941,1059
297500,943,1057
297600,947,1053
297700,946,1054
297800,944,1056
297900,941,1059
298000,942,1058
298100,943,1057
298200,945,1055
298300,942,1058
298400,937,1063
298500,932,1068
298600,935,1065
298700,930,1070
298800,931,1069
298900,930,1070
299000,933,1067
299100,937,1063
299200,927,1073
299300,927,1073
299400,920,1080
299500,913,1087
299600,917,1083
299700,918,1082
299800,914,1086
299900,915,1085
300000,918,1082
300100,921,1079
300200,924,1076
300300,920,1080
300400,923,1077
300500,924,1076
300600,924,1076
300700,927,1073
300800,921,1079
300900,917,1083
301000,920,1080
301100,920,1080
301200,912,1088
301300,909,1091
301400,914,1086
301500,917,1083
301600,912,1088
301700,913,1087
301800,908,1092
301900,909,1091
302000,917,1083
302100,916,1084
302200,925,1075
302300,929,1071
302400,936,1064
302500,941,1059
302600,938,1062
302700,935,1065
302800,939,1061
302900,943,1057
303000,945,1055
303100,944,1056
303200,937,1063
303300,943,1057
303400,950,1050
303500,946,1054
303600,952,1048
303700,961,1039
303800,960,1040
303900,957,1043
304000,967,1033
304100,973,1027
304200,970,1030
304300,968,1032
304400,970,1030
304500,983,1017
304600,982,1018
304700,981,1019
304800,983,1017
304900,993,1007
305000,987,1013
305100,983,1017
305200,980,1020
305300,979,1021
305400,982,1018
305500,981,1019
305600,971,1029
305700,976,1024
305800,965,1035
305900,970,1030
306000,970,1030
306100,980,1020
306200,976,1024
306300,975,1025
306400,977,1023
306500,974,1026
306600,983,1017
306700,981,1019
306800,986,1014
306900,977,1023
307000,979,1021
307100,983,1017
307200,986,1014
307300,986,1014
307400,985,1015
307500,987,1013
307600,992,1008
307700,988,1012
307800,984,1016
307900,983,1017
308000,986,1014
308100,997,1003
308200,996,1004
308300,989,1011
308400,998,1002
308500,991,1009
308600,983,1017
308700,984,1016
308800,983,1017
308900,982,1018
309000,981,1019
309100,974,1026
309200,972,1028
309300,967,1033
309400,968,1032
309500,975,1025
309600,972,1028
309700,973,1027
309800,964,1036
309900,962,1038
310000,962,1038
310100,966,1034
310200,963,1037
310300,970,1030
310400,970,1030
310500,970,1030
310600,966,1034
310700,968,1032
310800,973,1027
310900,966,1034
311000,966,1034
311100,962,1038
311200,964,1036
311300,965,1035
311400,969,1031
311500,966,1034
311600,965,1035
311700,969,1031
311800,977,1023
311900,982,1018
312000,979,1021
312100,979,1021
312200,986,1014
312300,981,1019
312400,995,1005
312500,1002,998
312600,1005,995
312700,1006,994
312800,1010,990
312900,1012,988
313000,1007,993
313100,1009,991
313200,1013,987
313300,1013,987
313400,1019,981
313500,1014,986
313600,1013,987
313700,1011,989
313800,1009,991
313900,1020,980
314000,1020,980
314100,1019,981
314200,1023,977
314300,1024,976
314400,1027,973
314500,1024,976
314600,1025,975
314700,1024,976
314800,1021,979
314900,1019,981
315000,1023,977
315100,1027,973
315200,1027,973
315300,1031,969
315400,1033,967
315500,1038,962
315600,1038,962
315700,1035,965
315800,1041,959
315900,1039,961
316000,1038,962
316100,1041,959
316200,1045,955
316300,1044,956
316400,1044,956
316500,1041,959
316600,1032,968
316700,1030,970
316800,1028,972
316900,1026,974
317000,1020,980
317100,1020,980
317200,1020,980
317300,1026,974
317400,1023,977
317500,1021,979
317600,1020,980
317700,1023,977
317800,1027,973
317900,1025,975
318000,1022,978
318100,1025,975
318200,1021,979
318300,1024,976
318400,1023,977
318500,1024,976
318600,1022,978
318700,1026,974
318800,1031,969
318900,1033,967
319000,1027,973
319100,1023,977
319200,1018,982
319300,1016,984
319400,1007,993
319500,1012,988
319600,1007,993
319700,1005,995
319800,1017,983
319900,1012,988
320000,1018,982
320100,1020,980
320200,1015,985
320300,1013,987
320400,1005,995
320500,1002,998
320600,1000,1000
320700,1003,997
320800,1000,1000
320900,1001,999
321000,995,1005
321100,986,1014
321200,990,1010
321300,989,1011
321400,986,1014
321500,985,1015
321600,985,1015
321700,985,1015
321800,978,1022
321900,981,1019
322000,990,1010
322100,993,1007
322200,983,1017
322300,982,1018
322400,974,1026
322500,960,1040
322600,957,1043
322700,960,1040
322800,957,1043
322900,959,1041
323000,959,1041
323100,962,1038
323200,962,1038
323300,965,1035
323400,961,1039
323500,954,1046
323600,966,1034
323700,964,1036
323800,964,1036
323900,965,1035
324000,969,1031
324100,966,1034
324200,967,1033
324300,965,1035
324400,962,1038
324500,956,1044
324600,949,1051
324700,952,1048
324800,955,1045
324900,949,1051
325000,946,1054
325100,950,1050
325200,945,1055
325300,954,1046
325400,947,1053
325500,943,1057
325600,950,1050
325700,945,1055
325800,937,1063
325900,941,1059
326000,940,1060
326100,947,1053
326200,945,1055
326300,934,1066
326400,942,1058
326500,938,1062
326600,937,1063
326700,927,1073
326800,925,1075
326900,923,1077
327000,926,1074
327100,920,1080
327200,914,1086
327300,914,1086
327400,923,1077
327500,922,1078
327600,931,1069
327700,941,1059
327800,945,1055
327900,949,1051
328000,950,1050
328100,941,1059
328200,941,1059
328300,941,1059
328400,945,1055
328500,945,1055
328600,947,1053
328700,948,1052
328800,946,1054
328900,957,1043
329000,953,1047
329100,956,1044
329200,948,1052
329300,947,1053
329400,952,1048
329500,949,1051
329600,949,1051
329700,951,1049
329800,954,1046
329900,950,1050
330000,950,1050
330100,945,1055
330200,944,1056
330300,949,1051
330400,951,1049
330500,955,1045
330600,961,1039
330700,968,1032
330800,962,1038
330900,966,1034
331000,977,1023
331100,982,1018
331200,984,1016
331300,986,1014
331400,984,1016
331500,986,1014
331600,983,1017
331700,979,1021
331800,986,1014
331900,992,1008
332000,991,1009
332100,996,1004
332200,1002,998
332300,1003,997
332400,1008,992
332500,1008,992
332600,1015,985
332700,1017,983
332800,1014,986
332900,1010,990
333000,1016,984
333100,1008,992
333200,1006,994
333300,1006,994
333400,1006,994
333500,1013,987
333600,1025,975
333700,1033,967
333800,1031,969
333900,1034,966
334000,1023,977
334100,1019,981
334200,1027,973
334300,1018,982
334400,1032,968
334500,1030,970
334600,1030,970
334700,1026,974
334800,1034,966
334900,1026,974
335000,1029,971
335100,1029,971
335200,1027,973
335300,1026,974
335400,1019,981
335500,1015,985
335600,1010,990
335700,1014,986
335800,1016,984
335900,1018,982
336000,1011,989
336100,1011,989
336200,1011,989
336300,1021,979
336400,1022,978
336500,1017,983
336600,1025,975
336700,1021,979
336800,1014,986
336900,1010,990
337000,1013,987
337100,1013,987
337200,1014,986
337300,1013,987
337400,1012,988
337500,1008,992
337600,1009,991
337700,1006,994
337800,1016,984
337900,1015,985
338000,1019,981
338100,1013,987
338200,1011,989
338300,1016,984
338400,1023,977
338500,1024,976
338600,1030,970
338700,1032,968
338800,1031,969
338900,1033,967
339000,1031,969
339100,1024,976
339200,1028,972
339300,1032,968
339400,1036,964
339500,1036,964
339600,1032,968
339700,1033,967
339800,1032,968
339900,1035,965
340000,1031,969
340100,1040,960
340200,1032,968
340300,1034,966
340400,1042,958
340500,1033,967
340600,1036,964
340700,1035,965
340800,1031,969
340900,1024,976
341000,1022,978
341100,1027,973
341200,1034,966
341300,1032,968
341400,1036,964
341500,1033,967
341600,1033,967
341700,1038,962
341800,1043,957
341900,1036,964
342000,1039,961
342100,1044,956
342200,1039,961
342300,1043,957
342400,1039,961
342500,1042,958
342600,1035,965
342700,1035,965
342800,1036,964
342900,1026,974
343000,1029,971
343100,1020,980
343200,1014,986
343300,1012,988
343400,1015,985
343500,1018,982
343600,1022,978
343700,1022,978
343800,1025,975
343900,1022,978
344000,1024,976
344100,1021,979
344200,1020,980
344300,1018,982
344400,1014,986
344500,1014,986
344600,1016,984
344700,1022,978
344800,1025,975
344900,1024,976
345000,1019,981
345100,1017,983
345200,1015,985
345300,1017,983
345400,1011,989
345500,1004,996
345600,998,1002
345700,995,1005
345800,999,1001
345900,999,1001
346000,1002,998
346100,995,1005
346200,994,1006
346300,993,1007
346400,993,1007
346500,994,1006
346600,994,1006
346700,987,1013
346800,992,1008
346900,992,1008
347000,988,1012
347100,995,1005
347200,990,1010
347300,983,1017
347400,981,1019
347500,986,1014
347600,992,1008
347700,982,1018
347800,989,1011
347900,993,1007
348000,992,1008
348100,988,1012
348200,991,1009
348300,992,1008
348400,993,1007
348500,993,1007
348600,997,1003
348700,1002,998
348800,1004,996
348900,1015,985
349000,1013,987
349100,1011,989
349200,1016,984
349300,1013,987
349400,1009,991
349500,1011,989
349600,1011,989
349700,1015,985
349800,1010,990
349900,1011,989
350000,1004,996
350100,991,1009
350200,991,1009
350300,984,1016
350400,982,1018
350500,982,1018
350600,980,1020
350700,977,1023
350800,976,1024
350900,977,1023
351000,975,1025
351100,975,1025
351200,969,1031
351300,976,1024
351400,977,1023
351500,978,1022
351600,972,1028
351700,971,1029
351800,976,1024
351900,974,1026
352000,971,1029
352100,971,1029
352200,974,1026
352300,963,1037
352400,958,1042
352500,952,1048
352600,944,1056
352700,943,1057
352800,949,1051
352900,953,1047
353000,953,1047
353100,951,1049
353200,958,1042
353300,960,1040
353400,958,1042
353500,958,1042
353600,957,1043
353700,952,1048
353800,948,1052
353900,954,1046
354000,961,1039
354100,959,1041
354200,960,1040
354300,965,1035
354400,964,1036
354500,969,1031
354600,970,1030
354700,970,1030
354800,970,1030
354900,971,1029
355000,973,1027
355100,972,1028
355200,969,1031
355300,970,1030
355400,962,1038
355500,964,1036
355600,964,1036
355700,957,1043
355800,952,1048
355900,951,1049
356000,953,1047
356100,949,1051
356200,957,1043
356300,957,1043
356400,956,1044
356500,941,1059
356600,940,1060
356700,946,1054
356800,949,1051
356900,947,1053
357000,944,1056
357100,940,1060
357200,943,1057
357300,932,1068
357400,937,1063
357500,936,1064
357600,935,1065
357700,930,1070
357800,928,1072
357900,923,1077
358000,922,1078
358100,919,1081
358200,921,1079
358300,931,1069
358400,937,1063
358500,927,1073
358600,938,1062
358700,937,1063
358800,938,1062
358900,941,1059
359000,947,1053
359100,949,1051
359200,947,1053
359300,953,1047
359400,949,1051
359500,951,1049
359600,948,1052
359700,947,1053
359800,942,1058
359900,947,1053
360000,956,1044
360100,952,1048
360200,962,1038
360300,957,1043
360400,954,1046
360500,950,1050
360600,952,1048
360700,954,1046
360800,952,1048
360900,962,1038
361000,956,1044
361100,964,1036
361200,964,1036
361300,965,1035
361400,965,1035
361500,954,1046
361600,948,1052
361700,954,1046
361800,959,1041
361900,956,1044
362000,955,1045
362100,957,1043
362200,951,1049
362300,946,1054
362400,943,1057
362500,948,1052
362600,942,1058
362700,939,1061
362800,940,1060
362900,941,1059
363000,928,1072
363100,931,1069
363200,930,1070
363300,928,1072
363400,931,1069
363500,929,1071
363600,928,1072
363700,921,1079
363800,919,1081
363900,928,1072
364000,934,1066
364100,932,1068
364200,930,1070
364300,933,1067
364400,938,1062
364500,937,1063
364600,937,1063
364700,940,1060
364800,938,1062
364900,935,1065
365000,936,1064
365100,933,1067
365200,930,1070
365300,930,1070
365400,933,1067
365500,935,1065
365600,933,1067
365700,945,1055
365800,948,1052
365900,947,1053
366000,948,1052
366100,952,1048
366200,953,1047
366300,958,1042
366400,961,1039
366500,955,1045
366600,950,1050
366700,961,1039
366800,960,1040
366900,964,1036
367000,958,1042
367100,960,1040
367200,962,1038
367300,960,1040
367400,961,1039
367500,958,1042
367600,965,1035
367700,969,1031
367800,972,1028
367900,973,1027
368000,978,1022
368100,982,1018
368200,980,1020
368300,975,1025
368400,971,1029
368500,970,1030
368600,970,1030
368700,973,1027
368800,975,1025
368900,974,1026
369000,974,1026
369100,960,1040
369200,961,1039
369300,967,1033
369400,966,1034
369500,973,1027
369600,972,1028
369700,976,1024
369800,975,1025
369900,974,1026
370000,969,1031
370100,969,1031
370200,965,1035
370300,963,1037
370400,973,1027
370500,968,1032
370600,976,1024
370700,976,1024
370800,972,1028
370900,978,1022
371000,979,1021
371100,976,1024
371200,977,1023
371300,982,1018
371400,985,1015
371500,991,1009
371600,984,1016
371700,982,1018
371800,978,1022
371900,973,1027
372000,966,1034
372100,968,1032
372200,971,1029
372300,976,1024
372400,973,1027
372500,970,1030
372600,969,1031
372700,961,1039
372800,963,1037
372900,963,1037
373000,960,1040
373100,970,1030
373200,968,1032
373300,970,1030
373400,965,1035
373500,969,1031
373600,968,1032
373700,972,1028
373800,973,1027
373900,972,1028
374000,972,1028
374100,980,1020
374200,980,1020
374300,990,1010
374400,995,1005
374500,992,1008
374600,986,1014
374700,982,1018
374800,993,1007
374900,992,1008
375000,996,1004
375100,995,1005
375200,993,1007
375300,1001,999
375400,1002,998
375500,1005,995
375600,1011,989
375700,1016,984
375800,1010,990
375900,1009,991
376000,1003,997
376100,1001,999
376200,1010,990
376300,1003,997
376400,1005,995
376500,1007,993
376600,1008,992
376700,1010,990
376800,1018,982
376900,1009,991
377000,1010,990
377100,1015,985
377200,1021,979
377300,1024,976
377400,1028,972
377500,1026,974
377600,1018,982
377700,1018,982
377800,1016,984
377900,1008,992
378000,1008,992
378100,1005,995
378200,1012,988
378300,1011,989
378400,1008,992
378500,1012,988
378600,1011,989
378700,1012,988
378800,1025,975
378900,1033,967
379000,1037,963
379100,1023,977
379200,1019,981
379300,1020,980
379400,1020,980
379500,1026,974
379600,1027,973
379700,1018,982
379800,1017,983
379900,1023,977
380000,1023,977
380100,1020,980
380200,1020,980
380300,1017,983
380400,1018,982
380500,1019,981
380600,1017,983
380700,1021,979
380800,1013,987
380900,1016,984
381000,1002,998
381100,1001,999
381200,1008,992
381300,1015,985
381400,1015,985
381500,1009,991
381600,1016,984
381700,1028,972
381800,1039,961
381900,1039,961
382000,1037,963
382100,1041,959
382200,1034,966
382300,1029,971
382400,1037,963
382500,1039,961
382600,1041,959
382700,1037,963
382800,1045,955
382900,1042,958
383000,1047,953
383100,1044,956
383200,1051,949
383300,1057,943
383400,1051,949
383500,1051,949
383600,1059,941
383700,1067,933
383800,1075,925
383900,1082,918
384000,1084,916
384100,1086,914
384200,1083,917
384300,1080,920
384400,1081,919
384500,1090,910
384600,1086,914
384700,1082,918
384800,1084,916
384900,1083,917
385000,1086,914
385100,1083,917
385200,1078,922
385300,1072,928
385400,1060,940
385500,1055,945
385600,1053,947
385700,1053,947
385800,1046,954
385900,1043,957
386000,1036,964
386100,1043,957
386200,1056,944
386300,1055,945
386400,1050,950
386500,1058,942
386600,1047,953
386700,1048,952
386800,1045,955
386900,1042,958
387000,1048,952
387100,1046,954
387200,1052,948
387300,1046,954
387400,1048,952
387500,1045,955
387600,1046,954
387700,1055,945
387800,1054,946
387900,1054,946
388000,1044,956
388100,1039,961
388200,1045,955
388300,1040,960
388400,1042,958
388500,1035,965
388600,1032,968
388700,1036,964
388800,1038,962
388900,1049,951
389000,1051,949
389100,1050,950
389200,1050,950
389300,1049,951
389400,1052,948
389500,1055,945
389600,1056,944
389700,1061,939
389800,1061,939
389900,1064,936
390000,1056,944
390100,1051,949
390200,1048,952
390300,1046,954
390400,1044,956
390500,1039,961
390600,1047,953
390700,1050,950
390800,1046,954
390900,1043,957
391000,1049,951
391100,1057,943
391200,1060,940
391300,1058,942
391400,1058,942
391500,1057,943
391600,1055,945
391700,1057,943
391800,1050,950
391900,1047,953
392000,1049,951
392100,1049,951
392200,1051,949
392300,1040,960
392400,1045,955
392500,1043,957
392600,1047,953
392700,1051,949
392800,1043,957
392900,1050,950
393000,1047,953
393100,1042,958
393200,1053,947
393300,1054,946
393400,1052,948
393500,1052,948
393600,1052,948
393700,1051,949
393800,1058,942
393900,1060,940
394000,1060,940
394100,1058,942
394200,1062,938
394300,1057,943
394400,1054,946
394500,1058,942
394600,1050,950
394700,1049,951
394800,1044,956
394900,1044,956
395000,1045,955
395100,1043,957
395200,1043,957
395300,1041,959
395400,1043,957
395500,1040,960
395600,1036,964
395700,1035,965
395800,1041,959
395900,1049,951
396000,1045,955
396100,1047,953
396200,1044,956
396300,1043,957
396400,1041,959
396500,1041,959
396600,1036,964
396700,1034,966
396800,1040,960
396900,1032,968
397000,1039,961
397100,1042,958
397200,1037,963
397300,1039,961
397400,1030,970
397500,1032,968
397600,1040,960
397700,1034,966
397800,1039,961
397900,1040,960
398000,1035,965
398100,1029,971
398200,1025,975
398300,1031,969
398400,1032,968
398500,1033,967
398600,1035,965
398700,1032,968
398800,1031,969
398900,1026,974
399000,1026,974
399100,1026,974
399200,1030,970
399300,1023,977
399400,1023,977
399500,1021,979
399600,1021,979
399700,1021,979
399800,1017,983
399900,1012,988
400000,1011,989
400100,1002,998
400200,1011,989
400300,1004,996
400400,1003,997
400500,995,1005
400600,985,1015
400700,985,1015
400800,987,1013
400900,986,1014
401000,990,1010
401100,991,1009
401200,992,1008
401300,991,1009
401400,985,1015
401500,993,1007
401600,990,1010
401700,992,1008
401800,991,1009
401900,994,1006
402000,988,1012
402100,986,1014
402200,991,1009
402300,991,1009
402400,984,1016
402500,986,1014
402600,988,1012
402700,988,1012
402800,987,1013
402900,986,1014
403000,986,1014
403100,984,1016
403200,985,1015
403300,985,1015
403400,980,1020
403500,983,1017
403600,987,1013
403700,993,1007
403800,996,1004
403900,991,1009
404000,1001,999
404100,994,1006
404200,991,1009
404300,992,1008
404400,984,1016
404500,984,1016
404600,984,1016
404700,978,1022
404800,972,1028
404900,974,1026
405000,979,1021
405100,977,1023
405200,981,1019
405300,977,1023
405400,974,1026
405500,967,1033
405600,964,1036
405700,962,1038
405800,962,1038
405900,961,1039
406000,960,1040
406100,960,1040
406200,961,1039
406300,962,1038
406400,962,1038
406500,960,1040
406600,955,1045
406700,957,1043
406800,962,1038
406900,971,1029
407000,967,1033
407100,967,1033
407200,974,1026
407300,966,1034
407400,973,1027
407500,971,1029
407600,969,1031
407700,970,1030
407800,976,1024
407900,978,1022
408000,983,1017
408100,984,1016
408200,987,1013
408300,986,1014
408400,992,1008
408500,1001,999
408600,1005,995
408700,997,1003
408800,998,1002
408900,1002,998
409000,993,1007
409100,993,1007
409200,997,1003
409300,1001,999
409400,1002,998
409500,1009,991
409600,1010,990
409700,1009,991
409800,1016,984
409900,1020,980
410000,1019,981
410100,1025,975
410200,1023,977
410300,1028,972
410400,1031,969
410500,1024,976
410600,1016,984
410700,1013,987
410800,1012,988
410900,1011,989
411000,1007,993
411100,998,1002
411200,1005,995
411300,1001,999
411400,1002,998
411500,1001,999
411600,1010,990
411700,1009,991
411800,1010,990
411900,1013,987
412000,1009,991
412100,1006,994
412200,1006,994
412300,1006,994
412400,1002,998
412500,1007,993
412600,1003,997
412700,1006,994
412800,1003,997
412900,1007,993
413000,1004,996
413100,1000,1000
413200,998,1002
413300,999,1001
413400,1008,992
413500,1014,986
413600,1016,984
413700,1025,975
413800,1029,971
413900,1032,968
414000,1035,965
414100,1036,964
414200,1038,962
414300,1033,967
414400,1031,969
414500,1031,969
414600,1023,977
414700,1030,970
414800,1037,963
414900,1044,956
415000,1043,957
415100,1049,951
415200,1048,952
415300,1054,946
415400,1064,936
415500,1062,938
415600,1065,935
415700,1068,932
415800,1066,934
415900,1061,939
416000,1054,946
416100,1060,940
416200,1058,942
416300,1059,941
416400,1063,937
416500,1058,942
416600,1054,946
416700,1050,950
416800,1050,950
416900,1047,953
417000,1051,949
417100,1050,950
417200,1051,949
417300,1041,959
417400,1033,967
417500,1028,972
417600,1023,977
417700,1023,977
417800,1031,969
417900,1033,967
418000,1039,961
418100,1034,966
418200,1032,968
418300,1033,967
418400,1031,969
418500,1033,967
418600,1033,967
418700,1029,971
418800,1033,967
418900,1033,967
419000,1024,976
419100,1026,974
419200,1029,971
419300,1029,971
419400,1024,976
419500,1017,983
419600,1021,979
419700,1021,979
419800,1027,973
419900,1032,968
420000,1030,970
420100,1033,967
420200,1034,966
420300,1038,962
420400,1037,963
420500,1032,968
420600,1035,965
420700,1039,961
420800,1042,958
420900,1040,960
421000,1048,952
421100,1048,952
421200,1047,953
421300,1049,951
421400,1048,952
421500,1052,948
421600,1057,943
421700,1047,953
421800,1038,962
421900,1044,956
422000,1045,955
422100,1042,958
422200,1044,956
422300,1041,959
422400,1044,956
422500,1046,954
422600,1051,949
422700,1051,949
422800,1045,955
422900,1049,951
423000,1044,956
423100,1044,956
423200,1040,960
423300,1046,954
423400,1043,957
423500,1046,954
423600,1041,959
423700,1032,968
423800,1034,966
423900,1027,973
424000,1024,976
424100,1029,971
424200,1029,971
424300,1026,974
424400,1028,972
424500,1028,972
424600,1029,971
424700,1028,972
424800,1025,975
424900,1026,974
425000,1024,976
425100,1023,977
425200,1026,974
425300,1021,979
425400,1019,981
425500,1017,983
425600,1015,985
425700,1010,990
425800,1006,994
425900,1009,991
426000,1015,985
426100,1014,986
426200,1016,984
426300,1020,980
426400,1020,980
426500,1024,976
426600,1026,974
426700,1033,967
426800,1031,969
426900,1032,968
427000,1034,966
427100,1035,965
427200,1036,964
427300,1035,965
427400,1027,973
427500,1025,975
427600,1024,976
427700,1015,985
427800,1018,982
427900,1019,981
428000,1018,982
428100,1023,977
428200,1025,975
428300,1026,974
428400,1027,973
428500,1028,972
428600,1030,970
428700,1032,968
428800,1039,961
428900,1030,970
429000,1031,969
429100,1035,965
429200,1036,964
429300,1030,970
429400,1027,973
429500,1032,968
429600,1028,972
429700,1023,977
429800,1020,980
429900,1021,979
430000,1022,978
430100,1026,974
430200,1030,970
430300,1031,969
430400,1024,976
430500,1026,974
430600,1029,971
430700,1026,974
430800,1024,976
430900,1026,974
431000,1024,976
431100,1021,979
431200,1017,983
431300,1021,979
431400,1025,975
431500,1021,979
431600,1020,980
431700,1014,986
431800,1015,985
431900,1019,981
432000,1018,982
432100,1019,981
432200,1018,982
432300,1016,984
432400,1012,988
432500,1012,988
432600,1011,989
432700,1015,985
432800,1011,989
432900,1013,987
433000,1011,989
433100,1010,990
433200,1003,997
433300,1002,998
433400,1011,989
433500,1006,994
433600,1005,995
433700,1008,992
433800,999,1001
433900,1000,1000
434000,996,1004
434100,998,1002
434200,1001,999
434300,1002,998
434400,1004,996
434500,1002,998
434600,1007,993
434700,995,1005
434800,999,1001
434900,1001,999
435000,1004,996
435100,1005,995
435200,1003,997
435300,1013,987
435400,1009,991
435500,1012,988
435600,1012,988
435700,1011,989
435800,1014,986
435900,1013,987
436000,1009,991
436100,1007,993
436200,1005,995
436300,1009,991
436400,1009,991
436500,1014,986
436600,1017,983
436700,1013,987
436800,1006,994
436900,1007,993
437000,1005,995
437100,1007,993
437200,1009,991
437300,1015,985
437400,1014,986
437500,1019,981
437600,1017,983
437700,1018,982
437800,1021,979
437900,1013,987
438000,1017,983
438100,1019,981
438200,1024,976
438300,1023,977
438400,1030,970
438500,1022,978
438600,1025,975
438700,1026,974
438800,1017,983
438900,1026,974
439000,1021,979
439100,1018,982
439200,1016,984
439300,1013,987
439400,1018,982
439500,1015,985
439600,1014,986
439700,1019,981
439800,1018,982
439900,1017,983
440000,1020,980
440100,1020,980
440200,1017,983
440300,1018,982
440400,1022,978
440500,1021,979
440600,1020,980
440700,1017,983
440800,1009,991
440900,1013,987
441000,1021,979
441100,1021,979
441200,1023,977
441300,1019,981
441400,1025,975
441500,1026,974
441600,1024,976
441700,1019,981
441800,1024,976
441900,1027,973
442000,1023,977
442100,1019,981
442200,1013,987
442300,1007,993
442400,1001,999
442500,998,1002
442600,998,1002
442700,1005,995
442800,1004,996
442900,999,1001
443000,1000,1000
443100,999,1001
443200,1001,999
443300,1002,998
443400,992,1008
443500,994,1006
443600,1001,999
443700,1010,990
443800,1016,984
443900,1023,977
444000,1027,973
444100,1027,973
444200,1029,971
444300,1033,967
444400,1025,975
444500,1020,980
444600,1024,976
444700,1031,969
444800,1026,974
444900,1023,977
445000,1016,984
445100,1014,986
445200,1021,979
445300,1026,974
445400,1024,976
445500,1026,974
445600,1021,979
445700,1027,973
445800,1027,973
445900,1026,974
446000,1022,978
446100,1020,980
446200,1023,977
446300,1022,978
446400,1026,974
446500,1035,965
446600,1034,966
446700,1035,965
446800,1039,961
446900,1042,958
447000,1029,971
447100,1022,978
447200,1020,980
447300,1024,976
447400,1030,970
447500,1037,963
447600,1038,962
447700,1041,959
447800,1040,960
447900,1035,965
448000,1033,967
448100,1039,961
448200,1034,966
448300,1030,970
448400,1032,968
448500,1034,966
448600,1034,966
448700,1032,968
448800,1028,972
448900,1032,968
449000,1030,970
449100,1029,971
449200,1026,974
449300,1026,974
449400,1026,974
449500,1027,973
449600,1031,969
449700,1036,964
449800,1033,967
449900,1026,974
450000,1028,972
450100,1027,973
450200,1027,973
450300,1022,978
450400,1013,987
450500,1012,988
450600,1020,980
450700,1021,979
450800,1028,972
450900,1031,969
451000,1028,972
451100,1031,969
451200,1026,974
451300,1025,975
451400,1030,970
451500,1026,974
451600,1021,979
451700,1013,987
451800,1025,975
451900,1025,975
452000,1021,979
452100,1012,988
452200,1007,993
452300,995,1005
452400,991,1009
452500,981,1019
452600,988,1012
452700,984,1016
452800,989,1011
452900,991,1009
453000,988,1012
453100,987,1013
453200,975,1025
453300,984,1016
453400,990,1010
453500,986,1014
453600,988,1012
453700,987,1013
453800,977,1023
453900,975,1025
454000,974,1026
454100,979,1021
454200,974,1026
454300,981,1019
454400,977,1023
454500,973,1027
454600,975,1025
454700,970,1030
454800,974,1026
454900,973,1027
455000,974,1026
455100,976,1024
455200,976,1024
455300,974,1026
455400,966,1034
455500,964,1036
455600,956,1044
455700,957,1043
455800,955,1045
455900,958,1042
456000,953,1047
456100,947,1053
456200,948,1052
456300,955,1045
456400,959,1041
456500,965,1035
456600,960,1040
456700,955,1045
456800,955,1045
456900,960,1040
457000,957,1043
457100,956,1044
457200,952,1048
457300,951,1049
457400,952,1048
457500,957,1043
457600,956,1044
457700,949,1051
457800,953,1047
457900,950,1050
458000,952,1048
458100,951,1049
458200,956,1044
458300,962,1038
458400,961,1039
458500,967,1033
458600,967,1033
458700,967,1033
458800,977,1023
458900,978,1022
459000,968,1032
459100,973,1027
459200,975,1025
459300,979,1021
459400,972,1028
459500,970,1030
459600,967,1033
459700,968,1032
459800,973,1027
459900,960,1040
460000,957,1043
460100,962,1038
460200,966,1034
460300,955,1045
460400,954,1046
460500,955,1045
460600,967,1033
460700,963,1037
460800,958,1042
460900,960,1040
461000,960,1040
461100,959,1041
461200,955,1045
461300,959,1041
461400,955,1045
461500,958,1042
461600,951,1049
461700,948,1052
461800,947,1053
461900,947,1053
462000,942,1058
462100,942,1058
462200,943,1057
462300,944,1056
462400,936,1064
462500,945,1055
462600,955,1045
462700,959,1041
462800,961,1039
462900,959,1041
463000,958,1042
463100,954,1046
463200,956,1044
463300,959,1041
463400,964,1036
463500,966,1034
463600,964,1036
463700,961,1039
463800,963,1037
463900,962,1038
464000,962,1038
464100,958,1042
464200,961,1039
464300,970,1030
464400,974,1026
464500,977,1023
464600,967,1033
464700,975,1025
464800,975,1025
464900,976,1024
465000,974,1026
465100,974,1026
465200,966,1034
465300,964,1036
465400,957,1043
465500,958,1042
465600,962,1038
465700,966,1034
465800,967,1033
465900,965,1035
466000,971,1029
466100,966,1034
466200,967,1033
466300,972,1028
466400,974,1026
466500,987,1013
466600,984,1016
466700,981,1019
466800,983,1017
466900,984,1016
467000,982,1018
467100,980,1020
467200,978,1022
467300,974,1026
467400,976,1024
467500,976,1024
467600,977,1023
467700,981,1019
467800,972,1028
467900,971,1029
468000,967,1033
468100,956,1044
468200,956,1044
468300,966,1034
468400,955,1045
468500,958,1042
468600,955,1045
468700,956,1044
468800,948,1052
468900,953,1047
469000,953,1047
469100,949,1051
469200,946,1054
469300,944,1056
469400,944,1056
469500,943,1057
469600,934,1066
469700,933,1067
469800,935,1065
469900,933,1067
470000,926,1074
470100,925,1075
470200,931,1069
470300,937,1063
470400,938,1062
470500,933,1067
470600,936,1064
470700,929,1071
470800,930,1070
470900,936,1064
471000,934,1066
471100,938,1062
471200,938,1062
471300,939,1061
471400,943,1057
471500,945,1055
471600,941,1059
471700,946,1054
471800,948,1052
471900,957,1043
472000,962,1038
472100,958,1042
472200,956,1044
472300,959,1041
472400,958,1042
472500,953,1047
472600,958,1042
472700,955,1045
472800,959,1041
472900,967,1033
473000,960,1040
473100,955,1045
473200,956,1044
473300,952,1048
473400,949,1051
473500,949,1051
473600,945,1055
473700,947,1053
473800,948,1052
473900,949,1051
474000,945,1055
474100,950,1050
474200,949,1051
474300,942,1058
474400,945,1055
474500,944,1056
474600,946,1054
474700,949,1051
474800,955,1045
474900,953,1047
475000,950,1050
475100,953,1047
475200,949,1051
475300,943,1057
475400,943,1057
475500,942,1058
475600,947,1053
475700,946,1054
475800,939,1061
475900,935,1065
476000,935,1065
476100,928,1072
476200,929,1071
476300,926,1074
476400,922,1078
476500,926,1074
476600,922,1078
476700,921,1079
476800,924,1076
476900,920,1080
477000,915,1085
477100,909,1091
477200,903,1097
477300,905,1095
477400,911,1089
477500,919,1081
477600,914,1086
477700,909,1091
477800,907,1093
477900,906,1094
478000,901,1099
478100,903,1097
478200,904,1096
478300,904,1096
478400,905,1095
478500,911,1089
478600,906,1094
478700,900,1100
478800,904,1096
478900,903,1097
479000,906,1094
479100,906,1094
479200,911,1089
479300,905,1095
479400,912,1088
479500,907,1093
479600,914,1086
479700,912,1088
479800,911,1089
479900,907,1093
480000,907,1093
480100,902,1098
480200,904,1096
480300,901,1099
480400,894,1106
480500,897,1103
480600,897,1103
480700,890,1110
480800,889,1111
480900,883,1117
481000,886,1114
481100,889,1111
481200,885,1115
481300,888,1112
481400,885,1115
481500,884,1116
481600,880,1120
481700,886,1114
481800,887,1113
481900,880,1120
482000,878,1122
482100,872,1128
482200,877,1123
482300,877,1123
482400,871,1129
482500,871,1129
482600,877,1123
482700,881,1119
482800,883,1117
482900,883,1117
483000,881,1119
483100,887,1113
483200,888,1112
483300,886,1114
483400,893,1107
483500,884,1116
483600,878,1122
483700,885,1115
483800,878,1122
483900,873,1127
484000,879,1121
484100,881,1119
484200,879,1121
484300,876,1124
484400,879,1121
484500,882,1118
484600,885,1115
484700,894,1106
484800,900,1100
484900,900,1100
485000,891,1109
485100,879,1121
485200,884,1116
485300,885,1115
485400,882,1118
485500,883,1117
485600,889,1111
485700,893,1107
485800,892,1108
485900,899,1101
486000,895,1105
486100,901,1099
486200,899,1101
486300,900,1100
486400,904,1096
486500,907,1093
486600,904,1096
486700,907,1093
486800,906,1094
486900,902,1098
487000,906,1094
487100,901,1099
487200,897,1103
487300,894,1106
487400,893,1107
487500,897,1103
487600,899,1101
487700,896,1104
487800,896,1104
487900,899,1101
488000,907,1093
488100,898,1102
488200,905,1095
488300,902,1098
488400,898,1102
488500,895,1105
488600,888,1112
488700,888,1112
488800,881,1119
488900,881,1119
489000,885,1115
489100,890,1110
489200,892,1108
489300,904,1096
489400,905,1095
489500,905,1095
489600,911,1089
489700,907,1093
489800,905,1095
489900,901,1099
490000,908,1092
490100,906,1094
490200,908,1092
490300,912,1088
490400,911,1089
490500,907,1093
490600,904,1096
490700,900,1100
490800,909,1091
490900,909,1091
491000,906,1094
491100,903,1097
491200,899,1101
491300,900,1100
491400,901,1099
491500,900,1100
491600,904,1096
491700,902,1098
491800,894,1106
491900,901,1099
492000,903,1097
492100,909,1091
492200,910,1090
492300,908,1092
492400,908,1092
492500,912,1088
492600,906,1094
492700,906,1094
492800,908,1092
492900,908,1092
493000,906,1094
493100,904,1096
493200,903,1097
493300,904,1096
493400,914,1086
493500,910,1090
493600,913,1087
493700,917,1083
493800,915,1085
493900,909,1091
494000,913,1087
494100,915,1085
494200,920,1080
494300,918,1082
494400,914,1086
494500,921,1079
494600,914,1086
494700,914,1086
494800,912,1088
494900,916,1084
495000,910,1090
495100,906,1094
495200,907,1093
495300,905,1095
495400,909,1091
495500,909,1091
495600,904,1096
495700,896,1104
495800,895,1105
495900,896,1104
496000,901,1099
496100,906,1094
496200,904,1096
496300,903,1097
496400,892,1108
496500,896,1104
496600,891,1109
496700,890,1110
496800,884,1116
496900,879,1121
497000,874,1126
497100,871,1129
497200,866,1134
497300,860,1140
497400,859,1141
497500,871,1129
497600,875,1125
497700,879,1121
497800,879,1121
497900,884,1116
498000,886,1114
498100,890,1110
498200,889,1111
498300,892,1108
498400,889,1111
498500,901,1099
498600,902,1098
498700,897,1103
498800,892,1108
498900,898,1102
499000,892,1108
499100,894,1106
499200,895,1105
499300,893,1107
499400,885,1115
499500,885,1115
499600,887,1113
499700,892,1108
499800,893,1107
499900,893,1107
500000,886,1114
