Time,H2O,OH-,H+,glucose,O2,H2O:=Cell_1,OH-:=Cell_1,H+:=Cell_1,glucose:=Cell_1,glucose_channel:=Cell_1,glucose_in:=Cell_1,O2:=Cell_1,O2_in:=Cell_1,Pyruvate:=Cell_1,Pyruvate-:=Cell_1,Pyruvate_created:=Cell_1,ATP:=Cell_1,ADP:=Cell_1,Pi:=Cell_1,Pi-:=Cell_1,NAD+:=Cell_1,NADH:=Cell_1,Lactic:=Cell_1,H2O:=Cell_2,OH-:=Cell_2,H+:=Cell_2,glucose:=Cell_2,glucose_channel:=Cell_2,glucose_in:=Cell_2,O2:=Cell_2,O2_in:=Cell_2,Pyruvate:=Cell_2,Pyruvate-:=Cell_2,Pyruvate_created:=Cell_2,ATP:=Cell_2,ADP:=Cell_2,Pi:=Cell_2,Pi-:=Cell_2,NAD+:=Cell_2,NADH:=Cell_2,Lactic:=Cell_2,H2O::Cell_1::Mito_1,OH-::Cell_1::Mito_1,H+::Cell_1::Mito_1,O2::Cell_1::Mito_1,O2_in::Cell_1::Mito_1,CO2::Cell_1::Mito_1,ATP::Cell_1::Mito_1,ATP_created::Cell_1::Mito_1,ADP::Cell_1::Mito_1,Pi::Cell_1::Mito_1,NAD+::Cell_1::Mito_1,NADH::Cell_1::Mito_1,NADH_created::Cell_1::Mito_1,Pyruvate::Cell_1::Mito_1,Pyruvate_trans::Cell_1::Mito_1,Pyruvate-::Cell_1::Mito_1,Pyruvate-_in::Cell_1::Mito_1,CoA-SH::Cell_1::Mito_1,Acetyl_CoA::Cell_1::Mito_1,FAD::Cell_1::Mito_1,GDP::Cell_1::Mito_1,GTP::Cell_1::Mito_1,FADH2::Cell_1::Mito_1,FADH2_created::Cell_1::Mito_1,ADP_ATP_trans::Cell_1::Mito_1,NADH_shuttle::Cell_1::Mito_1,Pi_trans::Cell_1::Mito_1,H2O::Cell_1::Mito_2,OH-::Cell_1::Mito_2,H+::Cell_1::Mito_2,O2::Cell_1::Mito_2,O2_in::Cell_1::Mito_2,CO2::Cell_1::Mito_2,ATP::Cell_1::Mito_2,ATP_created::Cell_1::Mito_2,ADP::Cell_1::Mito_2,Pi::Cell_1::Mito_2,NAD+::Cell_1::Mito_2,NADH::Cell_1::Mito_2,NADH_created::Cell_1::Mito_2,Pyruvate::Cell_1::Mito_2,Pyruvate_trans::Cell_1::Mito_2,Pyruvate-::Cell_1::Mito_2,Pyruvate-_in::Cell_1::Mito_2,CoA-SH::Cell_1::Mito_2,Acetyl_CoA::Cell_1::Mito_2,FAD::Cell_1::Mito_2,GDP::Cell_1::Mito_2,GTP::Cell_1::Mito_2,FADH2::Cell_1::Mito_2,FADH2_created::Cell_1::Mito_2,ADP_ATP_trans::Cell_1::Mito_2,NADH_shuttle::Cell_1::Mito_2,Pi_trans::Cell_1::Mito_2,H2O::Cell_1::Mito_3,OH-::Cell_1::Mito_3,H+::Cell_1::Mito_3,O2::Cell_1::Mito_3,O2_in::Cell_1::Mito_3,CO2::Cell_1::Mito_3,ATP::Cell_1::Mito_3,ATP_created::Cell_1::Mito_3,ADP::Cell_1::Mito_3,Pi::Cell_1::Mito_3,NAD+::Cell_1::Mito_3,NADH::Cell_1::Mito_3,NADH_created::Cell_1::Mito_3,Pyruvate::Cell_1::Mito_3,Pyruvate_trans::Cell_1::Mito_3,Pyruvate-::Cell_1::Mito_3,Pyruvate-_in::Cell_1::Mito_3,CoA-SH::Cell_1::Mito_3,Acetyl_CoA::Cell_1::Mito_3,FAD::Cell_1::Mito_3,GDP::Cell_1::Mito_3,GTP::Cell_1::Mito_3,FADH2::Cell_1::Mito_3,FADH2_created::Cell_1::Mito_3,ADP_ATP_trans::Cell_1::Mito_3,NADH_shuttle::Cell_1::Mito_3,Pi_trans::Cell_1::Mito_3
0,10000000000000,1000000,1000000,0,0,10000000000000,100000,100000,0,50,0,0,0,0,0,0,100000000,100000000,100000000,0,10000000,0,0,10000000000000,100000,100000,0,50,0,0,0,0,0,0,100000000,100000000,100000000,0,10000000,0,0,100000000000,1000,1000,0,0,0,0,0,10000000,10000000,10000000,0,0,0,50,0,0,10000000,0,10000000,10000000,0,0,0,2000,2000,2000,100000000000,1000,1000,0,0,0,0,0,10000000,10000000,10000000,0,0,0,50,0,0,10000000,0,10000000,10000000,0,0,0,2000,2000,2000,100000000000,1000,1000,0,0,0,0,0,10000000,10000000,10000000,0,0,0,50,0,0,10000000,0,10000000,10000000,0,0,0,2000,2000,2000
100,10000000000000,1000000,1000000,10000,20000,9999999900893,99388,99388,0,50,0,0,0,0,0,0,99900281,100099719,100099719,0,10000000,0,0,9999999900950,99139,99139,0,50,0,0,0,0,0,0,99900089,100099911,100099911,0,10000000,0,0,100000000018,982,982,0,0,0,0,0,10000000,10000000,10000000,0,0,0,50,0,0,10000000,0,10000000,10000000,0,0,0,2000,2000,2000,99999999982,1018,1018,0,0,0,0,0,10000000,10000000,10000000,0,0,0,50,0,0,10000000,0,10000000,10000000,0,0,0,2000,2000,2000,99999900560,100440,100440,0,0,0,0,0,10000000,10000000,10000000,0,0,0,50,0,0,10000000,0,10000000,10000000,0,0,0,2000,2000,2000
200,9999999999811,1000189,1000189,738100,20000,9999980389672,10097098,10359598,2443,50,133900,0,1060100,0,261457,262914,90669284,109330716,109350316,0,9999993,7,207,9999980390765,10096123,10365879,2561,50,138000,939900,939900,0,270317,270878,90657766,109342234,109342234,0,9729683,270317,561,100000000375,1371,1011,299148,0,1560,28,6528,9999972,9993470,9999960,40,0,0,50,0,390,10000000,0,9999994,9999998,2,6,390,2000,2000,2000,99999901272,100384,100117,318696,0,1573,56,6256,9999944,9993744,9938367,61633,0,0,50,1,410,9999979,21,9999980,10000000,0,20,388,2000,2000,2000,100000000458,1360,1002,438734,0,1752,274,7174,9999726,9992800,9799958,200042,0,0,50,3,450,9999988,12,9999987,9999974,26,13,435,2000,2000,2000
300,9999999999954,1000046,1000046,1244400,20000,9999981738927,95911,850041,1548,50,382300,0,2119600,0,749267,761504,82636242,117363758,117503658,0,9390983,609017,3687,9999981748728,91844,838444,850,50,383300,1880400,1880400,0,755750,764900,82505472,117494528,117494528,0,9244250,755750,9150,99999902773,103658,101022,651746,0,10954,206,46206,9999794,9953779,9999936,64,0,0,50,5,2790,9999938,62,9999995,9999985,15,5,2723,2000,2000,2000,99999903596,103124,100350,711076,0,11766,636,49436,9999364,9950564,9859374,140626,0,0,50,30,3000,9999962,38,9999976,10000000,0,24,2932,2000,2000,2000,100000002828,3576,924,731794,0,10858,834,45934,9999166,9954066,9999952,48,0,0,50,8,2760,9999950,50,10000000,10000000,0,0,2702,2000,2000,2000
400,10000000000239,999761,999761,1648800,20000,9999963852099,10085291,11391125,3537,50,676100,0,2960900,0,1303260,1345126,75549616,124450384,124817484,0,9295720,704280,19646,9999973871054,94057,1372457,4595,50,685100,3039100,3039100,0,1319705,1361010,75226121,124773879,124773879,0,8680295,1319705,41305,100000007346,8047,936,879236,0,28829,396,122196,9999604,9877787,9800111,199889,0,0,50,95,7360,9999923,77,10000000,9999983,17,0,7188,2000,2000,2000,100000007456,8356,986,1097676,0,29670,2436,125936,9997564,9874064,9800270,199730,0,0,50,107,7550,9999966,34,9999999,10000000,0,1,7409,2000,2000,2000,100000007401,7911,882,918606,0,28961,566,122366,9999434,9877634,9799929,200071,0,0,50,6,7310,9999915,85,9999979,10000000,0,21,7219,2000,2000,2000
500,10000000000530,999470,999470,2002200,20000,9999956620294,10088159,11947695,1688,50,999200,0,3900600,0,1884380,1995024,69319177,130680823,131396523,0,8714520,1285480,67744,9999956774715,10003512,11755758,4294,50,1008600,4099400,4099400,0,1880429,2008612,68686839,131313161,131313161,0,8119571,1880429,128183,99999914527,113988,100589,1099158,0,56171,38,236538,9999962,9763359,9799799,200201,0,0,50,93,14210,9999901,99,9999896,9999897,103,104,14018,2000,2000,2000,100000014816,14463,650,1377208,0,57507,88,242488,9999912,9757433,9799513,200487,0,0,50,21,14490,9999877,123,9999918,9999921,79,82,14346,2000,2000,2000,99999914667,114075,100507,1297898,0,56102,78,236878,9999922,9763080,9799668,200332,0,0,50,26,14200,9999802,198,9999958,9999958,42,42,13976,2000,2000,2000
600,10000000000332,999668,999668,2324300,20000,9999949982424,10077511,12382937,3741,50,1339600,0,4920500,0,2419292,2671718,63788853,136211147,137368347,0,8178428,1821572,183146,9999950125398,10088229,12205019,4651,50,1346100,5079500,5079500,0,2399844,2682898,62796525,137203475,137203475,0,7600156,2399844,283054,99999924197,122435,99879,1372452,0,91524,2472,387872,9997528,9612128,9800256,199744,0,0,50,24,23100,9999740,260,10000000,10000000,0,0,22816,2000,2000,2000,99999923260,122967,100963,1710702,0,92826,22,390422,9999978,9609423,9799304,200696,0,0,50,37,23320,9999898,102,9999785,9999845,155,215,23181,2000,2000,2000,99999924787,121480,99098,1632176,0,90658,2936,384336,9997064,9615613,9800382,199618,0,0,50,26,22860,9999774,226,10000000,9999949,51,0,22608,2000,2000,2000
700,10000000000358,999642,999642,2606600,20000,9999943855726,10078370,12699474,4736,50,1696900,0,5920500,0,2901786,3384328,58912324,141087676,142781576,0,7696384,2303616,381612,9999954122910,80772,2403872,4933,50,1706500,6079500,6079500,0,2863117,3403134,57506816,142493184,142493184,0,7136883,2863117,540017,99999933163,133741,101292,1641052,0,134131,72,566372,9999928,9433628,9799449,200551,0,0,50,153,33790,9999861,139,9999818,10000000,0,182,33498,2000,2000,2000,100000033706,33806,812,1979430,0,133956,2030,567630,9997970,9432370,9799894,200106,0,0,50,135,33720,9999872,128,9999933,10000000,0,67,33457,2000,2000,2000,99999932998,133837,101266,2000696,0,132769,156,562156,9999844,9437745,9799571,200429,0,0,50,155,33420,9999903,97,9999900,9999901,99,100,33168,2000,2000,2000
800,10000000000471,999529,999529,2879200,20000,9999938263819,10000165,12715963,1531,50,2060400,0,6661400,0,3280978,4117738,54565322,145434678,147718278,0,7317332,2682668,700970,9999948613319,81169,2321681,4531,50,2070400,7338600,7338600,0,3186125,4131738,52726226,147273774,147273774,0,6813875,3186125,945613,100000046274,44526,27,1805876,0,181041,2136,766836,9997864,9233164,9799599,200401,0,0,50,155,45560,9999807,193,9999896,10000000,0,104,45212,2000,2000,2000,100000045185,45306,779,2145650,0,179723,4350,762450,9995650,9237483,9799927,200073,0,0,50,124,45090,9999953,47,9999931,9999933,67,69,44919,2000,2000,2000,99999946488,144706,99808,2304952,0,180182,4472,765272,9995528,9234554,9800298,199702,0,0,50,15,45140,9999894,106,9999997,9999826,174,3,45019,2000,2000,2000
900,10000000000196,999804,999804,3129400,20000,9999933005058,10002043,12654125,1603,50,2433700,0,7681200,0,3584638,4864194,50695895,149304105,152228705,0,7012862,2987138,1106056,9999933631962,10007952,12102598,4157,50,2446900,8318800,8318800,0,3490066,4885486,48425400,151574600,151574600,0,6509934,3490066,1395420,100000058541,57892,765,2086690,0,232723,2290,985490,9997710,9014413,9799627,200373,0,0,50,40,58400,9999761,239,9999849,9999903,97,151,58121,2000,2000,2000,99999959104,156638,99485,2448380,0,229547,3380,974780,9996620,9025154,9800053,199947,0,0,50,36,57560,9999817,183,9999999,9999934,66,1,57341,2000,2000,2000,100000058344,56539,127,2628642,0,229518,2162,972162,9997838,9027743,9800012,199988,0,0,50,18,57540,9999810,190,9999854,9999905,95,146,57332,2000,2000,2000
1000,10000000000175,999825,999825,3364900,20000,9999938025184,88295,2591015,4919,50,2816700,0,8640700,0,3848861,5623562,47261941,152738059,156362959,0,6749059,3250941,1560421,9999938907869,90165,2056889,1925,50,2828400,9359300,9359300,0,3809837,5652950,44550984,155449016,155449016,0,6190163,3809837,1843113,99999974667,169757,98342,2325464,0,287145,4,1219104,9999996,8780896,9800715,199285,0,0,50,51,72060,9999703,297,10000000,10000000,0,0,71712,2000,2000,2000,99999971840,170580,100295,2767288,0,284235,68,1205368,9999932,8794504,9799285,200715,0,0,50,164,71300,9999897,103,9999871,9999872,128,129,71033,2000,2000,2000,100000071389,70997,694,2908234,0,282807,74,1200574,9999926,8799220,9799803,200197,0,0,50,27,70920,9999745,255,9999984,9999794,206,16,70638,2000,2000,2000
1100,10000000000250,999750,999750,3588800,20000,9999933467846,80532,2376414,5476,50,3206700,0,9621300,0,4092425,6402448,44190826,155809174,160149174,0,6505535,3494465,2053283,9999934637307,85429,1741783,2580,50,3214500,10378700,10378700,0,4040097,6423840,41046576,158953424,158953424,0,5959903,4040097,2383743,99999987419,185745,100172,2482008,0,345747,88,1466488,9999912,8533512,9799373,200627,0,0,50,58,86740,9999673,327,9999909,10000000,0,91,86355,2000,2000,2000,100000085532,84295,579,3265750,0,340034,1550,1440750,9998450,8559047,9799516,200484,0,0,50,33,85160,9999842,158,9999781,9999797,203,219,84969,2000,2000,2000,100000085899,84421,43,3106634,0,338732,4174,1438574,9995826,8561254,9800078,199922,0,0,50,46,84840,9999852,148,9999976,9999828,172,24,84646,2000,2000,2000
1200,10000000000249,999751,999751,3796500,20000,9999929178448,90755,2040497,2997,50,3604800,0,10601700,0,4275564,7203606,41460509,158539491,163627191,0,6321326,3678674,2626932,9999930687512,93044,1500194,4007,50,3608700,11398300,11398300,0,4308268,7209386,37889942,162110058,162110058,0,5691732,4308268,2901118,100000102138,101205,642,2816414,0,406247,54,1723154,9999946,8276723,9799363,200637,0,0,50,37,101820,9999705,295,9999874,9999877,123,126,101488,2000,2000,2000,100000000522,198110,100010,3522398,0,398570,2678,1688678,9997322,8311322,9799400,200600,0,0,50,179,99970,9999802,198,9999741,10000000,0,259,99593,2000,2000,2000,99999999310,198190,100585,3364568,0,396115,48,1678648,9999952,8321352,9799505,200495,0,0,50,178,99320,9999849,151,9999753,10000000,0,247,98991,2000,2000,2000
1300,10000000000003,999997,999997,3994400,20000,9999915167822,10085539,11679567,5780,50,4007600,0,11561700,0,4452234,8003640,39023901,160976099,166842999,0,6144366,3855634,3204806,9999927050971,88745,1221243,2980,50,4008000,12438300,12438300,0,4571269,8010040,35049756,164950244,164950244,0,5428731,4571269,3438771,100000117793,116299,40,3070172,0,467121,2292,1983492,9997708,8016508,9800159,199841,0,0,50,132,117030,9999843,157,9999935,10000000,0,65,116741,2000,2000,2000,100000115658,115489,1103,3834300,0,462614,3000,1961800,9997000,8037997,9800486,199514,0,0,50,48,115820,9999842,158,9999786,9999797,203,214,115614,2000,2000,2000,100000013952,213345,100645,3620926,0,454090,186,1927086,9999814,8072777,9799500,200500,0,0,50,151,113750,9999898,102,9999861,9999863,137,139,113497,2000,2000,2000
1400,9999999999432,1000568,1000568,4191800,20000,9999911455935,10007883,11303769,5648,50,4407500,0,12341900,0,4657115,8803704,36811522,163188478,169832478,0,5938705,4061295,3753909,9999923669850,96739,744253,5032,50,4410700,13658100,13658100,0,4729425,8811336,32477925,167522075,167522075,0,5270575,4729425,4081911,100000031638,231866,101287,3305092,0,528101,12,2239512,9999988,7760488,9799079,200921,0,0,50,183,132350,9999811,189,9999758,10000000,0,242,131978,2000,2000,2000,100000031536,229950,100585,4048738,0,523905,2218,2221118,9997782,7778608,9799265,200735,0,0,50,59,131180,9999807,193,9999726,9999726,274,274,130928,2000,2000,2000,100000129717,127647,35,3814950,0,515638,1450,2187050,9998550,7812950,9800712,199288,0,0,50,164,129150,9999898,102,9999766,10000000,0,234,128884,2000,2000,2000
1500,9999999999530,1000470,1000470,4377000,20000,9999907792925,10092166,10921688,4947,50,4815000,0,13302500,0,4783914,9620106,34870397,165129603,172594803,0,5813886,4186114,4395292,9999920538411,98696,246110,5806,50,4818000,14697500,14697500,0,4885901,9624388,30161495,169838505,169838505,0,5114099,4885901,4738487,100000049482,246610,99423,3577262,0,591543,5982,2511682,9994018,7488318,9799787,200213,0,0,50,145,148150,9999841,159,9999900,10000000,0,100,147846,2000,2000,2000,100000047407,246069,100367,4320934,0,587408,74,2492574,9999926,7507426,9799402,200598,0,0,50,114,147080,9999848,152,9999808,10000000,0,192,146814,2000,2000,2000,100000046515,245097,99962,4085276,0,581405,3236,2470236,9996764,7529764,9800135,199865,0,0,50,192,145670,9999831,169,9999999,10000000,0,1,145309,2000,2000,2000
1600,9999999999419,1000581,1000581,4566400,20000,9999904476825,10011347,10567585,3149,50,5218900,0,14162300,0,5003770,10431502,33113574,166886426,175180326,0,5591830,4408170,4937632,9999917275019,452345,103737,2258,50,5224700,15837700,15837700,0,5048138,10444884,28072248,171927752,171927752,0,4951862,5048138,5396746,100000163796,163651,1139,3749614,0,655298,54,2780554,9999946,7219235,9799012,200988,0,0,50,184,164130,9999838,162,9999778,9999789,211,222,163784,2000,2000,2000,100000164198,161282,16,4631438,0,654004,1518,2771918,9998482,7228082,9799766,200234,0,0,50,209,163830,9999840,160,9999593,10000000,0,407,163461,2000,2000,2000,100000061570,260614,101158,4317332,0,647324,52,2743052,9999948,7256760,9798756,201244,0,0,50,171,162140,9999816,184,9999571,9999812,188,429,161785,2000,2000,2000
1700,9999999999481,1000519,1000519,4742600,20000,9999901160088,10096746,10285024,5025,50,5630500,0,15361500,0,5178244,11250950,31578684,168421316,177592216,0,5417386,4582614,5531336,9999904050047,10969196,10093358,4793,50,5636900,16638500,16638500,0,5194188,11264214,26183457,173816543,173816543,0,4805812,5194188,6070026,100000182174,181388,488,4096312,0,725080,3032,3080332,9996968,6919494,9801400,198600,0,0,50,51,181540,9999708,292,9999999,9999826,174,1,181197,2000,2000,2000,100000180983,179713,608,5019792,0,722075,12,3064012,9999988,6935988,9798905,201095,0,0,50,65,180850,9999645,355,9999806,10000000,0,194,180430,2000,2000,2000,100000178520,177642,1108,4626452,0,714546,72,3029672,9999928,6970090,9799234,200766,0,0,50,213,178980,9999826,174,9999623,9999762,238,377,178593,2000,2000,2000
1800,9999999999501,1000499,1000499,4913500,20000,9999897920457,10250464,10107950,2256,50,6047100,0,16161600,0,5381187,12089688,30194909,169805091,179839391,0,5214813,4785187,6116101,9999910692486,1795133,96825,3628,50,6049400,17838400,17838400,0,5196618,12091544,24479163,175520837,175520837,0,4803382,5196618,6894926,100000099989,295326,99060,4307536,0,791174,196,3357296,9999804,6642485,9799666,200334,0,0,50,50,198100,9999658,342,9999780,9999781,219,220,197708,2000,2000,2000,100000100584,296896,98910,5125580,0,793214,7080,3370080,9992920,6629920,9800786,199214,0,0,50,226,198720,9999746,254,10000000,10000000,0,0,198240,2000,2000,2000,100000196438,194257,55,4956168,0,781018,1548,3315748,9998452,6684153,9799602,200398,0,0,50,63,195580,9999650,350,9999877,9999901,99,123,195167,2000,2000,2000
1900,9999999999972,1000028,1000028,5079400,20000,9999894448570,10768951,10017131,2586,50,6466500,20000,17122400,0,5441774,12927828,28996449,171003551,181954651,0,5154596,4845404,6839824,9999897656081,12463765,10081443,6427,50,6464100,18877600,18877600,0,5266512,12915346,22935192,177064808,177064808,0,4733488,5266512,7648834,100000215783,215805,1063,4433460,0,863658,60,3666560,9999940,6333440,9799342,200658,0,0,50,291,216330,9999834,166,9999807,10000000,0,193,215873,2000,2000,2000,100000116186,315281,101005,5472614,0,865034,54,3669654,9999946,6330151,9799276,200724,0,0,50,201,216560,9999866,134,9999637,9999805,195,363,216225,2000,2000,2000,100000113429,311938,100553,5263594,0,852125,934,3615934,9999066,6383907,9799185,200815,0,0,50,218,213340,9999879,121,9999701,9999841,159,299,213001,2000,2000,2000
2000,9999999999590,1000410,1000410,5240700,20000,9999890811139,11564473,10091739,6026,50,6883100,0,18242300,0,5441677,13754148,27868460,172131540,183970240,0,5151893,4848107,7613441,9999894805832,13090475,10073269,3691,50,6886200,19757700,19757700,0,5373906,13765018,21561325,178438675,178438675,0,4626094,5373906,8391112,100000136346,330982,98900,4738648,0,937338,4028,3976028,9995972,6023784,9799382,200618,0,0,50,235,234700,9999826,174,9999593,9999812,188,407,234291,2000,2000,2000,100000133547,331218,100655,5841768,0,933657,148,3958348,9999852,6041583,9799563,200437,0,0,50,39,233670,9999711,289,9999502,9999931,69,498,233342,2000,2000,2000,100000230108,229287,1333,5571958,0,921616,38,3908538,9999962,6091167,9799054,200946,0,0,50,82,230660,9999768,232,9999568,9999705,295,432,230346,2000,2000,2000
2100,9999999999202,1000798,1000798,5403700,20000,9999887509029,12131114,10004672,5082,50,7304500,0,19261700,0,5484727,14598836,26866779,173133221,185861021,0,5108903,4891097,8362639,9999902066188,3739958,72930,3320,50,7301800,20738300,20738300,0,5464966,14596960,20303106,179696894,179696894,0,4535034,5464966,9131994,100000253256,250512,33,5023376,0,1010061,1636,4285836,9998364,5714164,9800379,199621,0,0,50,229,252880,9999819,181,9999638,10000000,0,362,252470,2000,2000,2000,100000151233,346836,99982,6171490,0,1001496,4390,4244390,9995610,5755333,9798554,201446,0,0,50,45,250620,9999732,268,9999363,9999723,277,637,250307,2000,2000,2000,100000147521,347839,101280,5819252,0,990521,2472,4206072,9997528,5793928,9799859,200141,0,0,50,51,247970,9999615,385,9999882,10000000,0,118,247534,2000,2000,2000
2200,9999999998886,1001114,1001114,5557600,20000,9999894322984,2676628,88564,2710,50,7725000,0,20361600,0,5623638,15444580,25990292,174009708,187655808,0,4972442,5027558,9016322,9999899418721,4415096,73064,5346,50,7727400,21638400,21638400,0,5551038,15444108,19177925,180822075,180822075,0,4448962,5551038,9893070,100000172017,368831,99426,5288854,0,1082005,94,4594794,9999906,5405206,9799905,200095,0,0,50,188,270810,9999839,161,9999821,10000000,0,179,270461,2000,2000,2000,100000167959,367261,100948,6458104,0,1071347,44,4548044,9999956,5451956,9799413,200587,0,0,50,42,268160,9999625,375,9999789,10000000,0,211,267743,2000,2000,2000,100000167501,364125,99110,6205540,0,1061085,5340,4508740,9994660,5491070,9800715,199285,0,0,50,228,265650,9999799,201,9999999,9999810,190,1,265221,2000,2000,2000
2300,9999999999167,1000833,1000833,5717800,20000,9999881280072,13164703,10004789,3761,50,8141900,0,21261200,0,5699432,16276278,25182853,174817147,189378947,0,4895818,5104182,9718096,9999896872697,5094990,90842,4050,50,8150300,22738800,22738800,0,5644176,16292500,18160187,181839813,181839813,0,4355824,5644176,10648324,100000189127,387117,100344,5495576,0,1153767,36,4897836,9999964,5102164,9799273,200727,0,0,50,36,288750,9999637,363,9999757,10000000,0,243,288351,2000,2000,2000,100000286803,284681,122,6663220,0,1144241,20,4857920,9999980,5142080,9799259,200741,0,0,50,176,286360,9999835,165,9999741,10000000,0,259,286019,2000,2000,2000,100000284188,282648,423,6531152,0,1133855,8572,4814672,9991428,5185132,9801025,198975,0,0,50,27,283640,9999801,199,9999802,9999804,196,198,283414,2000,2000,2000
2400,9999999999650,1000350,1000350,5869100,20000,9999888156831,3809626,84024,5205,50,8567600,0,22300600,0,5786634,17124790,24468747,175531253,191008753,0,4808306,5191694,10425196,9999884650834,15549856,9979636,3912,50,8573300,23699400,23699400,0,5784278,17138776,17239466,182760534,182760534,0,4215722,5784278,11354498,100000207670,404480,99438,5862458,0,1224028,38,5198838,9999962,4801004,9800842,199158,0,0,50,241,306350,9999864,136,9999841,9999842,158,159,305973,2000,2000,2000,100000304259,301108,656,7009626,0,1216838,1386,5158786,9998614,4841055,9797452,202548,0,0,50,47,304480,9999702,298,9999323,9999841,159,677,304135,2000,2000,2000,100000302730,299925,26,6696788,0,1206621,868,5122168,9999132,4877721,9799199,200801,0,0,50,219,302130,9999659,341,9999734,9999889,111,266,301570,2000,2000,2000
2500,10000000000730,999270,999270,6011300,20000,9999885005364,4547352,75964,6829,50,8996500,0,23121200,0,5784837,17979342,23876458,176123542,192567942,0,4811423,5188577,11225365,9999882086811,16433735,10061865,3710,50,9002200,24878800,24878800,0,5812555,17996980,16417526,183582474,183582474,0,4187445,5812555,12184425,100000325613,324099,433,6026306,0,1299824,66,5519866,9999934,4480134,9799466,200534,0,0,50,53,325270,9999652,348,9999829,10000000,0,171,324869,2000,2000,2000,100000322536,322073,1077,7253702,0,1289834,22,5476822,9999978,4522937,9799596,200404,0,0,50,187,322800,9999794,206,9999759,9999759,241,241,322407,2000,2000,2000,100000321635,319689,19,6939064,0,1282890,904,5448704,9999096,4551296,9799870,200130,0,0,50,241,321070,9999858,142,9999825,10000000,0,175,320687,2000,2000,2000
2600,10000000000322,999678,999678,6154800,20000,9999871684360,15510282,10018104,2957,50,9428700,0,24240400,0,5655534,18851486,23307128,176692872,194053872,0,4939046,5060954,12171832,9999889595729,7323569,72751,3565,50,9426500,25759600,25759600,0,5797526,18845870,15665168,184334832,184334832,0,4202474,5797526,13048344,100000342762,339777,1173,6193280,0,1373096,180,5819780,9999820,4179901,9796904,203096,0,0,50,39,343520,9999724,276,9999135,9999681,319,865,343205,2000,2000,2000,100000341861,339849,214,7637348,0,1363785,28,5791628,9999972,4208166,9800435,199565,0,0,50,195,341280,9999815,185,9999784,9999794,206,216,340900,2000,2000,2000,100000339160,336216,524,7345752,0,1355888,1572,5751372,9998428,4248628,9797892,202108,0,0,50,72,339320,9999632,368,9999436,10000000,0,564,338880,2000,2000,2000
2700,9999999999652,1000348,1000348,6293700,20000,9999878783607,6106953,62009,3289,50,9862100,0,25320200,0,5758109,19717622,22799282,177200718,195491818,0,4838661,5161339,12881283,9999887318971,8070314,55450,7221,50,9854200,26679800,26679800,0,5839547,19693958,14983243,185016757,185016757,0,4160453,5839547,13854411,100000362614,360957,143,6576364,0,1445746,2804,6142304,9997196,3857461,9800114,199886,0,0,50,246,361840,9999790,210,9999928,9999765,235,72,361384,2000,2000,2000,100000259139,458871,101069,7723164,0,1436258,4,6099804,9999996,3899994,9799402,200598,0,0,50,190,359400,9999806,194,9999796,9999798,202,204,359016,2000,2000,2000,100000256906,454278,100367,7792006,0,1426579,1866,6053666,9998134,3946334,9798011,201989,0,0,50,214,356990,9999825,175,9999497,10000000,0,503,356601,2000,2000,2000
2800,9999999998977,1001023,1001023,6429000,20000,9999875645642,6988996,62346,5493,50,10292300,0,26201100,0,5691192,20573614,22321252,177678748,196891748,0,4904718,5095282,13750132,9999874935282,18986988,9984418,3445,50,10288700,27798900,27798900,0,5783970,20570510,14392780,185607220,185607220,0,4216030,5783970,14786540,100000379444,379220,1142,6942132,0,1518702,4652,6449052,9995348,3550948,9799178,200822,0,0,50,52,379900,9999770,230,9999738,10000000,0,262,379618,2000,2000,2000,100000377311,375751,758,7950120,0,1507807,120,6401520,9999880,3598398,9798893,201107,0,0,50,78,377350,9999573,427,9999715,9999918,82,285,376845,2000,2000,2000,100000375230,374436,778,7917474,0,1499052,14,6367214,9999986,3632648,9800458,199542,0,0,50,31,375040,9999672,328,9999861,9999862,138,139,374681,2000,2000,2000
2900,9999999998919,1001081,1001081,6564300,20000,9999872942137,7483469,72651,6060,50,10724900,0,27300300,0,5825831,21437680,21911386,178088614,198236714,0,4769769,5230231,14424249,9999882617376,9896784,49816,3928,50,10720800,28699700,28699700,0,5793388,21433744,13847904,186152096,186152096,0,4206612,5793388,15640356,100000297791,495973,101211,7228258,0,1591808,38,6754338,9999962,3245418,9797862,202138,0,0,50,35,398320,9999556,444,9999473,9999756,244,527,397841,2000,2000,2000,100000296072,493216,100195,8294958,0,1581049,38,6711838,9999962,3288162,9798521,201479,0,0,50,78,395680,9999547,453,9999665,10000000,0,335,395149,2000,2000,2000,100000394156,392972,358,8221508,0,1572706,88,6682088,9999912,3317912,9800814,199186,0,0,50,86,393600,9999550,450,10000000,10000000,0,0,393064,2000,2000,2000
3000,9999999999693,1000307,1000307,6696800,20000,9999860103943,18150037,10050381,5089,50,11158000,0,28260900,0,5859843,22305822,21557902,178442098,199540198,0,4733017,5266983,15202739,9999880542107,10612234,48538,7361,50,11155200,29739100,29739100,0,5865991,22295678,13350019,186649981,186649981,0,4134009,5865991,16429687,100000317285,514575,99996,7611756,0,1665661,116,7072816,9999884,2927184,9799279,200721,0,0,50,170,416760,9999767,233,9999691,10000000,0,309,416357,2000,2000,2000,100000314940,512058,100140,8519410,0,1655232,110,7028310,9999890,2971404,9801018,198982,0,0,50,79,414160,9999636,364,9999713,9999714,286,287,413717,2000,2000,2000,100000413001,410421,234,8406452,0,1647893,272,6997472,9999728,3002318,9800287,199713,0,0,50,40,412320,9999591,409,9999745,9999790,210,255,411871,2000,2000,2000
3100,9999999999625,1000375,1000375,6819800,20000,9999857197340,18918358,10011102,4293,50,11596500,0,29340600,0,5840919,23184414,21221812,178778188,200799888,0,4755121,5244879,16045835,9999868435428,21404386,10010766,6136,50,11593700,30659400,30659400,0,5890754,23175128,12914942,187085058,187085058,0,4109246,5890754,17284374,100000337400,532648,98677,7956396,0,1737869,7956,7384256,9992044,2615432,9801371,198629,0,0,50,55,434820,9999603,397,10000000,9999688,312,0,434368,2000,2000,2000,100000432289,431594,1121,8764392,0,1728707,112,7341212,9999888,2658525,9798873,201127,0,0,50,80,432490,9999689,311,9999737,9999737,263,263,432099,2000,2000,2000,100000329422,530123,101832,8732190,0,1720059,90,7304390,9999910,2695345,9798791,201209,0,0,50,96,430350,9999681,319,9999735,9999735,265,265,429935,2000,2000,2000
3200,10000000000068,999932,999932,6947700,20000,9999854295202,19712179,10050319,3506,50,12032400,0,30400400,0,5844244,24057788,20941969,179058031,202034831,0,4751336,5248664,16859824,9999866240241,22328699,10016111,7871,50,12029900,31599600,31599600,0,5865735,24044058,12512998,187487002,187487002,0,4134265,5865735,18178323,100000353193,552622,101279,8200916,0,1812797,76,7698076,9999924,2301645,9798943,201057,0,0,50,37,453510,9999635,365,9999720,9999721,279,280,453108,2000,2000,2000,100000351385,550032,100692,9128120,0,1803460,20,7659520,9999980,2340251,9799540,200460,0,0,50,159,451240,9999712,288,9999767,9999771,229,233,450793,2000,2000,2000,100000348421,547523,100966,9016612,0,1794423,32,7619332,9999968,2380668,9799457,200543,0,0,50,221,448970,9999809,191,9999638,10000000,0,362,448558,2000,2000,2000
3300,10000000000393,999607,999607,7073600,20000,9999851682719,20245869,10000201,3175,50,12472200,0,31400200,0,5936871,24938050,20671738,179328262,203233362,0,4657909,5342091,17591859,9999874135192,13202578,59796,6621,50,12464200,32599800,32599800,0,5886188,24915158,12152928,187847072,187847072,0,4113812,5886188,19028970,100000473154,470862,52,8484354,0,1887600,3094,8018594,9996906,1981406,9800010,199990,0,0,50,87,472380,9999476,524,9999913,10000000,0,87,471769,2000,2000,2000,100000369612,568810,100827,9412922,0,1876647,14942,7971742,9985058,2028116,9800683,199317,0,0,50,40,469480,9999629,371,9999857,9999858,142,143,469069,2000,2000,2000,100000367454,565946,100711,9281144,0,1868025,284,7933084,9999716,2066916,9799235,200765,0,0,50,69,467460,9999487,513,9999774,10000000,0,226,466878,2000,2000,2000
3400,10000000001021,998979,998979,7199000,20000,9999858747706,11126076,47248,6271,50,12910100,0,32321200,0,5900045,25807658,20420340,179579660,204418560,0,4692885,5307115,18443243,9999872187242,13951501,50603,7786,50,12900900,33678800,33678800,0,5942665,25786228,11824971,188175029,188175029,0,4057335,5942665,19843563,100000391156,590208,100341,8689036,0,1961073,13396,8333196,9986604,1666804,9802167,197833,0,0,50,220,490720,9999691,309,9999997,10000000,0,3,490191,2000,2000,2000,100000387766,584928,100283,9580618,0,1948325,4798,8272098,9995202,1727704,9799345,200655,0,0,50,196,487470,9999743,257,9999577,9999802,198,423,487017,2000,2000,2000,100000387469,584720,99828,9664490,0,1942958,2890,8254690,9997110,1745105,9800592,199408,0,0,50,49,486180,9999478,522,9999961,9999795,205,39,485609,2000,2000,2000
3500,10000000000792,999208,999208,7314900,20000,9999846288794,21552461,10028381,4317,50,13351600,0,33281200,0,6064163,26694566,20241521,179758479,205564179,0,4529857,5470143,19109323,9999860046818,24923241,10000519,6490,50,13343500,34718800,34718800,0,5875649,26674020,11544079,188455921,188455921,0,4124351,5875649,20798371,100000509120,507716,660,8954142,0,2035374,62,8644262,9999938,1355738,9799056,200944,0,0,50,176,509240,9999706,294,9999716,10000000,0,284,508770,2000,2000,2000,100000410151,602925,97471,9822274,0,2024756,12414,8602714,9987586,1397286,9801654,198346,0,0,50,86,506710,9999420,580,9999998,10000000,0,2,506044,2000,2000,2000,100000505742,504182,145,9947808,0,2018283,4688,8575888,9995312,1424112,9800737,199263,0,0,50,242,505130,9999577,423,9999999,10000000,0,1,504465,2000,2000,2000
3600,10000000000507,999493,999493,7431600,20000,9999853484420,12341257,61605,3508,50,13793500,0,34022200,0,6072826,27579984,20069761,179930239,206694339,0,4522134,5477866,19929818,9999867742613,16087318,48586,4097,50,13784900,35977800,35977800,0,5761437,27561606,11291537,188708463,188708463,0,4238563,5761437,21800169,100000428764,626061,100366,9097844,0,2111565,84,8966684,9999916,1033099,9799295,200705,0,0,50,73,528310,9999539,461,9999676,9999783,217,324,527776,2000,2000,2000,100000525172,523978,1072,10087008,0,2099414,88,8915888,9999912,1083854,9798906,201094,0,0,50,35,525280,9999478,522,9999741,9999742,258,259,524723,2000,2000,2000,100000523488,520254,633,10114142,0,2092809,562,8882262,9999438,1117568,9797721,202279,0,0,50,199,523750,9999535,465,9999400,9999830,170,600,523086,2000,2000,2000
3700,10000000000183,999817,999817,7550400,20000,9999840712724,23116956,10004246,5628,50,14235700,0,35061600,0,6040767,28460144,19893224,180106776,207810076,0,4552283,5447717,20786427,9999865844024,16870273,36899,7357,50,14223900,36938400,36938400,0,5799856,28433086,11047383,188952617,188952617,0,4200144,5799856,22633230,100000447491,644333,99790,9402186,0,2184147,4546,9277546,9995454,722554,9799943,200057,0,0,50,306,546750,9999457,543,9999837,10000000,0,163,545901,2000,2000,2000,100000544257,540147,15,10292906,0,2172858,66,9224166,9999934,775834,9798832,201168,0,0,50,40,543760,9999326,674,9999552,10000000,0,448,543046,2000,2000,2000,100000542950,540453,448,10476850,0,2167745,50,9206350,9999950,793419,9799905,200095,0,0,50,41,542440,9999383,617,9999768,9999769,231,232,541782,2000,2000,2000
3800,10000000000353,999647,999647,7671200,20000,9999847879753,13970049,66833,6363,50,14675100,0,35962000,0,6028259,29337474,19734576,180265424,208912624,0,4563671,5436329,21620345,9999853875543,27745313,10016167,5297,50,14663700,38038000,38038000,0,5793830,29316806,10837662,189162338,189162338,0,4206170,5793830,23522976,100000466027,662049,99973,9667706,0,2257914,66,9587966,9999934,412134,9800376,199624,0,0,50,50,565280,9998998,1002,9999770,10000000,0,230,564228,2000,2000,2000,100000461766,659694,101019,10577906,0,2245815,66,9535266,9999934,464734,9798775,201225,0,0,50,81,562200,9999113,887,9999666,10000000,0,334,561232,2000,2000,2000,100000462387,658280,99949,10660944,0,2242929,84,9524284,9999916,475437,9799131,200869,0,0,50,54,561390,9999195,805,9999721,9999721,279,279,560531,2000,2000,2000
3900,10000000000561,999439,999439,7790800,20000,9999835286164,24602589,9997711,6807,50,15118700,100,36941000,0,6065224,30223786,19530039,180469961,209861461,0,4520246,5479754,22414332,9999862113800,18432562,34954,5670,50,15100500,39059000,39059000,0,5896026,30189660,10636022,189363978,189363978,0,4103974,5896026,24293634,100000483206,679390,100739,9935034,0,2328459,174,9884174,9999826,200026,9798951,201049,0,0,50,243,583500,9998477,1523,9999688,10000000,0,312,581734,2000,2000,2000,100000581232,577312,455,10943878,0,2317013,11158,9839158,9988842,200042,9800757,199243,0,0,50,52,580740,9998087,1913,9999999,10000000,0,1,578775,2000,2000,2000,100000578937,570542,728,10851012,0,2314166,32,9805532,9999968,196873,9795914,204086,0,0,50,193,579990,9998326,1674,9998673,9999805,195,1327,578123,2000,2000,2000
4000,9999999999337,1000663,1000663,7903600,20000,9999832384813,25556948,10020898,4238,50,15563000,20000,37801500,0,5990217,31117524,19461885,180538115,209949515,0,4595163,5404837,23326787,9999850014338,29475563,9993179,6174,50,15543400,40198500,40198500,0,5796034,31074452,10464353,189535647,189535647,0,4203966,5796034,25278418,100000505166,695758,97689,10078782,0,2402961,7502,10203502,9992498,191998,9799869,200131,0,0,50,223,602200,9998351,1649,9999878,10000000,0,122,600328,2000,2000,2000,100000599505,596003,667,11247798,0,2392334,78,10158078,9999922,199850,9802836,197164,0,0,50,177,599360,9998534,1466,9999817,9999828,172,183,597717,2000,2000,2000,100000599587,594337,24,11070616,0,2390827,876,10149476,9999124,188124,9799113,200887,0,0,50,66,598960,9998417,1583,9999717,10000000,0,283,597311,2000,2000,2000
4100,10000000000025,999975,999975,8012500,20000,9999839825500,16174854,38176,3829,50,16011500,0,38781500,0,6082602,32015342,19384696,180615304,210048904,0,4507068,5492932,24076010,9999858017300,20433482,32918,7794,50,15986000,41218500,41218500,0,5777924,31956412,10307194,189692806,189692806,0,4222076,5777924,26178488,100000521853,718037,100333,10461010,0,2479446,3910,10530310,9996090,161796,9800004,199996,0,0,50,42,621000,9998538,1462,9999934,9999706,294,66,619496,2000,2000,2000,100000518946,714727,100322,11491574,0,2467305,14,10477814,9999986,200085,9799605,200395,0,0,50,70,618340,9998075,1925,9999997,9999999,1,3,616345,2000,2000,2000,100000519184,713556,99050,11273984,0,2464854,5024,10469824,9994976,195276,9800606,199394,0,0,50,155,617390,9998638,1362,9999999,10000000,0,1,615873,2000,2000,2000
4200,10000000000094,999906,999906,8121300,20000,9999837256637,16811400,36938,5864,50,16459100,0,39841600,0,6151405,32906472,19279109,180720891,210128291,0,4432695,5567305,24840467,9999845923756,31503309,10045429,5623,50,16429600,42158400,42158400,0,5695037,32847954,10175019,189824981,189824981,0,4304963,5695037,27152917,100000540483,735533,100480,10705488,0,2554467,68,10844368,9999932,191932,9799053,200947,0,0,50,79,640240,9997941,2059,9999802,10000000,0,198,638102,2000,2000,2000,100000537883,728609,99873,11837932,0,2542044,52,10780652,9999948,200348,9797236,202764,0,0,50,69,637530,9997400,2600,9999295,10000000,0,705,634861,2000,2000,2000,100000537065,729871,100160,11579700,0,2540789,0,10779700,10000000,200200,9798511,201489,0,0,50,39,636830,9997875,2125,9999434,10000000,0,566,634666,2000,2000,2000
4300,10000000000109,999891,999891,8225300,20000,9999824387075,27754121,10011525,4074,50,16908900,0,40881800,0,6062498,33809652,19250648,180749352,210153152,0,4523572,5476428,25776124,9999854103939,22313106,47534,8084,50,16875800,43118200,43118200,0,5734930,33735432,10052477,189947523,189947523,0,4265070,5734930,28000502,100000559421,753079,99741,10930010,0,2629312,10,11161010,9999990,200290,9799838,200162,0,0,50,168,658720,9998368,1632,9999610,10000000,0,390,656920,2000,2000,2000,100000657347,652510,237,12216904,0,2619887,44,11125344,9999956,200055,9800173,199827,0,0,50,35,656620,9997849,2151,9999998,9999999,1,2,654434,2000,2000,2000,100000656095,651593,207,11840792,0,2617294,12,11113512,9999988,195788,9799886,200114,0,0,50,192,655690,9998434,1566,9999804,10000000,0,196,653932,2000,2000,2000
4400,10000000000697,999303,999303,8333200,20000,9999821648973,28574946,9994618,4517,50,17354300,0,41941800,0,6033189,34699566,19165185,180834815,210273715,0,4553481,5446519,26639947,9999842083631,33334439,10036185,6589,50,17322500,44058200,44058200,0,5666784,34631822,9949892,190050108,190050108,0,4333216,5666784,28965038,100000677849,674391,207,11172940,0,2703916,40,11485540,9999960,175960,9799984,200016,0,0,50,154,677210,9998564,1436,10000000,10000000,0,0,675620,2000,2000,2000,100000675983,671777,223,12499960,0,2695346,7260,11447460,9992740,187940,9801254,198746,0,0,50,204,675410,9998174,1826,10000000,10000000,0,0,673380,2000,2000,2000,100000674340,668060,3,12207220,0,2689743,520,11416520,9999480,189380,9799457,200543,0,0,50,37,673810,9998217,1783,9999570,10000000,0,430,671990,2000,2000,2000
4500,9999999999923,1000077,1000077,8439800,20000,9999828889647,19422097,44547,3181,50,17799400,0,43042000,0,6024564,35592438,19081682,180918318,210321618,0,4560456,5439544,27484994,9999850049068,24378848,55410,4350,50,17770800,44958000,44958000,0,5604731,35532900,9860816,190139184,190139184,0,4395269,5604731,29928169,100000696486,692198,731,11516686,0,2780223,146,11803746,9999854,198650,9799067,200933,0,0,50,38,696350,9998325,1675,9999701,9999796,204,299,694637,2000,2000,2000,100000694533,688179,37,12805138,0,2770128,18,11758118,9999982,198282,9799042,200958,0,0,50,71,694040,9998084,1916,9999601,10000000,0,399,692053,2000,2000,2000,100000693046,684303,141,12494696,0,2761678,56,11715856,9999944,199007,9797762,202238,0,0,50,59,692490,9997318,2682,9999419,9999663,337,581,689749,2000,2000,2000
4600,10000000000394,999606,999606,8542700,20000,9999816390814,30016113,10034403,6193,50,18248800,0,44141900,0,6112312,36485214,19041141,180958859,210363659,0,4473248,5526752,28233462,9999848256465,25191437,28201,7577,50,18218500,45858100,45858100,0,5629305,36421846,9769748,190230252,190230252,0,4370695,5629305,30792541,100000615182,809882,100366,11820382,0,2856014,2,12122802,9999998,194998,9797816,202184,0,0,50,185,715270,9998558,1442,9999463,10000000,0,537,713643,2000,2000,2000,100000613894,805738,99541,13209418,0,2844773,4298,12073298,9995702,195414,9799497,200503,0,0,50,217,712800,9998147,1853,9999464,9999612,388,536,710730,2000,2000,2000,100000711232,707452,747,12714456,0,2839535,16,12057216,9999984,200084,9800105,199895,0,0,50,188,711370,9998269,1731,9999797,10000000,0,203,709451,2000,2000,2000
4700,10000000000888,999112,999112,8643500,20000,9999823747818,20758127,38145,5981,50,18697600,0,45140700,0,6134368,37383238,19017183,180982817,210397917,0,4452472,5547528,29051610,9999836509982,35965181,10011789,5483,50,18668900,46859300,46859300,0,5686721,37326834,9701997,190298003,190298003,0,4313279,5686721,31640113,100000635575,830389,99901,12161736,0,2931952,2996,12452296,9997004,197104,9800488,199512,0,0,50,71,734550,9998012,1988,9999997,10000000,0,3,732491,2000,2000,2000,100000639040,823032,94383,13448174,0,2924061,19814,12419214,9980186,180386,9801149,198851,0,0,50,44,732470,9998119,1881,9999997,10000000,0,3,730545,2000,2000,2000,100000730277,726493,741,12957112,0,2915228,32,12379332,9999968,184362,9799152,200848,0,0,50,221,730240,9998384,1616,9999793,9999794,206,207,728403,2000,2000,2000
4800,10000000001301,998699,998699,8753700,20000,9999820782891,21823872,47914,5597,50,19141900,0,46121300,0,5993924,38272606,18987669,181012331,210432531,0,4589076,5410924,30024282,9999834642890,36865633,10041019,4250,50,19114400,47878700,47878700,0,5697843,38220300,9628823,190371177,190371177,0,4302157,5697843,32522457,100000655394,847150,98601,12346978,0,3005321,58,12763158,9999942,196742,9800749,199251,0,0,50,194,753190,9997779,2221,9999999,10000000,0,1,750775,2000,2000,2000,100000652306,847698,100246,13771594,0,3000058,34,12741534,9999966,199966,9801052,198948,0,0,50,248,751800,9997950,2050,10000000,10000000,0,0,749502,2000,2000,2000,100000650934,844618,99394,13260066,0,2991166,26,12703726,9999974,182974,9802024,197976,0,0,50,81,749410,9997950,2050,9999999,10000000,0,1,747279,2000,2000,2000
4900,10000000001298,998702,998702,8853600,20000,9999808123461,32587599,9979899,4116,50,19594500,0,47121500,0,5975494,39180768,18956528,181043472,210447972,0,4610166,5389834,30894234,9999842782553,27765932,53450,4953,50,19561900,48878500,48878500,0,5700706,39113894,9562379,190437621,190437621,0,4299294,5700706,33413188,100000771666,766198,956,12550718,0,3083228,98,13084798,9999902,195102,9797342,202658,0,0,50,87,772340,9998072,1928,9999369,10000000,0,631,770325,2000,2000,2000,100000771150,764850,412,14113662,0,3078792,82,13066982,9999918,200018,9799138,200862,0,0,50,45,771180,9998084,1916,9999427,10000000,0,573,769219,2000,2000,2000,100000767487,763357,686,13545582,0,3064859,502,13013602,9999498,199506,9799171,200829,0,0,50,199,767520,9998525,1475,9999660,9999808,192,340,765846,2000,2000,2000
5000,10000000001121,998879,998879,8958500,20000,9999815455900,23362741,29899,6931,50,20043500,0,48181700,0,6001898,40073138,18928979,181071021,210509021,0,4584152,5415848,31702990,9999841160517,28435501,41479,5418,50,20008000,49818300,49818300,0,5805571,40005164,9501182,190498818,190498818,0,4194429,5805571,34199593,100000692623,886861,99685,12771030,0,3160774,30,13423030,9999970,200070,9799176,200824,0,0,50,208,791690,9998282,1718,9999826,10000000,0,174,789764,2000,2000,2000,100000690403,883281,100209,14357276,0,3154468,36,13387636,9999964,182908,9797972,202028,0,0,50,42,789970,9998252,1748,9999328,9999644,356,672,788180,2000,2000,2000,100000787007,780005,218,13970268,0,3139933,448,13327048,9999552,177960,9798587,201413,0,0,50,40,786590,9997911,2089,9999483,9999808,192,517,784461,2000,2000,2000
5100,10000000000880,999120,999120,9054200,20000,9999802718306,34210660,10028112,7159,50,20497600,100,49021600,0,5975097,40980882,18873548,181126452,210532252,0,4607733,5392267,32581715,9999839343163,29306516,25330,7590,50,20458200,50978400,50978400,0,5810017,40901220,9450899,190549101,190549101,0,4189983,5810017,35091203,100000711686,905374,99444,12995410,0,3234220,110,13736510,9999890,193890,9801430,198570,0,0,50,60,810190,9997900,2100,10000000,10000000,0,0,808030,2000,2000,2000,100000708056,895872,99834,14585744,0,3227722,84,13680784,9999916,200016,9793438,206562,0,0,50,86,808620,9997862,2138,9998356,10000000,0,1644,806396,2000,2000,2000,100000706121,898487,99656,14193762,0,3214899,82,13646682,9999918,199802,9799031,200969,0,0,50,174,805260,9998185,1815,9999475,9999784,216,525,803271,2000,2000,2000
5200,9999999999931,1000069,1000069,9148900,20000,9999810146720,24894891,39485,3523,50,20948900,0,50120800,0,6038424,41890754,18879565,181120435,210533135,0,4550226,5449774,33373080,9999827529993,40175725,9984339,5724,50,20912200,51879200,51879200,0,5810783,41812952,9418670,190581330,190581330,0,4189217,5810783,36002169,100000731186,924202,98415,13377518,0,3310183,298,14062298,9999702,194402,9800287,199713,0,0,50,149,828750,9998593,1407,10000000,10000000,0,0,827194,2000,2000,2000,100000827787,821756,192,14924618,0,3302906,2898,14023198,9997102,189235,9798764,201236,0,0,50,225,827240,9998282,1718,9999597,9999633,367,403,825297,2000,2000,2000,100000725062,918866,99129,14398002,0,3287593,22,13964922,9999978,200078,9800137,199863,0,0,50,68,823260,9998275,1725,9999999,10000000,0,1,821467,2000,2000,2000
5300,9999999999804,1000196,1000196,9246600,20000,9999797446590,35711667,10009553,6206,50,21399200,0,51100700,0,6006517,42785988,18810745,181189255,210589055,0,4578363,5421637,34244051,9999825681059,41086533,10006381,6671,50,21364200,52899300,52899300,0,5817453,42715058,9382650,190617350,190617350,0,4182547,5817453,36897605,100000745991,942143,101525,13685776,0,3380922,636,14353236,9999364,199262,9798318,201682,0,0,50,45,846780,9997994,2006,9999579,9999798,202,421,844729,2000,2000,2000,100000748611,940993,98663,15206688,0,3379190,7968,14353168,9992032,192632,9801030,198970,0,0,50,165,846440,9998030,1970,9999999,10000000,0,1,844305,2000,2000,2000,100000742080,935022,100607,14624380,0,3362285,80,14268780,9999920,199174,9797715,202285,0,0,50,53,842200,9997899,2101,9999294,9999754,246,706,840046,2000,2000,2000
5400,9999999999257,1000743,1000743,9348100,20000,9999804845991,26432887,43073,7367,50,21850000,0,52140200,0,6056146,43685266,18788044,181211956,210612656,0,4529374,5470626,35037540,9999823757923,42074221,10029085,5621,50,21811900,53859800,53859800,0,5783711,43612558,9344702,190655298,190655298,0,4216289,5783711,37828847,100000866271,857681,103,13950134,0,3456532,74,14667974,9999926,198262,9796978,203022,0,0,50,51,865750,9997912,2088,9999211,9999536,464,789,863611,2000,2000,2000,100000765263,960033,100326,15530992,0,3453973,1112,14666512,9998888,199188,9799007,200993,0,0,50,47,864930,9998147,1853,9999706,10000000,0,294,863030,2000,2000,2000,100000760197,953184,100592,14907584,0,3438768,24,14590624,9999976,200015,9796792,203208,0,0,50,191,860900,9998644,1356,9998919,9999839,161,1081,859353,2000,2000,2000
5500,9999999999119,1000881,1000881,9446600,20000,9999802257383,27143030,26736,6240,50,22297000,0,53120000,0,6083833,44581520,18799433,181200567,210612467,0,4503087,5496913,35848907,9999822102473,42797183,10034201,4033,50,22266400,54880000,54880000,0,5880876,44524734,9324390,190675610,190675610,0,4119124,5880876,38643858,100000784204,980608,100858,14231300,0,3532750,100,15002500,9999900,200032,9800050,199950,0,0,50,187,884420,9998606,1394,9999661,9999832,168,339,882839,2000,2000,2000,100000884004,880196,784,15852952,0,3530668,72,14994272,9999928,200328,9799112,200888,0,0,50,224,884220,9998228,1772,9999792,10000000,0,208,882224,2000,2000,2000,100000879627,875526,1309,15108428,0,3515403,3808,14924708,9996192,183227,9798517,201483,0,0,50,54,880140,9998353,1647,9999485,9999635,365,515,878439,2000,2000,2000
5600,9999999999171,1000829,1000829,9540200,20000,9999789403597,38116617,10027521,6009,50,22749900,0,54040000,0,5994353,45487782,18771096,181228904,210628104,0,4591257,5408743,36788439,9999819994128,43974293,10012931,5409,50,22719900,55960000,55960000,0,5733810,45428982,9297403,190702597,190702597,0,4266190,5733810,39695172,100000803646,998567,100605,14455858,0,3606608,38,15315538,9999962,200057,9800462,199538,0,0,50,99,903350,9997868,2132,9999795,9999795,205,205,901119,2000,2000,2000,100000802703,997581,100468,16177510,0,3605537,10,15309010,9999990,200090,9798213,201787,0,0,50,135,902750,9998359,1641,9999556,10000000,0,444,900974,2000,2000,2000,100000899550,894234,92,15313118,0,3587828,98,15238698,9999902,200302,9799942,200058,0,0,50,247,898890,9997752,2248,9999999,10000000,0,1,896395,2000,2000,2000
5700,9999999999409,1000591,1000591,9630900,20000,9999796904102,28743088,51700,3600,50,23203100,0,55059800,0,6093066,46399000,18775490,181224510,210625410,0,4493094,5506906,37545194,9999818176330,44863466,10034324,4355,50,23176000,56940200,56940200,0,5757074,46343290,9283086,190716914,190716914,0,4242926,5757074,40586216,100000922724,917748,225,14818334,0,3683087,174,15642074,9999826,200226,9799923,200077,0,0,50,188,922330,9998173,1827,9999807,10000000,0,193,920315,2000,2000,2000,100000821707,1018681,100424,16419822,0,3680373,42,15635342,9999958,198102,9801057,198943,0,0,50,230,921260,9998751,1249,9999945,9999844,156,55,919781,2000,2000,2000,100000817042,1012126,100631,15557280,0,3663205,1880,15553980,9998120,198520,9799395,200605,0,0,50,49,917150,9998267,1733,9999572,10000000,0,428,915368,2000,2000,2000
5800,9999999999398,1000602,1000602,9725000,20000,9999784116768,39658066,10016422,4200,50,23657600,0,55879900,0,6015108,47306800,18760334,181239666,210638566,0,4568822,5431178,38474222,9999826261846,35852546,22124,6180,50,23627400,58120100,58120100,0,5706009,47242440,9256832,190743168,190743168,0,4293991,5706009,41536431,100000841831,1035997,100231,15021590,0,3759584,490,15964190,9999510,200010,9799766,200234,0,0,50,70,941460,9998008,1992,9999672,10000000,0,328,939398,2000,2000,2000,100000840243,1036077,100443,16626114,0,3752676,54,15940254,9999946,200046,9802234,197766,0,0,50,293,939980,9997976,2024,9999999,10000000,0,1,937663,2000,2000,2000,100000936661,931960,186,15800564,0,3737286,4,15874804,9999996,200495,9799774,200226,0,0,50,183,936030,9997966,2034,9999999,9999999,1,1,933813,2000,2000,2000
5900,9999999999403,1000597,1000597,9817600,20000,9999791761328,30138863,36531,4044,50,24111000,0,56739700,0,6181690,48213912,18732603,181267397,210683197,0,4402910,5597090,39158122,9999814722006,46468262,10022252,4783,50,24081400,59260300,59260300,0,5853612,48153234,9243502,190756498,190756498,0,4146388,5853612,42299622,100000959839,955489,885,15266162,0,3833626,82,16279982,9999918,196318,9799204,200796,0,0,50,195,960160,9997922,2078,9999759,10000000,0,241,957887,2000,2000,2000,100000859211,1051385,100073,16750242,0,3829618,62,16255162,9999938,187438,9798412,201588,0,0,50,82,959060,9997902,2098,9999306,10000000,0,694,956880,2000,2000,2000,100000954697,946555,180,16125872,0,3813505,92,16183592,9999908,199984,9795975,204025,0,0,50,246,954880,9998323,1677,9999019,9999776,224,981,952957,2000,2000,2000
6000,9999999999350,1000650,1000650,9908700,20000,9999779144304,40880754,10022788,7502,50,24568400,0,57819600,0,6201175,49121796,18731054,181268946,210672846,0,4382685,5617315,39989881,9999812843356,47423472,10019158,7812,50,24532900,60180400,60180400,0,5822931,49050176,9217004,190782996,190782996,0,4177069,5822931,43227245,100000979996,976128,667,15625316,0,3913679,23576,16623076,9976424,176352,9801561,198439,0,0,50,43,979710,9998337,1663,9999824,9999828,172,176,978004,2000,2000,2000,100000978016,971112,70,17014020,0,3904258,2720,16576020,9997280,196760,9798642,201358,0,0,50,201,977620,9998194,1806,9999447,9999780,220,553,975613,2000,2000,2000,100000973972,969544,384,16407820,0,3887140,20,16511420,9999980,196280,9800860,199140,0,0,50,53,973410,9997904,2096,9999999,10000000,0,1,971261,2000,2000,2000
6100,9999999999494,1000506,1000506,10000600,20000,9999776270853,41879336,10040480,4923,50,25024100,0,58819600,0,6112599,50038354,18740643,181259357,210661557,0,4474751,5525249,40938605,9999811029050,48317532,10029100,6959,50,24985300,61180400,61180400,0,5834125,49956682,9203264,190796736,190796736,0,4165875,5834125,44122557,100000998387,994004,804,15890564,0,3986860,18904,16932204,9981096,180585,9799100,200900,0,0,50,39,998230,9998032,1968,9999789,9999789,211,211,996223,2000,2000,2000,100000995859,990195,737,17337426,0,3980332,86,16897286,9999914,199828,9796958,203042,0,0,50,98,996270,9998548,1452,9999238,9999814,186,762,994720,2000,2000,2000,100000993364,987943,117,16649648,0,3965594,28,16841628,9999972,197637,9799926,200074,0,0,50,155,992650,9998538,1462,9999651,9999665,335,349,991033,2000,2000,2000
6200,9999999999305,1000695,1000695,10089600,20000,9999783320432,32954639,37587,4683,50,25481200,0,59559800,0,5974771,50953034,18747805,181252195,210662495,0,4612209,5387791,41935043,9999809016836,49409652,9978326,7887,50,25439200,62440200,62440200,0,5715650,50862626,9189114,190810886,190810886,0,4284350,5715650,45146976,100000917261,1113187,100328,16054422,0,4060771,42,17250342,9999958,200058,9799759,200241,0,0,50,170,1016760,9998137,1863,9999999,10000000,0,1,1014727,2000,2000,2000,100001015493,1011119,486,17479998,0,4055037,78,17223278,9999922,189522,9799333,200667,0,0,50,57,1015200,9998155,1845,9999836,10000000,0,164,1013298,2000,2000,2000,100001010589,1004231,897,16916000,0,4039666,0,17146200,10000000,199836,9797534,202466,0,0,50,52,1011260,9998278,1722,9999114,9999836,164,886,1009486,2000,2000,2000
6300,9999999999568,1000432,1000432,10183500,20000,9999770764060,43639460,9994404,6693,50,25933000,0,60640000,0,6004459,51852614,18720834,181279166,210689466,0,4582021,5417979,42748835,9999817196337,40312556,20014,7680,50,25893500,63360000,63360000,0,5739549,51771640,9180533,190819467,190819467,0,4260451,5739549,46032091,100001034982,1031509,1070,16398882,0,4135591,2,17564502,9999998,188895,9799039,200961,0,0,50,145,1035200,9998457,1543,9999694,9999697,303,306,1033512,2000,2000,2000,100001033669,1027619,90,17745358,0,4129541,3838,17534038,9996162,196562,9798529,201471,0,0,50,206,1033600,9998655,1345,9999365,10000000,0,635,1032049,2000,2000,2000,100000931005,1123239,99969,17218950,0,4114980,50,17470050,9999950,200050,9797870,202130,0,0,50,32,1030520,9997676,2324,9999486,10000000,0,514,1028164,2000,2000,2000
6400,9999999999968,1000032,1000032,10271100,20000,9999768027074,44505204,9975322,7135,50,26387700,0,61680200,0,5959394,52761130,18734608,181265392,210665592,0,4627576,5372424,43645506,9999805647327,50943203,10032099,8141,50,26351200,64319800,64319800,0,5887507,52686118,9176648,190823352,190823352,0,4112493,5887507,46798611,100001055484,1050924,84,16720476,0,4212200,3536,17894336,9996464,195656,9800740,199260,0,0,50,46,1054410,9998248,1752,9999996,9999792,208,4,1052612,2000,2000,2000,100001052858,1046826,12,18009616,0,4203326,276,17850476,9999724,199824,9798714,201286,0,0,50,237,1052450,9998158,1842,9999657,10000000,0,343,1050371,2000,2000,2000,100001049741,1045055,147,17499814,0,4192402,6654,17806854,9993346,193646,9799908,200092,0,0,50,200,1049370,9998574,1426,9999718,10000000,0,282,1047744,2000,2000,2000
6500,10000000000330,999670,999670,10358700,20000,9999765300827,45358655,10000149,7211,50,26847900,0,62679700,0,5949376,53681378,18729760,181270240,210688140,0,4636364,5363636,44519942,9999813731640,41941217,32615,7102,50,26803400,65320300,65320300,0,5841997,53592596,9165453,190834547,190834547,0,4158003,5841997,47750599,100001073298,1067202,333,17045718,0,4287601,298,18205198,9999702,200202,9797669,202331,0,0,50,87,1073290,9998263,1737,9999428,10000000,0,572,1071466,2000,2000,2000,100000971851,1166309,99871,18333258,0,4276632,38,18166438,9999962,200062,9800038,199962,0,0,50,31,1070770,9997892,2108,9999983,10000000,0,17,1068631,2000,2000,2000,100000968376,1162876,100242,17684968,0,4266086,48,18117648,9999952,181452,9800434,199566,0,0,50,73,1068000,9998126,1874,9999691,10000000,0,309,1066053,2000,2000,2000
6600,10000000000739,999261,999261,10449800,20000,9999772771880,36016611,35883,7661,50,27303500,0,63818500,0,6036795,54591678,18735769,181264231,210679231,0,4550125,5449875,45286203,9999812016242,42740192,18874,4332,50,27256700,66181500,66181500,0,5891709,54504736,9161170,190838830,190838830,0,4108291,5891709,48613027,100001092263,1088597,493,17387726,0,4362686,86,18532686,9999914,194014,9799904,200096,0,0,50,90,1091960,9998402,1598,9999886,10000000,0,114,1090272,2000,2000,2000,100001090602,1083962,61,18614950,0,4355349,3350,18493450,9996650,188850,9798401,201599,0,0,50,53,1090250,9998187,1813,9999466,10000000,0,534,1088384,2000,2000,2000,100000987146,1180950,99906,18028918,0,4340426,98,18432998,9999902,198602,9799144,200856,0,0,50,45,1086470,9998242,1758,9999627,10000000,0,373,1084667,2000,2000,2000
6700,10000000000255,999745,999745,10533400,20000,9999769931779,36985568,34886,5970,50,27759900,0,64817700,0,5952939,55507860,18744307,181255693,210669193,0,4632111,5367889,46229271,9999810107375,43733752,31238,4683,50,27716700,67182300,67182300,0,5860760,55424034,9165161,190834839,190834839,0,4139240,5860760,49563274,100001111664,1106918,150,17591842,0,4436662,62,18847662,9999938,192624,9800368,199632,0,0,50,179,1110780,9998086,1914,9999999,9999786,214,1,1108687,2000,2000,2000,100001109146,1105053,865,18937636,0,4430252,3896,18817096,9996104,196017,9799988,200012,0,0,50,45,1109060,9998064,1936,9999809,9999813,187,191,1107079,2000,2000,2000,100001105921,1099475,78,18331204,0,4417763,44,18758344,9999956,193456,9799297,200703,0,0,50,194,1105810,9998433,1567,9999383,10000000,0,617,1104049,2000,2000,2000
6800,10000000000364,999636,999636,10619200,20000,9999757217127,47831083,9996689,7156,50,28216300,0,65737700,0,5910027,56418288,18737198,181262802,210670002,0,4676953,5323047,47126341,9999798412867,54512377,9981243,4770,50,28174500,68262300,68262300,0,5904163,56339460,9164704,190835296,190835296,0,4095837,5904163,50435297,100001028423,1224225,101573,17858052,0,4509928,72,19150772,9999928,199868,9798352,201648,0,0,50,53,1129050,9997980,2020,9999539,9999540,460,461,1126977,2000,2000,2000,100001028962,1223694,99506,19201392,0,4504992,12,19139212,9999988,194788,9799688,200312,0,0,50,68,1127540,9998368,1632,9999996,10000000,0,4,1125840,2000,2000,2000,100001025627,1217677,100185,18553376,0,4495548,3536,19084336,9996464,193712,9797392,202608,0,0,50,54,1125330,9998148,1852,9999184,9999648,352,816,1123424,2000,2000,2000
6900,10000000000001,999999,999999,10705100,20000,9999764884852,38289600,20588,6042,50,28675300,0,66837000,0,6096592,57338516,18742668,181257332,210662032,0,4488248,5511752,47803764,9999796239864,55769906,9991058,7524,50,28629600,69163000,69163000,0,5732652,57244152,9153922,190846078,190846078,0,4267348,5732652,51511500,100001049346,1243237,99601,18180324,0,4584824,6664,19476764,9993336,193437,9800136,199864,0,0,50,72,1147820,9997944,2056,10000000,9999801,199,0,1145692,2000,2000,2000,100001046925,1240539,99966,19487406,0,4577917,166,19442866,9999834,194734,9799573,200427,0,0,50,226,1146350,9997807,2193,9999767,10000000,0,233,1143931,2000,2000,2000,100001043981,1240763,100787,18874578,0,4570894,58,19416958,9999942,200042,9801476,198524,0,0,50,71,1143990,9998406,1594,9999849,10000000,0,151,1142325,2000,2000,2000
7000,9999999999983,1000017,1000017,10792100,20000,9999752268887,49031910,10016608,4564,50,29131300,0,68036900,0,6122805,58253472,18762669,181237331,210646231,0,4463015,5536985,48634387,9999804498813,46596580,31240,5914,50,29086600,69963100,69963100,0,5798016,58161372,9156765,190843235,190843235,0,4201984,5798016,52363356,100001067230,1260577,100275,18624302,0,4661528,22,19794222,9999978,190483,9798002,201998,0,0,50,80,1166920,9998056,1944,9999470,9999805,195,530,1164896,2000,2000,2000,100001165630,1158286,130,19809354,0,4656754,294,19770694,9999706,200006,9797256,202744,0,0,50,28,1165550,9998222,1778,9999238,10000000,0,762,1163744,2000,2000,2000,100001164177,1158420,149,19136874,0,4648939,714,19744514,9999286,199185,9799371,200629,0,0,50,313,1163810,9998317,1683,9999628,9999799,201,372,1161814,2000,2000,2000
7100,9999999999428,1000572,1000572,10877600,20000,9999749563010,49861212,9992268,5984,50,29585500,0,69016900,0,6091844,59159032,18779454,181220546,210624046,0,4494456,5505544,49513988,9999792612787,57566823,10017403,6620,50,29546900,70983100,70983100,0,5765570,59080560,9160170,190839830,190839830,0,4234430,5765570,53314990,100001184731,1181253,1504,18886552,0,4738331,72,20121472,9999928,199728,9798149,201851,0,0,50,63,1185860,9998381,1619,9999438,10000000,0,562,1184178,2000,2000,2000,100001184231,1179845,669,19952094,0,4731334,34,20095734,9999966,199870,9798976,201024,0,0,50,255,1184290,9998398,1602,9999669,9999804,196,331,1182433,2000,2000,2000,100001083093,1278477,100508,19537698,0,4727701,178,20079278,9999822,196144,9800269,199731,0,0,50,233,1183050,9998811,1189,9999506,9999722,278,494,1181628,2000,2000,2000
7200,9999999999543,1000457,1000457,10960200,20000,9999746630445,50919611,10002151,6263,50,30043700,0,70117300,0,5969617,60074874,18759230,181240770,210640470,0,4616593,5383407,50496167,9999800971085,48293549,17109,8541,50,30006100,71882700,71882700,0,5859339,59995118,9159752,190840248,190840248,0,4140661,5859339,54135779,100001205442,1201410,235,19208704,0,4813485,44,20449844,9999956,200056,9799775,200225,0,0,50,30,1204710,9998255,1745,9999997,10000000,0,3,1202935,2000,2000,2000,100001102839,1299041,100674,20376704,0,4804793,44,20410744,9999956,200056,9799867,200133,0,0,50,31,1202640,9998119,1881,9999904,10000000,0,96,1200728,2000,2000,2000,100001101236,1292529,100416,19725820,0,4800187,20,20373820,9999980,200079,9796713,203287,0,0,50,50,1201740,9997809,2191,9998961,9999999,1,1039,1199499,2000,2000,2000
7300,9999999999633,1000367,1000367,11044700,20000,9999743897060,51779812,10010008,3423,50,30497100,0,70997500,0,5942855,60987354,18766926,181233074,210642274,0,4642325,5357675,51378579,9999799146929,49201888,28922,4301,50,30468200,73002500,73002500,0,5877416,60927798,9176615,190823385,190823385,0,4122584,5877416,55050382,100001223363,1216004,854,19494354,0,4889260,94,20754994,9999906,196947,9798250,201750,0,0,50,108,1223980,9997924,2076,9999086,9999741,259,914,1221796,2000,2000,2000,100001121915,1317421,100263,20641582,0,4878872,2,20726502,9999998,200298,9799958,200042,0,0,50,43,1221240,9998028,1972,9999981,10000000,0,19,1219225,2000,2000,2000,100001121276,1317016,100229,19884588,0,4877733,68,20721368,9999932,193132,9799787,200213,0,0,50,66,1220700,9998399,1601,9999871,10000000,0,129,1219033,2000,2000,2000
7400,10000000000206,999794,999794,11126000,20000,9999751275106,42527751,32007,6589,50,30956300,0,71938300,0,5979789,61899422,18752479,181247521,210677121,0,4603361,5396639,52197583,9999797378884,50053018,28678,5276,50,30927700,74061700,74061700,0,5910254,61844848,9176750,190823250,190823250,0,4089746,5910254,55934594,100001143901,1337391,99776,19815250,0,4965635,50,21091050,9999950,177750,9801215,198785,0,0,50,221,1243150,9997973,2027,9999748,10000000,0,252,1240902,2000,2000,2000,100001239487,1232697,56,20928852,0,4951439,72,21025872,9999928,200028,9798541,201459,0,0,50,205,1239360,9998273,1727,9999388,10000000,0,612,1237428,2000,2000,2000,100001140549,1334493,100127,20050020,0,4951934,20,21033420,9999980,192050,9799666,200334,0,0,50,67,1239540,9998014,1986,9999773,9999570,430,227,1237487,2000,2000,2000
7500,10000000000115,999885,999885,11208500,20000,9999738785267,53145571,10004931,5939,50,31416300,0,73017900,0,6062591,62820722,18748460,181251540,210651940,0,4523059,5476941,52980681,9999795643968,50872618,39084,5004,50,31385200,74982100,74982100,0,5963429,62760392,9176978,190823022,190823022,0,4036571,5963429,56796963,100001161108,1356732,101028,20140050,0,5039546,4650,21403850,9995350,195258,9799204,200796,0,0,50,33,1261340,9998106,1894,9999637,9999808,192,363,1259413,2000,2000,2000,100001159276,1352669,99374,21211602,0,5025535,4822,21348022,9995178,195089,9800495,199505,0,0,50,255,1257910,9998305,1695,9999806,9999811,189,194,1255960,2000,2000,2000,100001258832,1253528,84,20353344,0,5027316,84,21354584,9999916,199316,9799644,200356,0,0,50,48,1258200,9998236,1764,9999764,10000000,0,236,1256388,2000,2000,2000
7600,10000000000564,999436,999436,11289500,20000,9999745967953,44087744,18484,6346,50,31876600,0,73918100,0,6001734,63740508,18764305,181235695,210642995,0,4584076,5415924,53904884,9999793685958,51912220,27976,7256,50,31843900,76081900,76081900,0,5894522,63673288,9171466,190828534,190828534,0,4105478,5894522,57778766,100001182735,1374537,98411,20322892,0,5114554,112,21728312,9999888,192188,9800426,199574,0,0,50,64,1280210,9997990,2010,10000000,10000000,0,0,1278136,2000,2000,2000,100001177328,1372063,99829,21455128,0,5100386,108,21666908,9999892,200033,9801134,198866,0,0,50,228,1276430,9998526,1474,9999796,9999841,159,204,1274728,2000,2000,2000,100001277848,1272928,137,20657424,0,5101669,64,21673164,9999936,200036,9799891,200109,0,0,50,263,1277250,9997907,2093,9999998,10000000,0,2,1274894,2000,2000,2000
7700,10000000000837,999163,999163,11373200,20000,9999743149301,45031809,18173,7168,50,32332700,0,75018000,0,5928654,64651064,18748874,181251126,210670526,0,4657486,5342514,54832350,9999791626170,53053069,27247,4161,50,32304100,76982000,76982000,0,5787028,64599878,9179117,190820883,190820883,0,4212972,5787028,58812850,100001198555,1393417,100699,20587494,0,5189792,34,22040534,9999966,192666,9798818,201182,0,0,50,58,1298820,9998248,1752,9999492,10000000,0,508,1297010,2000,2000,2000,100001195578,1390300,100803,21818850,0,5176753,50,21985250,9999950,200016,9798297,201703,0,0,50,29,1295640,9998103,1897,9999536,9999766,234,464,1293714,2000,2000,2000,100001195901,1391750,100532,20961612,0,5176762,132,21991132,9999868,187289,9800118,199882,0,0,50,166,1295600,9998342,1658,9999820,9999821,179,180,1293776,2000,2000,2000
7800,10000000000523,999477,999477,11449900,20000,9999740406177,45900238,32442,4531,50,32793800,0,75858300,0,5909521,65578538,18739653,181260347,210666647,0,4675029,5324971,55723167,9999779628522,64132789,9999083,8781,50,32766300,78141700,78141700,0,5690666,65515038,9176349,190823651,190823651,0,4309334,5690666,59824372,100001219833,1412030,98716,20851402,0,5263016,8822,22359522,9991178,183831,9801414,198586,0,0,50,44,1317250,9998064,1936,9999996,9999653,347,4,1315270,2000,2000,2000,100001314219,1309133,120,22043472,0,5249867,92,22300192,9999908,200308,9798713,201287,0,0,50,231,1313870,9998437,1563,9999700,10000000,0,300,1312076,2000,2000,2000,100001218547,1407809,97101,21144230,0,5252742,11830,22315730,9988170,188470,9802508,197492,0,0,50,76,1314730,9998042,1958,9999994,10000000,0,6,1312696,2000,2000,2000
7900,10000000000431,999569,999569,11532100,20000,9999737965332,46471143,23573,6274,50,33254100,0,76958200,0,6022411,66495652,18738827,181261173,210691373,0,4563959,5436041,56471611,9999777884440,64959664,10008586,4117,50,33223800,79041800,79041800,0,5744144,66439366,9183470,190816530,190816530,0,4255856,5744144,60695222,100001335170,1327770,76,21239420,0,5335606,20,22655220,9999980,200180,9798194,201806,0,0,50,219,1335310,9998414,1586,9999155,10000000,0,845,1333505,2000,2000,2000,100001333580,1328625,73,22225866,0,5325838,26,22624926,9999974,181893,9799252,200748,0,0,50,195,1332850,9998406,1594,9999817,9999819,181,183,1331061,2000,2000,2000,100001233730,1427886,100159,21509330,0,5327223,230,22626830,9999770,187270,9798527,201473,0,0,50,240,1333470,9998101,1899,9999659,10000000,0,341,1331331,2000,2000,2000
8000,10000000000161,999839,999839,11612300,20000,9999735383635,47179683,29813,7697,50,33715100,0,77878600,0,6074058,67414806,18734224,181265776,210664976,0,4511432,5488568,57282338,9999776007607,65919261,10027779,4179,50,33682600,80121400,80121400,0,5732680,67356842,9183710,190816290,190816290,0,4267320,5732680,61624162,100001355623,1350525,58,21559678,0,5412403,14258,22993758,9985742,186042,9800867,199133,0,0,50,69,1354750,9997893,2107,10000000,10000000,0,0,1352574,2000,2000,2000,100001351820,1345514,115,22432974,0,5397311,14,22925214,9999986,199736,9798599,201401,0,0,50,275,1351210,9997857,2143,9999750,9999750,250,250,1348792,2000,2000,2000,100001353029,1346931,21,21732120,0,5403890,1320,22952720,9998680,199180,9799410,200590,0,0,50,60,1352450,9998110,1890,9999660,10000000,0,340,1350500,2000,2000,2000
8100,10000000000007,999993,999993,11688900,20000,9999732603423,48086125,37439,7267,50,34175700,0,78878700,0,6029270,68336866,18756014,181243986,210697986,0,4554510,5445490,58192776,9999784332934,56677014,14966,6920,50,34145400,81121300,81121300,0,5807456,68276960,9186908,190813092,190813092,0,4192544,5807456,62469504,100001373844,1368948,81,21883576,0,5487673,36,23312236,9999964,156464,9800067,199933,0,0,50,169,1373300,9998383,1617,9999794,10000000,0,206,1371514,2000,2000,2000,100001272021,1464503,98948,22735308,0,5473265,88,23251988,9999912,189112,9801055,198945,0,0,50,50,1370020,9997795,2205,9999999,10000000,0,1,1367765,2000,2000,2000,100001271714,1464070,99905,21936914,0,5478645,54,23265554,9999946,200246,9798865,201135,0,0,50,296,1371500,9997943,2057,9999415,10000000,0,585,1369147,2000,2000,2000
8200,9999999999757,1000243,1000243,11769500,20000,9999719907376,58908094,10001596,6762,50,34636500,0,79899000,0,6005749,69259476,18750446,181249554,210655254,0,4579311,5420689,59082987,9999782694550,57396515,26725,5464,50,34604000,82101000,82101000,0,5913641,69197072,9188137,190811863,190811863,0,4086359,5913641,63283431,100001292242,1484574,99746,22051124,0,5559632,164,23611164,9999836,200036,9798428,201572,0,0,50,30,1391510,9997904,2096,9999508,10000000,0,492,1389384,2000,2000,2000,100001389423,1384217,60,23138880,0,5548543,2780,23571180,9997220,197620,9799857,200143,0,0,50,207,1388800,9998057,1943,9999890,10000000,0,110,1386650,2000,2000,2000,100001391143,1385253,31,22218262,0,5555508,2382,23598482,9997618,191106,9800122,199878,0,0,50,191,1390430,9998184,1816,9999723,9999788,212,277,1388423,2000,2000,2000
8300,9999999999499,1000501,1000501,11845800,20000,9999727283100,49656716,16556,6777,50,35097200,0,80918800,0,6042493,70180846,18795562,181204438,210636038,0,4545657,5454343,59910503,9999770671590,68502048,10011496,5497,50,35067000,83081200,83081200,0,5816227,70123006,9196644,190803356,190803356,0,4183773,5816227,64306779,100001411158,1406838,492,22311246,0,5637744,106,23949906,9999894,188394,9800346,199654,0,0,50,80,1410890,9998168,1832,9999840,10000000,0,160,1408978,2000,2000,2000,100001312343,1501333,96428,23399168,0,5626815,48,23907848,9999952,179752,9799905,200095,0,0,50,216,1407990,9998573,1427,9999997,10000000,0,3,1406347,2000,2000,2000,100001409590,1405210,344,22542194,0,5629644,34,23917334,9999966,200066,9799866,200134,0,0,50,35,1408970,9997968,2032,9999999,10000000,0,1,1406903,2000,2000,2000
8400,9999999999729,1000271,1000271,11923600,20000,9999714250849,60812170,9987476,3477,50,35558800,0,82119200,0,5860536,71110646,18748965,181251035,210650835,0,4725624,5274376,60967670,9999779138437,59117880,14428,7695,50,35527600,83880800,83880800,0,5968179,71039810,9196127,190803873,190803873,0,4031821,5968179,65071631,100001429222,1422202,194,22717858,0,5711062,38,24252438,9999962,199662,9797508,202492,0,0,50,233,1429350,9998198,1802,9999299,10000000,0,701,1427315,2000,2000,2000,100001427007,1422417,69,23645564,0,5698712,4,24211604,9999996,200196,9800548,199452,0,0,50,224,1426300,9998136,1864,10000000,10000000,0,0,1424212,2000,2000,2000,100001327097,1520504,100340,22930712,0,5700816,32,24211332,9999968,200067,9797864,202136,0,0,50,56,1426790,9997960,2040,9999502,9999799,201,498,1424694,2000,2000,2000
8500,10000000000224,999776,999776,12001300,20000,9999711627201,61563095,9998877,4622,50,36019600,0,83079900,0,5894879,72029956,18754752,181245248,210646848,0,4691831,5308169,61797087,9999777145399,60191247,24913,4704,50,35989100,84920100,84920100,0,5901229,71968792,9205438,190794562,190794562,0,4098771,5901229,66067563,100001448405,1443034,21,22981574,0,5784197,2514,24572514,9997486,195175,9799513,200487,0,0,50,251,1447630,9998227,1773,9999836,9999789,211,164,1445606,2000,2000,2000,100001345266,1540773,100171,23891146,0,5771988,2206,24522806,9997794,197727,9801402,198598,0,0,50,159,1444470,9998248,1752,9999959,9999833,167,41,1442559,2000,2000,2000,100001446560,1441972,286,23212002,0,5777144,122,24544022,9999878,200278,9799686,200314,0,0,50,44,1445890,9997920,2080,10000000,10000000,0,0,1443766,2000,2000,2000
8600,9999999999742,1000258,1000258,12079600,20000,9999708794529,62524402,10026648,2971,50,36480000,0,84060200,0,5833942,72954058,18752089,181247911,210672911,0,4752648,5247352,62725906,9999765174538,71240555,10019259,5936,50,36450400,85939800,85939800,0,5833816,72888928,9204021,190795979,190795979,0,4166184,5833816,67055112,100001465145,1454844,650,23249656,0,5859546,16,24866716,9999984,199891,9793894,206106,0,0,50,73,1466350,9998146,1854,9998325,9999807,193,1675,1464423,2000,2000,2000,100001364026,1560162,100227,24253156,0,5849305,16,24851416,9999984,174584,9799335,200665,0,0,50,30,1463410,9998595,1405,9999873,10000000,0,127,1461975,2000,2000,2000,100001364058,1560322,100873,23396310,0,5852701,310,24861310,9999690,199990,9799549,200451,0,0,50,149,1464450,9998499,1501,9999630,10000000,0,370,1462800,2000,2000,2000
8700,9999999999832,1000168,1000168,12154200,20000,9999715990433,53456697,40201,4119,50,36942600,20000,85100600,0,5780863,73876962,18748992,181251008,210674608,0,4805367,5194633,63646729,9999763229155,72265427,10001597,5086,50,36913200,86899400,86899400,0,5776199,73816228,9210810,190789190,190789190,0,4223801,5776199,68040029,100001388445,1577943,97118,23529688,0,5932695,11768,25205968,9988232,178132,9801725,198275,0,0,50,82,1484650,9998141,1859,9999995,10000000,0,5,1482709,2000,2000,2000,100001381219,1577697,100838,24581198,0,5919311,78,25146978,9999922,200038,9799259,200741,0,0,50,233,1481290,9998361,1639,9999816,9999816,184,184,1479418,2000,2000,2000,100001484044,1479756,353,23639682,0,5927627,102,25183902,9999898,186098,9800503,199497,0,0,50,30,1483430,9998009,1991,9999997,10000000,0,3,1481409,2000,2000,2000
8800,9999999999792,1000208,1000208,12230600,20000,9999713343852,54231015,15545,3424,50,37404100,0,85941500,0,5788331,74801352,18746119,181253881,210667481,0,4798559,5201441,64508411,9999771654524,62920041,23865,5000,50,37375300,88058500,88058500,0,5922212,74740600,9215165,190784835,190784835,0,4077788,5922212,68818388,100001503618,1499750,124,23653816,0,6007514,76,25524276,9999924,189124,9799926,200074,0,0,50,266,1503130,9998686,1314,9999878,10000000,0,122,1501550,2000,2000,2000,100001399402,1593444,100758,24927438,0,5993584,18,25453318,9999982,200096,9798686,201314,0,0,50,44,1499730,9998280,1720,9999288,9999814,186,712,1497966,2000,2000,2000,100001402375,1597133,100160,23865526,0,6000817,86,25492486,9999914,196814,9799173,200827,0,0,50,63,1501750,9998023,1977,9999848,10000000,0,152,1499710,2000,2000,2000
8900,10000000000189,999811,999811,12306100,20000,9999700905903,64798764,10009734,7349,50,37864500,0,86881100,0,5902936,75714302,18722969,181277031,210679531,0,4683264,5316736,65251666,9999759981585,73671631,10018237,6932,50,37839400,89118900,89118900,0,6005771,75664936,9218152,190781848,190781848,0,3994229,6005771,69659165,100001522623,1518015,65,23978852,0,6080630,72,25835172,9999928,200010,9801950,198050,0,0,50,197,1521670,9998246,1754,9999997,9999782,218,3,1519719,2000,2000,2000,100001518021,1511355,67,25152910,0,6065862,110,25762310,9999890,196790,9797788,202212,0,0,50,211,1517920,9998342,1658,9999379,10000000,0,621,1516051,2000,2000,2000,100001421027,1615765,99928,24089576,0,6074703,1136,25807836,9998864,199164,9799437,200563,0,0,50,49,1520110,9998153,1847,9999894,10000000,0,106,1518214,2000,2000,2000
9000,10000000000794,999206,999206,12379100,20000,9999698471441,65363378,9986950,3702,50,38327500,0,87920900,0,6019334,76647596,18739115,181260885,210660085,0,4566216,5433784,66012012,9999757959291,74771850,10002038,4576,50,38303400,90079100,90079100,0,5913918,76597648,9228789,190771211,190771211,0,4086082,5913918,70683730,100001443048,1636372,98534,24280556,0,6157902,6516,26165516,9993484,193460,9801438,198562,0,0,50,192,1540650,9998690,1310,10000000,9999876,124,0,1539148,2000,2000,2000,100001536594,1531145,727,25356480,0,6140282,480,26080380,9999520,199681,9799218,200782,0,0,50,213,1536740,9998058,1942,9999555,9999761,239,445,1534585,2000,2000,2000,100001438890,1633161,100648,24454968,0,6149207,48,26117848,9999952,200037,9798313,201687,0,0,50,74,1538860,9998021,1979,9999537,9999785,215,463,1536807,2000,2000,2000
9100,10000000000451,999549,999549,12452700,20000,9999696012466,65949104,10022622,5035,50,38791500,0,88940300,0,6149884,77572930,18767200,181232800,210631800,0,4435376,5564624,66749706,9999756082819,75724699,10011915,5668,50,38765800,91059700,91059700,0,5903740,77520264,9227782,190772218,190772218,0,4096260,5903740,71616524,100001560208,1555896,109,24585126,0,6232003,86,26478486,9999914,200014,9799987,200013,0,0,50,230,1559550,9998241,1759,9999997,10000000,0,3,1557561,2000,2000,2000,100001555989,1549575,281,25659204,0,6216866,44,26404944,9999956,200656,9799194,200806,0,0,50,35,1555780,9997962,2038,9999525,10000000,0,475,1553707,2000,2000,2000,100001458644,1653388,99954,24696026,0,6225856,186,26449586,9999814,200014,9800734,199266,0,0,50,241,1558010,9998260,1740,9999829,10000000,0,171,1556029,2000,2000,2000
9200,10000000000045,999955,999955,12525100,20000,9999703336784,56750538,40238,4758,50,39255300,0,89939700,0,6164952,78501084,18801506,181198494,210640894,0,4421208,5578792,67605692,9999754461259,76424615,10006601,6936,50,39229600,92060300,92060300,0,6013657,78445328,9231202,190768798,190768798,0,3986343,6013657,72431671,100001579460,1574131,335,24887854,0,6309114,194,26801894,9999806,188219,9799896,200104,0,0,50,52,1578850,9997974,2026,9999810,9999813,187,190,1576772,2000,2000,2000,100001475010,1671028,100586,25899738,0,6294328,118,26740218,9999882,168492,9799042,200958,0,0,50,134,1574730,9998648,1352,9999710,9999710,290,290,1573244,2000,2000,2000,100001577511,1573057,299,24979148,0,6301162,28,26771328,9999972,200072,9801458,198542,0,0,50,50,1576860,9997974,2026,10000000,10000000,0,0,1574784,2000,2000,2000
9300,9999999999407,1000593,1000593,12600200,20000,9999690797853,67413690,9992352,7517,50,39718800,0,90940400,0,6213704,79422566,18782709,181217291,210639291,0,4367586,5632414,68421952,9999752460738,77501030,9994932,8053,50,39691000,93059600,93059600,0,5929898,79365894,9227662,190772338,190772338,0,4070102,5929898,73435996,100001597607,1590641,59,25194206,0,6381908,66,27106466,9999934,200234,9799782,200218,0,0,50,207,1597310,9997832,2168,9999563,10000000,0,437,1594935,2000,2000,2000,100001494633,1688679,99593,26124452,0,6368494,172,27055772,9999828,177428,9800886,199114,0,0,50,214,1593620,9998290,1710,9999820,10000000,0,180,1591696,2000,2000,2000,100001500855,1688573,95924,25281040,0,6378451,15140,27101740,9984860,184960,9803449,196551,0,0,50,198,1595980,9998441,1559,9999997,10000000,0,3,1594223,2000,2000,2000
9400,9999999999776,1000224,1000224,12672900,20000,9999687870906,68463733,9994913,3210,50,40180600,0,91900700,0,6099440,80354780,18804719,181195281,210595081,0,4485520,5514480,69411800,9999750795190,78244852,9983478,5300,50,40156500,94099300,94099300,0,6020513,80302400,9242442,190757558,190757558,0,3979487,6020513,74281887,100001616339,1608466,65,25417472,0,6458979,92,27429092,9999908,199575,9796501,203499,0,0,50,49,1615990,9998405,1595,9999130,9999667,333,870,1614346,2000,2000,2000,100001512784,1707932,100737,26387962,0,6444535,6782,27375882,9993218,193318,9799795,200205,0,0,50,35,1612800,9997825,2175,9999756,10000000,0,244,1610590,2000,2000,2000,100001615417,1611147,294,25585454,0,6453057,94,27417294,9999906,200006,9801653,198347,0,0,50,39,1614750,9998071,1929,10000000,10000000,0,0,1612782,2000,2000,2000
9500,9999999999172,1000828,1000828,12747600,20000,9999695696575,58757984,35190,3502,50,40643400,0,93020200,0,6377181,81279796,18839955,181160045,210575745,0,4210399,5789601,70001295,9999758755399,69360938,22266,5795,50,40619000,94979800,94979800,0,5943869,81226410,9242747,190757253,190757253,0,4056131,5943869,75282541,100001535356,1730568,100549,25778972,0,6533861,192,27757192,9999808,183800,9799119,200881,0,0,50,324,1635230,9998079,1921,9999791,9999792,208,209,1632985,2000,2000,2000,100001536028,1725876,97003,26727238,0,6523397,11618,27717718,9988382,188382,9801173,198827,0,0,50,238,1632270,9998423,1577,9999999,10000000,0,1,1630455,2000,2000,2000,100001634552,1629781,63,25828552,0,6529862,72,27742572,9999928,199863,9799418,200582,0,0,50,204,1633820,9998466,1534,9999834,9999835,165,166,1632082,2000,2000,2000
9600,9999999999192,1000808,1000808,12819800,20000,9999683263800,69306819,10012263,4799,50,41108400,0,94100200,0,6496803,82207202,18862221,181137779,210537279,0,4088877,5911123,70750879,9999746808561,80383986,9967246,6696,50,41081800,95899800,95899800,0,5866734,82150208,9242755,190757245,190757245,0,4133266,5866734,76283474,100001655129,1648615,247,26120650,0,6612382,50,28086550,9999950,199810,9798168,201832,0,0,50,55,1654640,9998014,1986,9999551,9999760,240,449,1652599,2000,2000,2000,100001552324,1747544,100311,26989014,0,6602077,54,28047654,9999946,200246,9799933,200067,0,0,50,201,1652050,9998227,1773,9999786,10000000,0,214,1650076,2000,2000,2000,100001552915,1747443,100656,26134230,0,6603663,1230,28051530,9998770,198596,9799087,200913,0,0,50,259,1652830,9997793,2207,9999726,9999726,274,274,1650364,2000,2000,2000
9700,9999999999608,1000392,1000392,12891300,20000,9999690490171,60193812,29720,5280,50,41574400,0,94940800,0,6468734,83138240,18914023,181085977,210495277,0,4115626,5884374,71651166,9999754751075,71518013,20509,8190,50,41544300,97059200,97059200,0,5787358,83072220,9241308,190758692,190758692,0,4212642,5787358,77284862,100001574146,1770153,100879,26300924,0,6690686,64,28423864,9999936,190109,9799874,200126,0,0,50,84,1674110,9998194,1806,9999772,9999773,227,228,1672220,2000,2000,2000,100001572361,1767647,100398,27229074,0,6682461,114,28389014,9999886,200086,9799149,200851,0,0,50,52,1672030,9998183,1817,9999781,10000000,0,219,1670161,2000,2000,2000,100001672992,1666067,3,26376842,0,6680866,462,28379562,9999538,199375,9800864,199136,0,0,50,224,1672200,9997654,2346,9999756,9999737,263,244,1669630,2000,2000,2000
9800,10000000000351,999649,999649,12968100,20000,9999677603640,71188172,9964136,3661,50,42037600,0,95880800,0,6345321,84067878,18938190,181061810,210460910,0,4239679,5760321,72645957,9999753315655,72030173,21613,8063,50,42004300,98119200,98119200,0,5991957,83992474,9238302,190761698,190761698,0,4008043,5991957,78000517,100001594093,1786755,99868,26504640,0,6766713,140,28742240,9999860,200060,9799487,200513,0,0,50,61,1693420,9997759,2241,9999602,10000000,0,398,1691118,2000,2000,2000,100001690984,1685841,511,27512492,0,6758850,312,28710212,9999688,199719,9797830,202170,0,0,50,150,1690980,9998510,1490,9999496,9999831,169,504,1689340,2000,2000,2000,100001591832,1786640,100689,26655612,0,6763029,32,28726532,9999968,200468,9799251,200749,0,0,50,149,1692200,9998275,1725,9999470,10000000,0,530,1690326,2000,2000,2000
9900,9999999999997,1000003,1000003,13038000,20000,9999684604321,62293119,29481,6619,50,42502400,200,97000500,0,6230452,84991562,18951702,181048298,210462498,0,4357338,5642662,73627600,9999751240757,73181856,26188,6884,50,42469600,98999500,98999500,0,5884882,84925432,9248045,190751955,190751955,0,4115118,5884882,79040550,100001712390,1708513,661,26945504,0,6843308,144,29073944,9999856,185369,9799452,200548,0,0,50,39,1712090,9998368,1632,9999813,9999813,187,187,1710419,2000,2000,2000,100001610053,1805483,100318,27756404,0,6832495,44,29028044,9999956,200056,9799865,200135,0,0,50,267,1709770,9998161,1839,9999868,10000000,0,132,1707664,2000,2000,2000,100001612408,1807532,100011,26916690,0,6839829,90,29060990,9999910,199910,9799921,200079,0,0,50,231,1711650,9998051,1949,10000000,10000000,0,0,1709470,2000,2000,2000
10000,10000000000614,999386,999386,13108500,20000,9999671734298,73268283,10017491,6189,50,42967400,0,98240500,0,6144815,85922422,18946903,181053097,210451897,0,4440885,5559115,74586607,9999749557677,73940745,11877,8278,50,42934100,99759500,99759500,0,5961388,85851644,9250066,190749934,190749934,0,4038612,5961388,79890256,100001630703,1824853,100915,27350426,0,6918852,86,29385486,9999914,200514,9798638,201362,0,0,50,72,1731330,9997940,2060,9999360,10000000,0,640,1729198,2000,2000,2000,100001730258,1723965,95,28118472,0,6911010,92,29358592,9999908,200065,9798870,201130,0,0,50,47,1729400,9997866,2134,9999757,9999757,243,243,1727219,2000,2000,2000,100001730920,1726688,99,27220082,0,6914941,3202,29381202,9996798,196998,9800189,199811,0,0,50,250,1730270,9998287,1713,9999999,10000000,0,1,1728307,2000,2000,2000
