Name,0,100,200,300,400,500,600,700,800,900,1000,1100,1200,1300,1400,1500,1600,1700,1800,1900,2000,2100,2200,2300,2400,2500,2600,2700,2800,2900,3000,3100,3200,3300,3400,3500,3600,3700,3800,3900,4000,4100,4200,4300,4400,4500,4600,4700,4800,4900,5000,5100,5200,5300,5400,5500,5600,5700,5800,5900,6000,6100,6200,6300,6400,6500,6600,6700,6800,6900,7000,7100,7200,7300,7400,7500,7600,7700,7800,7900,8000,8100,8200,8300,8400,8500,8600,8700,8800,8900,9000,9100,9200,9300,9400,9500,9600,9700,9800,9900,10000
H2O,10000000000000,10000000091088,10000000166629,10000000230745,10000000285664,10000000333595,10000000375129,10000000411896,10000000444712,10000000473856,10000000500136,10000000523991,10000000545495,10000000565269,10000000583063,10000000599689,10000000615046,10000000629474,10000000642749,10000000654952,10000000666360,10000000677028,10000000687133,10000000696570,10000000705486,10000000713853,10000000721976,10000000729549,10000000736608,10000000743308,10000000749682,10000000755744,10000000761561,10000000767126,10000000772541,10000000777653,10000000782430,10000000787041,10000000791548,10000000795826,10000000799869,10000000803787,10000000807556,10000000811198,10000000814686,10000000818043,10000000821335,10000000824451,10000000827483,10000000830412,10000000833291,10000000836025,10000000838649,10000000841269,10000000843787,10000000846184,10000000848523,10000000850782,10000000852905,10000000855047,10000000857125,10000000859174,10000000861151,10000000863043,10000000864849,10000000866690,10000000868547,10000000870294,10000000871992,10000000873543,10000000875134,10000000876704,10000000878229,10000000879715,10000000881162,10000000882616,10000000883927,10000000885283,10000000886626,10000000887903,10000000889144,10000000890328,10000000891454,10000000892596,10000000893723,10000000894814,10000000895929,10000000897035,10000000898061,10000000899088,10000000900079,10000000901060,10000000902018,10000000902906,10000000903866,10000000904734,10000000905653,10000000906564,10000000907406,10000000908274,10000000909111
OH-,1000000,908912,833371,769255,714336,666405,624871,588104,555288,526144,499864,476009,454505,434731,416937,400311,384954,370526,357251,345048,333640,322972,312867,303430,294514,286147,278024,270451,263392,256692,250318,244256,238439,232874,227459,222347,217570,212959,208452,204174,200131,196213,192444,188802,185314,181957,178665,175549,172517,169588,166709,163975,161351,158731,156213,153816,151477,149218,147095,144953,142875,140826,138849,136957,135151,133310,131453,129706,128008,126457,124866,123296,121771,120285,118838,117384,116073,114717,113374,112097,110856,109672,108546,107404,106277,105186,104071,102965,101939,100912,99921,98940,97982,97094,96134,95266,94347,93436,92594,91726,90889
H+,1000000,908912,833371,769255,714336,666405,624871,588104,555288,526144,499864,476009,454505,434731,416937,400311,384954,370526,357251,345048,333640,322972,312867,303430,294514,286147,278024,270451,263392,256692,250318,244256,238439,232874,227459,222347,217570,212959,208452,204174,200131,196213,192444,188802,185314,181957,178665,175549,172517,169588,166709,163975,161351,158731,156213,153816,151477,149218,147095,144953,142875,140826,138849,136957,135151,133310,131453,129706,128008,126457,124866,123296,121771,120285,118838,117384,116073,114717,113374,112097,110856,109672,108546,107404,106277,105186,104071,102965,101939,100912,99921,98940,97982,97094,96134,95266,94347,93436,92594,91726,90889
glucose,0,729000,1235600,1652200,2003400,2310100,2599300,2863100,3113700,3355800,3582900,3794700,3997200,4199800,4389500,4566500,4750400,4924900,5092200,5248900,5405600,5559700,5709400,5857000,6003100,6144300,6286400,6422700,6555000,6687900,6816700,6945500,7072400,7198100,7326600,7442700,7566300,7684900,7799600,7911800,8023500,8135000,8242800,8347600,8451700,8562300,8669300,8772800,8868300,8969800,9073800,9176800,9271100,9367800,9463800,9560500,9656600,9751100,9844400,9942400,10037000,10127200,10222400,10314700,10402400,10493900,10580700,10666200,10757000,10841800,10923500,11007800,11089900,11168900,11245300,11330700,11410000,11490300,11573700,11657800,11732600,11812100,11884500,11956400,12027900,12107600,12185200,12261500,12336500,12410600,12481200,12557800,12631600,12703500,12772300,12842700,12913900,12984500,13055900,13126600,13197800
O2,0,20000,20000,20000,20000,20000,20000,20000,20000,20000,20000,20000,20000,20000,20000,20000,20000,20000,20000,20000,20000,20000,20000,20000,20000,20000,20000,20000,20000,20000,20000,20000,20000,20000,20000,20000,20000,20000,20000,20000,20000,20000,20000,20000,20000,20000,20000,20000,20000,20000,20000,20000,20000,20000,20000,20000,20000,20000,20000,20000,20000,20000,20000,20000,20000,20000,20000,20000,20000,20000,20000,20000,20000,20000,20000,20000,20000,20000,20000,20000,20000,20000,20000,20000,20000,20000,20000,20000,20000,20000,20000,20000,20000,20000,20000,20000,20000,20000,20000,20000,20000
H2O:=Cell_1,10000000000000,9999990575282,9999981914743,9999974013933,9999966787920,9999960150638,9999954041178,9999948399364,9999943165897,9999938304476,9999933772315,9999929532171,9999925554997,9999921806624,9999918271418,9999914924454,9999911741242,9999908705575,9999905802733,9999903017714,9999900337262,9999897751617,9999895245768,9999892809249,9999890436112,9999888116908,9999885848686,9999883619845,9999881426874,9999879263964,9999877126502,9999875008879,9999872910835,9999870827573,9999868754378,9999866695414,9999864639587,9999862591027,9999860547027,9999858503967,9999856458529,9999854411125,9999852358027,9999850299606,9999848234968,9999846164765,9999844088795,9999842004858,9999839914500,9999837815268,9999835703576,9999833587407,9999831461516,9999829325299,9999827182924,9999825029802,9999822866126,9999820700192,9999818522795,9999816337267,9999814141636,9999811938372,9999809725913,9999807504218,9999805273566,9999803035266,9999800792770,9999798536513,9999796271820,9999794005501,9999791726423,9999789443043,9999787149660,9999784850380,9999782541768,9999780227249,9999777905725,9999775575818,9999773241042,9999770904121,9999768558599,9999766203413,9999763845557,9999761482290,9999759113526,9999756743129,9999754375807,9999752007060,9999749638663,9999747274531,9999744921322,9999742584813,9999740283464,9999738065331,9999735996977,9999734102866,9999732377761,9999730813580,9999729396374,9999728113096,9999726952199
OH-:=Cell_1,100000,0,0,0,0,0,0,0,0,0,0,0,0,0,0,0,0,0,0,0,0,0,0,0,0,0,0,0,0,0,0,0,0,0,0,0,0,0,0,0,0,0,0,0,0,0,0,0,0,0,0,0,0,0,0,0,0,0,0,0,0,0,0,0,0,0,0,0,0,0,0,0,0,0,0,0,0,0,0,0,0,0,0,0,0,0,0,0,0,0,0,0,0,0,0,0,0,0,0,0,0
H+:=Cell_1,100000,258398,746814,1328086,1942166,2556976,3085606,3507348,3802018,3936788,3951714,3881982,3731846,3543492,3335790,3109674,2854562,2634108,2427726,2225350,2047302,1883816,1725274,1583148,1462564,1343060,1267364,1215400,1162966,1121804,1077782,1044730,1031012,1008496,971920,944082,924678,912230,884870,859070,853074,821752,815022,809212,770510,757436,755628,732424,725106,712196,701034,698242,691202,680182,673386,643948,639708,634328,612488,612124,607762,582616,582844,585976,581286,553334,558120,566670,545550,537134,545866,534294,516068,530176,520630,504778,516120,498924,487548,489958,488920,485680,483928,467602,478584,473124,452706,451562,471160,441504,447220,422550,378472,228060,98204,35192,12502,4522,1680,606,230
glucose:=Cell_1,0,1095,2614,993,4272,4301,1557,5136,4535,5547,5752,4574,5744,5197,2853,2925,6783,5934,4616,6326,5952,4867,7118,11304,13522,21030,20596,18726,22659,23479,28521,27380,20143,18341,21938,25528,21424,18709,23685,27398,21582,26778,22549,19662,31681,29908,21849,25788,26195,24486,21214,18778,20427,18660,17028,26246,24602,21802,29020,21249,21807,29835,26218,21112,22027,28649,26054,19085,21089,24239,23609,22695,27231,20423,21517,23706,19402,24791,26661,24034,23703,20681,19106,25756,23751,19393,26231,25225,20188,28560,25045,42854,100587,304605,661952,1093804,1546997,2005938,2469661,2933717,3398616
glucose_channel:=Cell_1,50,50,50,50,50,50,50,50,50,50,50,50,50,50,50,50,50,50,50,50,50,50,50,50,50,50,50,50,50,50,50,50,50,50,50,50,50,50,50,50,50,50,50,50,50,50,50,50,50,50,50,50,50,50,50,50,50,50,50,50,50,50,50,50,50,50,50,50,50,50,50,50,50,50,50,50,50,50,50,50,50,50,50,50,50,50,50,50,50,50,50,50,50,50,50,50,50,50,50,50,50
glucose_in:=Cell_1,0,130300,376300,667800,992400,1341600,1693900,2066800,2446000,2827400,3212100,3605600,4004500,4405000,4812200,5223000,5628400,6042800,6456400,6873100,7292700,7713000,8135700,8560700,8988600,9417900,9848200,10279400,10711900,11145300,11582300,12016500,12451600,12888500,13324600,13764000,14200400,14638400,15081400,15526400,15970500,16414400,16862100,17310300,17761200,18208900,18654300,19100600,19553200,20001200,20448700,20898600,21354400,21806500,22258500,22710700,23163600,23615300,24070500,24520400,24973600,25425900,25879800,26333200,26790600,27242600,27700600,28157900,28609800,29067300,29529100,29988400,30445500,30906800,31366800,31823900,32283600,32744900,33202800,33659800,34124800,34585900,35049000,35512800,35979700,36441500,36902400,37363700,37827500,38291900,38755600,39214600,39678100,40142200,40607500,41073900,41539600,42003300,42468700,42933400,43398500
O2:=Cell_1,0,0,100,0,0,0,0,0,0,20000,200,0,0,0,0,0,0,0,0,0,0,100,0,0,0,0,0,0,0,0,0,0,0,0,0,0,0,0,0,0,0,0,0,20000,0,0,0,100,0,0,0,0,0,20000,0,0,20000,0,0,0,0,0,0,0,0,0,20000,100,0,0,0,0,0,0,0,0,0,0,0,0,0,0,0,0,0,0,0,0,0,0,0,20000,0,19900,0,0,0,20000,0,0,0
O2_in:=Cell_1,0,1120300,2319700,3459100,4498900,5598400,6538400,7598600,8639600,9779500,10660400,11780100,12640000,13739100,14858700,15778900,16758800,17838800,18798300,19698300,20678200,21658000,22698000,23897500,24897600,25917300,26936100,27995900,29016500,29856800,30897800,32017700,32897200,33917600,34737700,35797600,36917300,38017400,38997300,39977100,41036700,41977400,43017700,43877500,44937300,46137000,47097400,48037900,49018100,50038200,51198000,52177600,53277600,54337200,55417700,56477700,57397200,58377500,59138400,60158200,61138700,62118400,63158200,64357900,65377900,66199100,67259700,68399800,69499800,70379900,71320300,72360500,73440800,74400100,75699500,76679200,77578900,78499400,79519700,80699300,81799000,82779000,83778800,84580000,85620000,86560100,87819700,88740000,89719900,90639900,91660300,92620600,93500300,94540000,95460000,96499600,97399800,98299900,99459700,100339700,101259600
Pyruvate:=Cell_1,0,0,0,0,0,0,0,0,0,0,0,0,0,0,0,0,0,0,0,0,0,0,0,0,0,0,0,0,0,0,0,0,0,0,0,0,0,0,0,0,0,0,0,0,0,0,0,0,0,0,0,0,0,0,0,0,0,0,0,0,0,0,0,0,0,0,0,0,0,0,0,0,0,0,0,0,0,0,0,0,0,0,0,0,0,0,0,0,0,0,0,0,0,0,0,0,0,0,0,0,0
Pyruvate-:=Cell_1,0,256814,738223,1308030,1916511,2545027,3130696,3673138,4157694,4560957,4904365,5214757,5485379,5737739,5988502,6229532,6445318,6691270,6942037,7193719,7462469,7736181,8010689,8292900,8589470,8881890,9203236,9538144,9866924,10203243,10536200,10877965,11234933,11582987,11916212,12256773,12605515,12955586,13294940,13637237,13997405,14332588,14692172,15050694,15379784,15730790,16091065,16429044,16783298,17132542,17481193,17836453,18191564,18542061,18894255,19224568,19578782,19931622,20268014,20624703,20974024,21303723,21658904,22015996,22366676,22694328,23052426,23416200,23751016,24095668,24456384,24804332,25140473,25507165,25853468,26193373,26553398,26892481,27232783,27583585,27938097,28289869,28643308,28980295,29343901,29694579,30025602,30374516,30740392,31067992,31423545,31738621,32008059,32079365,32007830,31896052,31783834,31671913,31557509,31443236,31330079
Pyruvate_created:=Cell_1,0,258410,747372,1333614,1976256,2674598,3384686,4123328,4882930,5643706,6412696,7202052,7997512,8799606,9618694,10440150,11243234,12073732,12903568,13733548,14573496,15416266,16257164,17098792,17950156,18793740,19655208,20521348,21378482,22243642,23107558,23978240,24862914,25740318,26605324,27476944,28357952,29239382,30115430,30998004,31897836,32775244,33679102,34581276,35459038,36357984,37264902,38149624,39054010,39953428,40854972,41759644,42667946,43575680,44482944,45368908,46277996,47186996,48082960,48998302,49903586,50792130,51707164,52624176,53537146,54427902,55349092,56277630,57177422,58086122,59010982,59931410,60836538,61772754,62690566,63600388,64528396,65440218,66352278,67271532,68202194,69130438,70059788,70974088,71911898,72844214,73752338,74676950,75614624,76526680,77461110,78343492,79155026,79675190,79891096,79960192,79985206,79994724,79998078,79999366,79999768
ATP:=Cell_1,100000000,90752292,82678215,75552647,69237476,63677736,58729664,54341692,50441127,46943982,43849711,41064823,38597009,36384830,34412612,32661704,31069076,29669207,28416301,27304062,26311658,25464783,24709732,24040341,23451968,22914148,22487394,22103793,21761656,21495806,21271960,21071919,20928249,20797591,20695502,20602358,20538139,20504709,20452457,20442171,20490065,20499269,20559529,20621982,20662106,20739849,20825397,20890482,20965610,21064496,21164948,21244151,21331162,21426279,21534868,21581810,21668822,21756388,21835155,21954869,22004422,22090602,22177477,22287094,22348812,22391668,22534562,22632243,22676342,22744323,22831005,22922553,22977198,23070634,23147334,23172037,23289121,23328136,23403820,23444553,23533793,23586051,23645945,23675578,23707824,23727843,23689645,23691110,23692487,23637011,23476532,23255405,22727090,21541521,19843873,18091258,16439267,14903404,13496752,12215462,11054967
ADP:=Cell_1,100000000,109247708,117321785,124447353,130762524,136322264,141270336,145658308,149558873,153056018,156150289,158935177,161402991,163615170,165587388,167338296,168930924,170330793,171583699,172695938,173688342,174535217,175290268,175959659,176548032,177085852,177512606,177896207,178238344,178504194,178728040,178928081,179071751,179202409,179304498,179397642,179461861,179495291,179547543,179557829,179509935,179500731,179440471,179378018,179337894,179260151,179174603,179109518,179034390,178935504,178835052,178755849,178668838,178573721,178465132,178418190,178331178,178243612,178164845,178045131,177995578,177909398,177822523,177712906,177651188,177608332,177465438,177367757,177323658,177255677,177168995,177077447,177022802,176929366,176852666,176827963,176710879,176671864,176596180,176555447,176466207,176413949,176354055,176324422,176292176,176272157,176310355,176308890,176307513,176362989,176523468,176744595,177272910,178458479,180156127,181908742,183560733,185096596,186503248,187784538,188945033
Pi:=Cell_1,100000000,109266308,117437885,124752453,131335824,137274764,142674136,147577308,152051173,156151818,159914989,163365777,166547491,169493770,172209888,174735396,177115524,179320693,181393699,183348738,185189242,186932117,188597068,190191959,191713732,193189352,194596106,195958807,197294644,198592394,199865940,201112881,202326251,203532109,204740298,205927642,207102461,208269591,208965143,208957129,208916035,208915631,208847371,208799318,208736894,208661951,208582703,208527418,208432990,208357304,208239352,208171949,208068338,208005921,207900032,207827590,207749778,207660812,207571345,207480631,207399778,207313598,207247523,207124706,207049888,207014132,206871738,206777257,206778758,206654777,206557195,206486947,206483802,206347266,206253766,206237963,206143979,206071564,206014980,205975347,205879807,205813149,205752555,205749822,205728376,205688057,205714055,205707290,205733313,205768589,205942768,206143795,206684910,207858279,209556427,211308942,212960633,214496296,215903048,217184338,218344833
Pi-:=Cell_1,0,0,0,0,0,0,0,0,0,0,0,0,0,0,0,0,0,0,0,0,0,0,0,0,0,0,0,0,0,0,0,0,0,0,0,0,0,0,0,0,0,0,0,0,0,0,0,0,0,0,0,0,0,0,0,0,0,0,0,0,0,0,0,0,0,0,0,0,0,0,0,0,0,0,0,0,0,0,0,0,0,0,0,0,0,0,0,0,0,0,0,0,0,0,0,0,0,0,0,0,0
NAD+:=Cell_1,10000000,9992796,9599907,9269550,8643489,7988913,7372454,6794262,6269126,5822753,5433695,5076383,4754621,4450051,4147158,3851988,3579602,3276480,2966653,2655151,2327801,1990259,1650881,1303130,940640,605100,531214,560726,547576,590077,410030,400115,515637,579393,550278,571787,600085,558794,517850,538563,509345,601702,535838,526356,386826,384990,545935,449276,590142,549588,535597,539457,556326,527869,548935,407372,570248,530638,376476,537787,451026,604627,417696,527124,544684,604582,461694,548750,580414,454172,540676,452648,402697,492635,604802,534717,555042,481529,384487,539455,567243,538141,586842,467455,564359,561231,490778,394044,521808,469808,437735,200079,26451,47375,4950,8,846,77,21,14,1
NADH:=Cell_1,0,7204,400093,730450,1356511,2011087,2627546,3205738,3730874,4177247,4566305,4923617,5245379,5549949,5852842,6148012,6420398,6723520,7033347,7344849,7672199,8009741,8349119,8696870,9059360,9394900,9468786,9439274,9452424,9409923,9589970,9599885,9484363,9420607,9449722,9428213,9399915,9441206,9482150,9461437,9490655,9398298,9464162,9473644,9613174,9615010,9454065,9550724,9409858,9450412,9464403,9460543,9443674,9472131,9451065,9592628,9429752,9469362,9623524,9462213,9548974,9395373,9582304,9472876,9455316,9395418,9538306,9451250,9419586,9545828,9459324,9547352,9597303,9507365,9395198,9465283,9444958,9518471,9615513,9460545,9432757,9461859,9413158,9532545,9435641,9438769,9509222,9605956,9478192,9530192,9562265,9799921,9973549,9952625,9995050,9999992,9999154,9999923,9999979,9999986,9999999
Lactic:=Cell_1,0,6,279,2764,17045,58811,149540,307990,540456,853459,1230491,1660035,2132833,2628057,3141452,3665238,4194336,4719812,5237921,5754099,6263097,6766225,7265945,7757822,8243796,8725340,9193922,9652974,10107758,10560919,11014888,11466755,11915951,12365911,12816702,13266431,13716637,14163576,14615280,15069467,15522381,15976746,16432040,16886032,17344264,17800274,18254637,18708600,19164452,19620616,20076969,20530701,20988372,21447749,21904779,22362480,22819144,23276334,23735236,24193089,24647912,25104757,25562160,26019100,26477930,26937284,27395486,27855480,28315936,28774494,29232558,29698558,30160235,30621289,31084968,31547805,32006138,32470647,32932365,33390787,33856637,34322379,34787930,35253243,35716657,36185545,36649816,37112694,37571732,38042588,38506945,38960471,39388277,39723565,39896446,39962500,39986352,39995101,39998199,39999380,39999769
H2O:=Cell_2,10000000000000,9999990576547,9999981919281,9999974044411,9999966854611,9999960280839,9999954270846,9999948760809,9999943709548,9999939061375,9999934782378,9999930835940,9999927192654,9999923819971,9999920691164,9999917782098,9999915069895,9999912538460,9999910170493,9999907949407,9999905858054,9999903881633,9999902013480,9999900243777,9999898562316,9999896964341,9999895459614,9999894062265,9999892776204,9999891598165,9999890522210,9999889543454,9999888651024,9999887843266,9999887109632,9999886443673,9999885841566,9999885295248,9999884803182,9999884357272,9999883953367,9999883588119,9999883257115,9999882957197,9999882685835,9999882439410,9999882217049,9999882015942,9999881833682,9999881667929,9999881518291,9999881383376,9999881261911,9999881151353,9999881051352,9999880960678,9999880879048,9999880805392,9999880738211,9999880677376,9999880622634,9999880572627,9999880527763,9999880486756,9999880450013,9999880416930,9999880387014,9999880360009,9999880335379,9999880313044,9999880293033,9999880274810,9999880258088,9999880243051,9999880229373,9999880217092,9999880206006,9999880195938,9999880186612,9999880178407,9999880170938,9999880164130,9999880158008,9999880152484,9999880147522,9999880143000,9999880138914,9999880135244,9999880131868,9999880128869,9999880126130,9999880123624,9999880121412,9999880119312,9999880117450,9999880115737,9999880114254,9999880112896,9999880111700,9999880110573,9999880109574
OH-:=Cell_2,100000,0,0,0,0,0,0,0,0,0,0,0,0,0,0,0,0,0,0,0,0,0,0,0,0,0,0,0,0,0,0,0,0,0,0,0,0,0,0,0,0,0,0,0,0,0,0,0,0,0,0,0,0,0,0,0,0,0,0,0,0,0,0,0,0,0,0,0,0,0,0,0,0,0,0,0,0,0,0,0,0,0,0,0,0,0,0,0,0,0,0,0,0,0,0,0,0,0,0,0,0
H+:=Cell_2,100000,256336,749120,1323182,1929080,2498770,3000770,3361272,3588280,3686146,3673696,3572952,3409908,3198898,2968620,2746524,2523552,2303884,2107290,1934054,1764210,1607434,1473950,1344820,1226712,1071234,779906,525686,349026,231916,153424,101330,67070,44224,29190,19274,12744,8402,5584,3724,2488,1640,1106,750,524,350,236,164,118,74,52,32,20,12,6,4,4,4,2,0,0,0,0,0,0,0,0,0,0,0,0,0,0,0,0,0,0,0,0,0,0,0,0,0,0,0,0,0,0,0,0,0,0,0,0,0,0,0,0,0,0
glucose:=Cell_2,0,2517,2766,1810,1229,4702,2448,4617,4696,1830,2929,2462,2671,2794,6079,7204,4501,6794,7587,8173,6875,9841,12148,17534,24037,73109,263894,556480,901049,1274374,1668833,2079410,2499820,2925842,3353596,3793059,4229731,4670928,5111811,5553676,5997259,6441444,6885658,7332480,7777366,8218978,8666521,9116684,9568562,10019039,10467526,10914618,11364511,11815707,12267704,12718802,13169802,13623602,14075102,14527202,14979401,15436901,15887801,16342101,16797001,17253501,17708701,18165901,18623201,19080901,19537401,19993801,20454601,20914301,21377901,21835401,22296401,22754801,23213501,23672401,24132601,24592001,25056501,25520801,25982401,26440901,26902401,27364801,27826001,28287501,28753201,29217601,29680301,30144301,30610201,31073401,31536501,32002201,32465401,32930001,33393701
glucose_channel:=Cell_2,50,50,50,50,50,50,50,50,50,50,50,50,50,50,50,50,50,50,50,50,50,50,50,50,50,50,50,50,50,50,50,50,50,50,50,50,50,50,50,50,50,50,50,50,50,50,50,50,50,50,50,50,50,50,50,50,50,50,50,50,50,50,50,50,50,50,50,50,50,50,50,50,50,50,50,50,50,50,50,50,50,50,50,50,50,50,50,50,50,50,50,50,50,50,50,50,50,50,50,50,50
glucose_in:=Cell_2,0,130700,378100,670000,994200,1338300,1696800,2060100,2430300,2806800,3195000,3589700,3988300,4385200,4788300,5200500,5611200,6022300,6441400,6868000,7291700,7717300,8144900,8572300,8998300,9427800,9855400,10287900,10723100,11156800,11591000,12028000,12466000,12903400,13338800,13783300,14223300,14666700,15109000,15551800,15996000,16440600,16885100,17332100,17777100,18218800,18666400,19116600,19568500,20019000,20467500,20914600,21364500,21815700,22267700,22718800,23169800,23623600,24075100,24527200,24979400,25436900,25887800,26342100,26797000,27253500,27708700,28165900,28623200,29080900,29537400,29993800,30454600,30914300,31377900,31835400,32296400,32754800,33213500,33672400,34132600,34592000,35056500,35520800,35982400,36440900,36902400,37364800,37826000,38287500,38753200,39217600,39680300,40144300,40610200,41073400,41536500,42002200,42465400,42930000,43393700
O2:=Cell_2,0,839700,1640300,2500900,3461100,4361600,5421600,6361400,7320400,8180500,9299600,10179900,11320000,12220900,13101300,14181100,15201200,16121200,17161700,18261700,19281800,20302000,21262000,22062500,23062400,24042700,25023900,25964100,26943500,28103200,29062200,29942300,31062800,32042400,33222300,34162400,35042700,35942600,36962700,37982900,38923300,39982600,40942300,42082500,43022700,43823000,44862600,45922100,46941900,47921800,48762000,49782400,50682400,51622800,52542300,53482300,54562800,55582500,56821600,57801800,58821300,59841600,60801800,61602100,62582100,63760900,64700300,65560200,66460200,67580100,68639700,69599500,70519200,71559900,72260500,73280800,74381100,75460600,76440300,77260700,78161000,79181000,80181200,81380000,82340000,83399900,84140300,85220000,86240100,87320100,88299700,89339400,90459700,91420000,92500000,93460400,94560200,95660100,96500300,97620300,98700400
O2_in:=Cell_2,0,839700,1640300,2500900,3461100,4361600,5421600,6361400,7320400,8180500,9299600,10179900,11320000,12220900,13101300,14181100,15201200,16121200,17161700,18261700,19281800,20302000,21262000,22062500,23062400,24042700,25023900,25964100,26943500,28103200,29062200,29942300,31062800,32042400,33222300,34162400,35042700,35942600,36962700,37982900,38923300,39982600,40942300,42082500,43022700,43823000,44862600,45922100,46941900,47921800,48762000,49782400,50682400,51622800,52542300,53482300,54562800,55582500,56821600,57801800,58821300,59841600,60801800,61602100,62582100,63760900,64700300,65560200,66460200,67580100,68639700,69599500,70519200,71559900,72260500,73280800,74381100,75460600,76440300,77260700,78161000,79181000,80181200,81380000,82340000,83399900,84140300,85220000,86240100,87320100,88299700,89339400,90459700,91420000,92500000,93460400,94560200,95660100,96500300,97620300,98700400
Pyruvate:=Cell_2,0,0,0,0,0,0,0,0,0,0,0,0,0,0,0,0,0,0,0,0,0,0,0,0,0,0,0,0,0,0,0,0,0,0,0,0,0,0,0,0,0,0,0,0,0,0,0,0,0,0,0,0,0,0,0,0,0,0,0,0,0,0,0,0,0,0,0,0,0,0,0,0,0,0,0,0,0,0,0,0,0,0,0,0,0,0,0,0,0,0,0,0,0,0,0,0,0,0,0,0,0
Pyruvate-:=Cell_2,0,256351,749894,1329781,1957511,2582983,3194737,3736119,4219744,4648043,5028919,5373714,5690583,5981855,6266531,6566558,6868475,7167448,7487458,7826854,8166930,8511176,8869727,9227176,9587619,9890308,9981459,9994263,9996564,9998384,9998879,9999255,9999715,9999670,9999799,9999878,9999941,9999973,9999981,9999986,9999985,9999976,9999995,9999995,9999996,9999997,9999997,9999998,9999997,9999998,10000000,9999998,9999999,9999999,9999999,10000000,10000000,10000000,9999999,9999998,9999999,9999999,9999999,9999999,9999999,9999999,9999999,9999999,9999999,9999999,9999999,9999999,9999999,9999999,9999999,9999999,9999999,9999999,9999999,9999999,9999999,9999999,9999999,9999999,9999999,9999999,9999999,9999999,9999999,9999999,9999999,9999999,9999999,9999999,9999999,9999999,9999999,9999999,9999999,9999999,9999999
Pyruvate_created:=Cell_2,0,256366,750668,1336380,1985942,2667196,3388704,4110966,4851208,5609940,6384142,7174476,7971258,8764812,9564442,10386592,11213398,12031012,12867626,13719654,14569650,15414918,16265504,17109532,17948526,18709382,19183012,19462840,19644102,19764852,19844334,19897180,19932360,19955116,19970408,19980482,19987138,19991544,19994378,19996248,19997482,19998312,19998884,19999240,19999468,19999644,19999758,19999832,19999876,19999922,19999948,19999964,19999978,19999986,19999992,19999996,19999996,19999996,19999996,19999996,19999998,19999998,19999998,19999998,19999998,19999998,19999998,19999998,19999998,19999998,19999998,19999998,19999998,19999998,19999998,19999998,19999998,19999998,19999998,19999998,19999998,19999998,19999998,19999998,19999998,19999998,19999998,19999998,19999998,19999998,19999998,19999998,19999998,19999998,19999998,19999998,19999998,19999998,19999998,19999998,19999998
ATP:=Cell_2,100000000,90732913,82569949,75280791,68740553,62848035,57559550,52771775,48460756,44571315,41066520,37910416,35063912,32484783,30155606,28068690,26183293,24469472,22938119,21569061,20327704,19196551,18178984,17253309,16410842,15573723,14542626,13425105,12320306,11263017,10266544,9340634,8483384,7698382,6980040,6324155,5728704,5186792,4697560,4253520,3850849,3486431,3155999,2856437,2585303,2339054,2116807,1915774,1733558,1567851,1418239,1283340,1161889,1051339,951344,860674,779044,705388,638207,577372,522632,472625,427761,386754,350011,316928,287012,260007,235377,213042,193031,174808,158086,143049,129371,117090,106004,95936,86610,78405,70936,64128,58006,52482,47520,42998,38912,35242,31866,28867,26128,23622,21410,19310,17448,15735,14252,12894,11698,10571,9572
ADP:=Cell_2,100000000,109267087,117430051,124719209,131259447,137151965,142440450,147228225,151539244,155428685,158933480,162089584,164936088,167515217,169844394,171931310,173816707,175530528,177061881,178430939,179672296,180803449,181821016,182746691,183589158,184426277,185457374,186574895,187679694,188736983,189733456,190659366,191516616,192301618,193019960,193675845,194271296,194813208,195302440,195746480,196149151,196513569,196844001,197143563,197414697,197660946,197883193,198084226,198266442,198432149,198581761,198716660,198838111,198948661,199048656,199139326,199220956,199294612,199361793,199422628,199477368,199527375,199572239,199613246,199649989,199683072,199712988,199739993,199764623,199786958,199806969,199825192,199841914,199856951,199870629,199882910,199893996,199904064,199913390,199921595,199929064,199935872,199941994,199947518,199952480,199957002,199961088,199964758,199968134,199971133,199973872,199976378,199978590,199980690,199982552,199984265,199985748,199987106,199988302,199989429,199990428
Pi:=Cell_2,100000000,109267087,117430051,124719209,131259447,137151965,142440450,147228225,151539244,155428685,158933480,162089584,164936088,167515217,169844394,171931310,173816707,175530528,177061881,178430939,179672296,180803449,181821016,182746691,183589158,184426277,185457374,186574895,187679694,188736983,189733456,190659366,191516616,192301618,193019960,193675845,194271296,194813208,195302440,195746480,196149151,196513569,196844001,197143563,197414697,197660946,197883193,198084226,198266442,198432149,198581761,198716660,198838111,198948661,199048656,199139326,199220956,199294612,199361793,199422628,199477368,199527375,199572239,199613246,199649989,199683072,199712988,199739993,199764623,199786958,199806969,199825192,199841914,199856951,199870629,199882910,199893996,199904064,199913390,199921595,199929064,199935872,199941994,199947518,199952480,199957002,199961088,199964758,199968134,199971133,199973872,199976378,199978590,199980690,199982552,199984265,199985748,199987106,199988302,199989429,199990428
Pi-:=Cell_2,0,0,0,0,0,0,0,0,0,0,0,0,0,0,0,0,0,0,0,0,0,0,0,0,0,0,0,0,0,0,0,0,0,0,0,0,0,0,0,0,0,0,0,0,0,0,0,0,0,0,0,0,0,0,0,0,0,0,0,0,0,0,0,0,0,0,0,0,0,0,0,0,0,0,0,0,0,0,0,0,0,0,0,0,0,0,0,0,0,0,0,0,0,0,0,0,0,0,0,0,0
NAD+:=Cell_2,10000000,9743649,9250106,8670219,8042489,7417017,6805263,6263881,5780256,5351957,4971081,4626286,4309417,4018145,3733469,3433442,3131525,2832552,2512542,2173146,1833070,1488824,1130273,772824,412381,109692,18541,5737,3436,1616,1121,745,285,330,201,122,59,27,19,14,15,24,5,5,4,3,3,2,3,2,0,2,1,1,1,0,0,0,1,2,1,1,1,1,1,1,1,1,1,1,1,1,1,1,1,1,1,1,1,1,1,1,1,1,1,1,1,1,1,1,1,1,1,1,1,1,1,1,1,1,1
NADH:=Cell_2,0,256351,749894,1329781,1957511,2582983,3194737,3736119,4219744,4648043,5028919,5373714,5690583,5981855,6266531,6566558,6868475,7167448,7487458,7826854,8166930,8511176,8869727,9227176,9587619,9890308,9981459,9994263,9996564,9998384,9998879,9999255,9999715,9999670,9999799,9999878,9999941,9999973,9999981,9999986,9999985,9999976,9999995,9999995,9999996,9999997,9999997,9999998,9999997,9999998,10000000,9999998,9999999,9999999,9999999,10000000,10000000,10000000,9999999,9999998,9999999,9999999,9999999,9999999,9999999,9999999,9999999,9999999,9999999,9999999,9999999,9999999,9999999,9999999,9999999,9999999,9999999,9999999,9999999,9999999,9999999,9999999,9999999,9999999,9999999,9999999,9999999,9999999,9999999,9999999,9999999,9999999,9999999,9999999,9999999,9999999,9999999,9999999,9999999,9999999,9999999
Lactic:=Cell_2,0,15,774,6599,28431,84213,193967,374847,631464,961897,1355223,1800762,2280675,2782957,3297911,3820034,4344923,4863564,5380168,5892800,6402720,6903742,7395777,7882356,8360907,8819074,9201553,9468577,9647538,9766468,9845455,9897925,9932645,9955446,9970609,9980604,9987197,9991571,9994397,9996262,9997497,9998336,9998889,9999245,9999472,9999647,9999761,9999834,9999879,9999924,9999948,9999966,9999979,9999987,9999993,9999996,9999996,9999996,9999997,9999998,9999999,9999999,9999999,9999999,9999999,9999999,9999999,9999999,9999999,9999999,9999999,9999999,9999999,9999999,9999999,9999999,9999999,9999999,9999999,9999999,9999999,9999999,9999999,9999999,9999999,9999999,9999999,9999999,9999999,9999999,9999999,9999999,9999999,9999999,9999999,9999999,9999999,9999999,9999999,9999999,9999999
H2O::Cell_1::Mito_1,100000000000,100000001371,100000003176,100000007148,100000012616,100000020148,100000028793,100000038805,100000050660,100000062836,100000075224,100000088424,100000102108,100000116944,100000131552,100000146196,100000161964,100000178466,100000194184,100000210756,100000227100,100000244407,100000261484,100000278542,100000297020,100000315402,100000335644,100000354468,100000373696,100000393836,100000414414,100000434548,100000456104,100000476424,100000499419,100000520960,100000543184,100000565224,100000586704,100000611752,100000634696,100000657302,100000682808,100000705404,100000730173,100000753488,100000779136,100000803508,100000827069,100000853876,100000878403,100000905528,100000928089,100000956279,100000982746,100001008553,100001034100,100001061292,100001088052,100001116304,100001141809,100001167456,100001196148,100001223775,100001252724,100001278404,100001306838,100001334956,100001360972,100001390176,100001419756,100001448819,100001477364,100001505972,100001534932,100001563817,100001592092,100001620972,100001649313,100001679126,100001708204,100001737748,100001768660,100001798580,100001828188,100001859199,100001887560,100001919460,100001950680,100001984605,100002018404,100002051896,100002085856,100002115172,100002130036,100002137287,100002141897,100002143892,100002145161,100002145384,100002145384
OH-::Cell_1::Mito_1,1000,1,0,0,0,0,0,0,0,0,0,0,0,0,0,0,0,0,0,0,0,0,0,0,0,0,0,0,0,0,0,0,0,0,0,0,0,0,0,0,0,0,0,0,0,0,0,0,0,0,0,0,0,0,0,0,0,0,0,0,0,0,0,0,0,0,0,0,0,0,0,0,0,0,0,0,0,0,0,0,0,0,0,0,0,0,0,0,0,0,0,0,0,0,0,0,0,0,0,0,0
H+::Cell_1::Mito_1,1000,67,3,16,202,188,575,659,108,7,506,7,419,5,14,476,554,227,429,5,2,246,261,871,1034,994,0,874,1025,764,793,989,9,1226,6,3,11,314,1445,350,0,1350,7,8,344,1010,4,5,1778,1,1186,4,2753,1127,651,1257,1394,1372,1622,9,1665,2675,1222,1575,24,1799,1113,1239,2692,1904,15,13,324,611,0,1,175,4,826,1391,2084,1779,443,478,6,3,1385,528,511,377,545,3,28,731,8,135,14,25,25,0,0
O2::Cell_1::Mito_1,0,439258,973786,1341782,1664598,2102240,2475678,2825158,3170788,3474666,3756368,4057782,4315422,4572278,4887818,5222546,5515516,5787800,6020068,6231160,6501458,6749738,7117892,7485134,7750016,7934608,8176398,8497628,8878852,9059474,9378166,9696560,9954148,10231298,10306224,10560650,10854856,11049184,11264228,11476488,11706768,11977414,12285750,12474006,12801996,13129004,13435394,13720238,13867544,14029782,14273454,14554724,14861648,15203400,15364012,15786242,15945758,16085764,16206240,16523124,16765582,16925136,17201400,17618824,17854098,18016500,18251290,18647244,19006956,19142470,19415112,19571606,19886486,20240434,20572448,20849580,21022594,21276752,21488408,21704682,22014974,22208044,22557126,22690512,22942166,23116304,23528498,23817780,24095082,24258580,24556084,24742288,25025722,25419544,25669534,26064516,26421792,26780670,27279662,27519642,27759742
O2_in::Cell_1::Mito_1,0,0,0,0,0,0,0,0,0,0,0,0,0,0,0,0,0,0,0,0,0,0,0,0,0,0,0,0,0,0,0,0,0,0,0,0,0,0,0,0,0,0,0,0,0,0,0,0,0,0,0,0,0,0,0,0,0,0,0,0,0,0,0,0,0,0,0,0,0,0,0,0,0,0,0,0,0,0,0,0,0,0,0,0,0,0,0,0,0,0,0,0,0,0,0,0,0,0,0,0,0
CO2::Cell_1::Mito_1,0,2136,10693,30046,58872,95788,140445,191229,248128,307897,372726,436537,507549,578875,651984,728066,806194,885727,965649,1046405,1129572,1215016,1301941,1390981,1482674,1574814,1670670,1768994,1867105,1965974,2068683,2170889,2273429,2379396,2486966,2596753,2706251,2816174,2926065,3038370,3154220,3271660,3389757,3508498,3628184,3750670,3872014,3996775,4120038,4248031,4376096,4505964,4630673,4759127,4892131,5021687,5155464,5288932,5422222,5558969,5690195,5825615,5963222,6101535,6241194,6373299,6515463,6655499,6790932,6931454,7075495,7215003,7357014,7499721,7645420,7783701,7928685,8071584,8219646,8359921,8510294,8654539,8804233,8948958,9095896,9239163,9386555,9536728,9674041,9801577,9905405,10028023,10121658,10165491,10181618,10189775,10194194,10196075,10197255,10197430,10197430
ATP::Cell_1::Mito_1,0,138,346,2,78,440,2158,138,2868,3426,48,2102,142,3458,5798,6,76,0,2348,5960,5238,6018,7112,74,76,3588,4378,8,172,3614,26,60,28,78,64,50,16,24,108,68,248,54,5350,7566,11556,5044,2034,18,84,12302,94,4064,28,0,3132,1262,438,4,40,5964,4302,96,0,164,10478,100,90,84,516,370,9732,166,146,3774,11028,180,34,10772,88,2,14,84,12686,132,5626,244,78,80,4702,7480,124,10168,142,84,74,76,12,70,82,62,62
ATP_created::Cell_1::Mito_1,0,7038,36346,102102,199478,325040,475558,647938,843268,1046826,1265548,1484202,1724242,1968158,2216698,2473806,2739176,3010700,3281748,3557760,3840538,4130218,4425712,4726374,5037576,5350988,5680278,6011608,6344672,6681714,7030826,7377660,7729628,8085778,8455664,8828950,9201216,9573924,9943708,10329268,10724348,11119054,11525150,11928866,12334656,12748844,13164834,13589018,14002084,14443302,14874694,15320264,15734928,16177200,16631032,17069462,17523838,17977704,18430040,18900464,19341002,19797996,20270800,20739864,21219978,21663100,22148790,22624484,23080016,23560470,24056632,24530966,25012746,25496974,25994428,26464580,26956934,27443372,27943988,28419002,28927914,29419384,29932886,30424832,30926026,31413144,31909578,32423080,32890002,33324080,33676524,34095268,34413542,34560184,34617474,34644776,34660212,34666570,34670582,34671262,34671262
ADP::Cell_1::Mito_1,10000000,9999862,9999654,9999998,9999922,9999560,9997842,9999862,9997132,9996574,9999952,9997898,9999858,9996542,9994202,9999994,9999924,10000000,9997652,9994040,9994762,9993982,9992888,9999926,9999924,9996412,9995622,9999992,9999828,9996386,9999974,9999940,9999972,9999922,9999936,9999950,9999984,9999976,9999892,9999932,9999752,9999946,9994650,9992434,9988444,9994956,9997966,9999982,9999916,9987698,9999906,9995936,9999972,10000000,9996868,9998738,9999562,9999996,9999960,9994036,9995698,9999904,10000000,9999836,9989522,9999900,9999910,9999916,9999484,9999630,9990268,9999834,9999854,9996226,9988972,9999820,9999966,9989228,9999912,9999998,9999986,9999916,9987314,9999868,9994374,9999756,9999922,9999920,9995298,9992520,9999876,9989832,9999858,9999916,9999926,9999924,9999988,9999930,9999918,9999938,9999938
Pi::Cell_1::Mito_1,10000000,9992962,9963654,9897802,9800522,9674960,9524293,9351845,9156732,8953014,8734284,8515798,8275758,8031842,7783302,7526194,7260824,6989082,6718252,6441992,6159462,5869531,5574288,5273408,4962168,4648682,4319722,3988256,3655328,3318034,2968984,2622340,2270372,1913910,1543945,1171050,798784,426076,196892,200032,193152,199692,194378,193034,188235,192520,198066,192482,200415,174998,194907,179636,200019,179625,200062,188421,200062,200796,200360,194336,190049,195204,185800,199693,189922,200500,200096,200316,200020,200030,200868,196463,191454,186926,187672,193819,171066,189328,180639,199636,196594,200016,187414,200068,194474,191361,195022,200020,195698,192003,200376,190332,191558,200016,200026,199517,199887,200030,200017,200038,200038
NAD+::Cell_1::Mito_1,10000000,9999834,9999997,9799684,9798898,9798012,9796225,9795641,9795792,9795293,9793594,9793393,9792681,9792495,9791486,9790324,9789946,9789473,9789071,9788995,9788198,9787354,9786939,9785829,9785066,9784406,9784500,9734626,9678775,9540636,9328807,9311811,9311991,9118574,9101194,8853297,8655989,8435086,8316055,8061750,7804700,7758750,7611293,7453392,7347356,7192890,6979096,6910495,6690622,6570599,6355314,6198996,6059647,5754073,5525049,5523843,5389706,5317128,5182078,5129191,5127535,4846925,4805578,4688425,4585876,4467201,4346387,4000961,3796608,3796796,3664385,3531587,3311176,3086689,3041400,2915299,2907225,2749096,2510474,2015609,2014316,1675521,1628457,1628422,1375794,1175497,1008715,886772,421489,248223,202155,200097,202472,69,92,65,86,75,75,0,0
NADH::Cell_1::Mito_1,0,166,3,200316,201102,201988,203775,204359,204208,204707,206406,206607,207319,207505,208514,209676,210054,210527,210929,211005,211802,212646,213061,214171,214934,215594,215500,265374,321225,459364,671193,688189,688009,881426,898806,1146703,1344011,1564914,1683945,1938250,2195300,2241250,2388707,2546608,2652644,2807110,3020904,3089505,3309378,3429401,3644686,3801004,3940353,4245927,4474951,4476157,4610294,4682872,4817922,4870809,4872465,5153075,5194422,5311575,5414124,5532799,5653613,5999039,6203392,6203204,6335615,6468413,6688824,6913311,6958600,7084701,7092775,7250904,7489526,7984391,7985684,8324479,8371543,8371578,8624206,8824503,8991285,9113228,9578511,9751777,9797845,9799903,9797528,9999931,9999908,9999935,9999914,9999925,9999925,10000000,10000000
NADH_created::Cell_1::Mito_1,0,0,0,0,0,0,0,0,0,0,0,0,0,0,0,0,0,0,0,0,0,0,0,0,0,0,0,0,0,0,0,0,0,0,0,0,0,0,0,0,0,0,0,0,0,0,0,0,0,0,0,0,0,0,0,0,0,0,0,0,0,0,0,0,0,0,0,0,0,0,0,0,0,0,0,0,0,0,0,0,0,0,0,0,0,0,0,0,0,0,0,0,0,0,0,0,0,0,0,0,0
Pyruvate::Cell_1::Mito_1,0,0,0,0,0,0,0,0,0,0,0,0,0,0,0,0,0,0,0,0,0,0,0,0,0,0,0,0,0,0,0,0,0,0,0,0,0,0,0,0,0,0,0,0,0,0,0,0,0,0,0,0,0,0,0,0,0,0,0,0,0,0,0,0,0,0,0,0,0,0,0,0,0,0,0,0,0,0,0,0,0,0,0,0,0,0,0,0,0,0,0,0,0,0,0,0,0,0,0,0,0
Pyruvate_trans::Cell_1::Mito_1,50,50,50,50,50,50,50,50,50,50,50,50,50,50,50,50,50,50,50,50,50,50,50,50,50,50,50,50,50,50,50,50,50,50,50,50,50,50,50,50,50,50,50,50,50,50,50,50,50,50,50,50,50,50,50,50,50,50,50,50,50,50,50,50,50,50,50,50,50,50,50,50,50,50,50,50,50,50,50,50,50,50,50,50,50,50,50,50,50,50,50,50,50,50,50,50,50,50,50,50,50
Pyruvate-::Cell_1::Mito_1,0,8,36,82,89,51,35,123,215,177,130,142,197,180,135,168,79,57,91,194,216,60,58,225,59,300,100,85,55,297,290,60,251,63,77,342,137,72,335,104,336,338,91,270,99,80,153,127,65,319,415,84,143,325,181,98,294,123,179,187,197,219,457,165,336,388,389,128,428,139,500,432,184,299,429,267,385,249,422,448,291,364,363,359,404,648,708,697,1366,1607,3266,4133,7447,18264,44594,76441,110386,146521,183802,222049,260109
Pyruvate-_in::Cell_1::Mito_1,0,560,2740,7640,14870,24160,35330,48030,62370,77230,93400,109370,127160,145030,163260,182300,201920,221770,241930,261970,282750,304150,325850,348100,371080,394230,418150,442770,467210,492020,517790,543200,568930,595440,622300,649990,677410,705140,733520,762320,791030,820680,850150,879430,909650,940170,970960,1001690,1033220,1064780,1096920,1129080,1160740,1193430,1226060,1258750,1291920,1325470,1359150,1392570,1426060,1460030,1494240,1528560,1563270,1597390,1632080,1667260,1701650,1736880,1772130,1807530,1843450,1879550,1915420,1950750,1986730,2022390,2059160,2095940,2133080,2169980,2206930,2243870,2280390,2317920,2355530,2393690,2431490,2469270,2507350,2545110,2583280,2621100,2659540,2697750,2735490,2773320,2811670,2850080,2888140
CoA-SH::Cell_1::Mito_1,10000000,9999976,9999959,9999938,9999916,9999784,9999755,9999867,9999836,9999895,9999882,9999875,9999899,9999825,9999828,9999846,9999610,9999625,9999431,9999767,9999812,9999552,9999591,9999827,9999530,9999698,9999490,9999418,9999495,9999694,9999561,9999443,9999571,9999296,9999358,9999387,9999053,9998634,9997775,9996502,9997148,9996764,9996507,9997286,9996660,9996770,9996262,9996841,9995806,9996729,9996692,9996660,9996095,9995569,9996205,9995693,9996320,9995848,9995446,9996479,9995581,9995457,9996030,9995985,9996486,9995097,9996233,9995657,9995348,9994830,9996325,9995537,9994650,9994239,9995152,9993923,9994435,9994340,9994898,9992651,9993046,9992025,9992655,9991638,9991984,9990025,9989089,9988252,9984515,9976975,9963023,9954705,9939442,9918049,9907278,9901513,9897926,9896293,9895261,9895102,9895102
Acetyl_CoA::Cell_1::Mito_1,0,24,41,62,84,216,245,133,164,105,118,125,101,175,172,154,390,375,569,233,188,448,409,173,470,302,510,582,505,306,439,557,429,704,642,613,947,1366,2225,3498,2852,3236,3493,2714,3340,3230,3738,3159,4194,3271,3308,3340,3905,4431,3795,4307,3680,4152,4554,3521,4419,4543,3970,4015,3514,4903,3767,4343,4652,5170,3675,4463,5350,5761,4848,6077,5565,5660,5102,7349,6954,7975,7345,8362,8016,9975,10911,11748,15485,23025,36977,45295,60558,81951,92722,98487,102074,103707,104739,104898,104898
FAD::Cell_1::Mito_1,10000000,9999886,9999475,9998510,9997037,9995227,9992924,9990340,9987613,9984630,9981292,9978203,9974564,9971099,9967441,9963540,9959677,9955762,9951774,9947737,9943568,9939312,9934953,9930320,9925777,9921136,9916594,9911521,9906566,9901625,9896517,9891397,9886434,9880961,9875811,9870315,9864922,9859470,9853964,9848886,9843002,9836956,9831384,9825252,9819357,9813072,9807333,9800950,9794691,9788416,9781785,9775536,9768892,9762926,9756212,9749741,9742868,9736317,9729703,9722930,9716262,9709320,9702587,9695612,9688814,9682201,9674946,9668063,9661078,9654339,9647141,9640363,9633422,9626332,9618941,9612334,9604922,9597835,9590128,9583563,9575807,9568911,9561536,9554547,9547208,9540535,9533123,9525995,9520067,9515602,9513865,9509922,9509051,9512067,9514098,9515106,9515806,9516118,9516317,9516353,9516353
GDP::Cell_1::Mito_1,10000000,10000000,10000000,9999904,10000000,10000000,9999851,9999783,10000000,9999840,9999832,10000000,10000000,10000000,10000000,10000000,10000000,9999782,10000000,9999752,10000000,9999749,10000000,9999782,9999744,9999670,10000000,9999864,10000000,9999748,9999810,10000000,10000000,9999688,9999609,10000000,10000000,10000000,10000000,10000000,10000000,9999646,9999628,10000000,9999391,9999664,10000000,10000000,9999999,10000000,9999701,10000000,9999647,9999625,9999694,9999583,10000000,10000000,10000000,10000000,9999651,10000000,10000000,9999657,10000000,10000000,9999686,10000000,9999636,10000000,10000000,9999629,10000000,10000000,10000000,9999999,10000000,10000000,9999727,9999538,9999308,10000000,10000000,10000000,10000000,9999605,10000000,10000000,10000000,9999283,10000000,10000000,10000000,10000000,10000000,9999993,9999999,10000000,9999999,10000000,10000000
GTP::Cell_1::Mito_1,0,0,0,96,0,0,149,217,0,160,168,0,0,0,0,0,0,218,0,248,0,251,0,218,256,330,0,136,0,252,190,0,0,312,391,0,0,0,0,0,0,354,372,0,609,336,0,0,1,0,299,0,353,375,306,417,0,0,0,0,349,0,0,343,0,0,314,0,364,0,0,371,0,0,0,1,0,0,273,462,692,0,0,0,0,395,0,0,0,717,0,0,0,0,0,7,1,0,1,0,0
FADH2::Cell_1::Mito_1,0,114,525,1490,2963,4773,7076,9660,12387,15370,18708,21797,25436,28901,32559,36460,40323,44238,48226,52263,56432,60688,65047,69680,74223,78864,83406,88479,93434,98375,103483,108603,113566,119039,124189,129685,135078,140530,146036,151114,156998,163044,168616,174748,180643,186928,192667,199050,205309,211584,218215,224464,231108,237074,243788,250259,257132,263683,270297,277070,283738,290680,297413,304388,311186,317799,325054,331937,338922,345661,352859,359637,366578,373668,381059,387666,395078,402165,409872,416437,424193,431089,438464,445453,452792,459465,466877,474005,479933,484398,486135,490078,490949,487933,485902,484894,484194,483882,483683,483647,483647
FADH2_created::Cell_1::Mito_1,0,528,2663,7496,14697,23893,35050,47774,61991,76948,93152,109103,126862,144675,162953,181978,201451,221338,241270,261543,282346,303642,325383,347702,370551,393628,417540,442103,466650,491417,517061,542583,568250,594673,621581,649035,676326,703702,730960,758718,787842,817106,846566,876446,906211,936860,967069,998404,1028961,1061190,1093197,1125656,1156692,1188674,1222084,1254345,1287946,1321195,1354417,1388862,1421444,1455268,1489813,1524380,1559420,1592099,1627924,1662789,1696570,1731571,1767955,1802635,1837916,1873490,1910143,1944406,1980780,2016481,2053636,2088143,2125835,2161641,2199222,2235149,2271970,2307297,2343911,2381245,2414639,2444638,2467107,2495682,2515275,2520885,2522224,2522822,2523030,2523092,2523129,2523133,2523133
ADP_ATP_trans::Cell_1::Mito_1,2000,2000,2000,2000,2000,2000,2000,2000,2000,2000,2000,2000,2000,2000,2000,2000,2000,2000,2000,2000,2000,2000,2000,2000,2000,2000,2000,2000,2000,2000,2000,2000,2000,2000,2000,2000,2000,2000,2000,2000,2000,2000,2000,2000,2000,2000,2000,2000,2000,2000,2000,2000,2000,2000,2000,2000,2000,2000,2000,2000,2000,2000,2000,2000,2000,2000,2000,2000,2000,2000,2000,2000,2000,2000,2000,2000,2000,2000,2000,2000,2000,2000,2000,2000,2000,2000,2000,2000,2000,2000,2000,2000,2000,2000,2000,2000,2000,2000,2000,2000,2000
NADH_shuttle::Cell_1::Mito_1,2000,2000,2000,2000,2000,2000,2000,2000,2000,2000,2000,2000,2000,2000,2000,2000,2000,2000,2000,2000,2000,2000,2000,2000,2000,2000,2000,2000,2000,2000,2000,2000,2000,2000,2000,2000,2000,2000,2000,2000,2000,2000,2000,2000,2000,2000,2000,2000,2000,2000,2000,2000,2000,2000,2000,2000,2000,2000,2000,2000,2000,2000,2000,2000,2000,2000,2000,2000,2000,2000,2000,2000,2000,2000,2000,2000,2000,2000,2000,2000,2000,2000,2000,2000,2000,2000,2000,2000,2000,2000,2000,2000,2000,2000,2000,2000,2000,2000,2000,2000,2000
Pi_trans::Cell_1::Mito_1,2000,2000,2000,2000,2000,2000,2000,2000,2000,2000,2000,2000,2000,2000,2000,2000,2000,2000,2000,2000,2000,2000,2000,2000,2000,2000,2000,2000,2000,2000,2000,2000,2000,2000,2000,2000,2000,2000,2000,2000,2000,2000,2000,2000,2000,2000,2000,2000,2000,2000,2000,2000,2000,2000,2000,2000,2000,2000,2000,2000,2000,2000,2000,2000,2000,2000,2000,2000,2000,2000,2000,2000,2000,2000,2000,2000,2000,2000,2000,2000,2000,2000,2000,2000,2000,2000,2000,2000,2000,2000,2000,2000,2000,2000,2000,2000,2000,2000,2000,2000,2000
H2O::Cell_1::Mito_2,100000000000,100000001322,100000003428,100000007309,100000011944,100000019488,100000028972,100000038260,100000050020,100000061330,100000074784,100000088412,100000102336,100000117269,100000131840,100000146100,100000161712,100000178140,100000194684,100000210603,100000226564,100000245055,100000263039,100000280984,100000299876,100000318592,100000337752,100000356572,100000376444,100000396007,100000417360,100000438668,100000459454,100000481671,100000502452,100000524099,100000547529,100000569355,100000594111,100000615464,100000638421,100000661824,100000685996,100000709018,100000733504,100000759832,100000782660,100000807695,100000834785,100000859100,100000885480,100000910856,100000936324,100000961572,100000988965,100001013060,100001039391,100001066636,100001091914,100001119320,100001145828,100001175185,100001202084,100001229102,100001256452,100001284368,100001313140,100001339144,100001368424,100001396996,100001425640,100001451313,100001480980,100001510277,100001538612,100001569969,100001597104,100001626156,100001656992,100001684200,100001716425,100001743641,100001775056,100001806976,100001835808,100001870032,100001901960,100001932584,100001965930,100001995632,100002028364,100002061008,100002092016,100002123444,100002135612,100002141012,100002144948,100002147088,100002147232,100002147232,100002147232
OH-::Cell_1::Mito_2,1000,0,0,0,0,0,0,0,0,0,0,0,0,0,0,0,0,0,0,0,0,0,0,0,0,0,0,0,0,0,0,0,0,0,0,0,0,0,0,0,0,0,0,0,0,0,0,0,0,0,0,0,0,0,0,0,0,0,0,0,0,0,0,0,0,0,0,0,0,0,0,0,0,0,0,0,0,0,0,0,0,0,0,0,0,0,0,0,0,0,0,0,0,0,0,0,0,0,0,0,0
H+::Cell_1::Mito_2,1000,49,0,4,461,475,3,426,6,630,26,7,1,9,75,726,685,6,3,774,1435,910,688,953,454,8,230,461,3,1054,248,284,721,431,1130,857,1,926,5,1014,1127,1272,1015,1827,1429,3,1638,1887,2,327,8,555,2,867,14,1464,1190,77,1336,848,1353,2,3,180,351,344,16,1437,18,1,36,2156,1419,1136,1742,1,2016,1196,277,1742,554,1954,442,2,1731,9,251,1489,1069,1497,1595,15,0,4,7,5,16,26,0,0,0
O2::Cell_1::Mito_2,0,298938,553104,981400,1386030,1743456,2016554,2227978,2394468,2758928,3000098,3498912,3737046,4092900,4468906,4664752,5057988,5290548,5600994,5891852,6162386,6468252,6814324,7079482,7405028,7709066,7991676,8314766,8576496,8895306,9153790,9510346,9706346,9921884,10157928,10433238,10726860,11000686,11332848,11706798,12016352,12246064,12515118,12763544,12991918,13296986,13503670,13670614,14014870,14278182,14521864,14827974,15148636,15411436,15811612,16033894,16316508,16697256,16879734,17137954,17358680,17633420,17854776,18091964,18391950,18529438,18723548,18979914,19253886,19490576,19705830,19941388,20257516,20450706,20784918,21058804,21248798,21363980,21717544,22009460,22242972,22456188,22692266,22888876,23245708,23544996,23726910,23933056,24150412,24444810,24620050,24796646,25002080,25263464,25633926,26070200,26328048,26626854,26966776,27246776,27586576
O2_in::Cell_1::Mito_2,0,0,0,0,0,0,0,0,0,0,0,0,0,0,0,0,0,0,0,0,0,0,0,0,0,0,0,0,0,0,0,0,0,0,0,0,0,0,0,0,0,0,0,0,0,0,0,0,0,0,0,0,0,0,0,0,0,0,0,0,0,0,0,0,0,0,0,0,0,0,0,0,0,0,0,0,0,0,0,0,0,0,0,0,0,0,0,0,0,0,0,0,0,0,0,0,0,0,0,0,0
CO2::Cell_1::Mito_2,0,1819,11660,31004,56911,94715,139413,187796,244226,303750,368196,436487,506091,579009,653065,727806,805205,883926,966513,1049854,1133125,1222990,1312148,1403483,1494074,1586898,1682770,1777851,1875343,1978544,2081098,2186874,2293811,2401291,2508750,2616127,2725901,2837616,2949425,3060184,3177707,3295832,3413985,3534587,3653899,3777193,3901688,4024697,4149052,4277357,4404568,4527765,4659942,4789307,4920494,5051974,5180510,5311817,5443446,5579258,5712053,5852302,5983043,6120740,6254101,6392114,6534936,6675747,6817208,6956041,7097486,7240676,7380059,7524126,7666712,7808161,7960186,8100896,8244537,8392642,8534934,8681474,8819832,8959542,9099551,9231849,9361901,9486229,9624049,9766647,9908345,10046105,10137200,10201564,10217297,10223005,10226936,10228936,10229040,10229040,10229040
ATP::Cell_1::Mito_2,0,418,1044,1000,30,116,2494,58,2648,8,78,4232,1206,0,66,72,68,2928,6934,2972,46,3972,64,2,8,2126,136,1426,7556,66,90,3606,606,24,8,18,8460,46,228,78,72,1704,1998,184,98,5646,70,54,8470,3802,3804,14,5396,96,132,34,188,4616,74,94,80,20,10836,4,50,15418,28,54,10346,9336,7030,68,176,166,98,444,1378,80,84,260,4692,68,5626,136,188,256,4810,1316,32,10,150,1706,80,4,86,0,28,94,36,36,36
ATP_created::Cell_1::Mito_2,0,6018,39644,105400,191930,320416,473994,637058,830348,1030608,1251778,1484032,1720706,1968600,2220166,2472072,2735368,3005328,3286134,3566872,3847746,4155072,4458964,4768602,5078308,5395426,5720636,6043126,6376156,6723466,7074890,7434406,7796506,8162924,8525908,8891918,9268060,9644746,10028028,10401178,10800372,11201504,11604098,12011384,12418398,12842446,13260170,13677554,14106770,14541902,14975504,15392514,15843796,16280696,16729632,17171734,17609688,18059916,18503174,18966594,19416380,19897820,20342336,20809904,21262750,21732018,22218728,22692654,23178446,23650536,24131330,24610968,25087376,25578166,26060898,26547744,27057778,27538980,28030484,28529060,29016892,29510368,29985926,30462436,30932588,31388256,31829610,32248116,32718132,33201510,33682950,34156706,34466480,34685304,34738786,34758200,34771528,34778294,34778736,34778736,34778736
ADP::Cell_1::Mito_2,10000000,9999582,9998956,9999000,9999970,9999884,9997506,9999942,9997352,9999992,9999922,9995768,9998794,10000000,9999934,9999928,9999932,9997072,9993066,9997028,9999954,9996028,9999936,9999998,9999992,9997874,9999864,9998574,9992444,9999934,9999910,9996394,9999394,9999976,9999992,9999982,9991540,9999954,9999772,9999922,9999928,9998296,9998002,9999816,9999902,9994354,9999930,9999946,9991530,9996198,9996196,9999986,9994604,9999904,9999868,9999966,9999812,9995384,9999926,9999906,9999920,9999980,9989164,9999996,9999950,9984582,9999972,9999946,9989654,9990664,9992970,9999932,9999824,9999834,9999902,9999556,9998622,9999920,9999916,9999740,9995308,9999932,9994374,9999864,9999812,9999744,9995190,9998684,9999968,9999990,9999850,9998294,9999920,9999996,9999914,10000000,9999972,9999906,9999964,9999964,9999964
Pi::Cell_1::Mito_2,10000000,9993972,9960356,9894531,9808070,9679584,9526006,9362942,9169652,8969198,8748222,8515968,8279294,8031131,7779706,7527692,7264492,6994672,6713866,6432993,6151906,5844629,5540809,5231398,4921692,4604574,4279364,3956874,3623844,3276255,2925110,2565594,2203256,1836905,1473812,1107819,731591,355099,184201,199686,199727,198276,197766,177078,200302,194454,200330,194519,191653,186998,195960,200086,194704,200004,192167,200066,191253,196084,199688,172826,200020,200035,189264,200394,200350,185082,185572,189646,179754,191064,193670,200011,158424,194557,200002,194955,180970,200020,200016,188040,188367,199611,194474,200064,163036,191744,195790,200084,198514,200090,179362,198394,196020,200096,200014,200100,200072,200006,200064,200064,200064
NAD+::Cell_1::Mito_2,10000000,9800051,9853000,9799896,9798239,9797625,9797297,9796374,9795594,9794570,9794674,9793893,9793399,9792891,9791925,9790274,9789515,9789594,9788497,9787226,9784765,9784990,9784612,9783747,9782846,9782592,9727170,9464339,9185397,9080046,9063352,8842416,8583379,8352169,8328570,8223143,8154699,8032774,7848595,7846986,7800973,7410028,7282785,7208373,7175071,7027397,6923462,6913713,6655998,6650973,6650892,6445745,6330298,6328933,6329486,6327736,6063610,5870623,5721464,5508152,5300747,5088298,4860497,4437520,4190449,4056256,4012184,3892363,3657982,3534799,3251964,3193444,3040581,2909964,2584658,2405099,2065384,1866104,1760923,1666858,1531046,1529446,1074758,746198,519369,366291,358149,212511,201331,198703,201705,203485,0,96,93,1995,84,74,0,0,0
NADH::Cell_1::Mito_2,0,199949,147000,200104,201761,202375,202703,203626,204406,205430,205326,206107,206601,207109,208075,209726,210485,210406,211503,212774,215235,215010,215388,216253,217154,217408,272830,535661,814603,919954,936648,1157584,1416621,1647831,1671430,1776857,1845301,1967226,2151405,2153014,2199027,2589972,2717215,2791627,2824929,2972603,3076538,3086287,3344002,3349027,3349108,3554255,3669702,3671067,3670514,3672264,3936390,4129377,4278536,4491848,4699253,4911702,5139503,5562480,5809551,5943744,5987816,6107637,6342018,6465201,6748036,6806556,6959419,7090036,7415342,7594901,7934616,8133896,8239077,8333142,8468954,8470554,8925242,9253802,9480631,9633709,9641851,9787489,9798669,9801297,9798295,9796515,10000000,9999904,9999907,9998005,9999916,9999926,10000000,10000000,10000000
NADH_created::Cell_1::Mito_2,0,0,0,0,0,0,0,0,0,0,0,0,0,0,0,0,0,0,0,0,0,0,0,0,0,0,0,0,0,0,0,0,0,0,0,0,0,0,0,0,0,0,0,0,0,0,0,0,0,0,0,0,0,0,0,0,0,0,0,0,0,0,0,0,0,0,0,0,0,0,0,0,0,0,0,0,0,0,0,0,0,0,0,0,0,0,0,0,0,0,0,0,0,0,0,0,0,0,0,0,0
Pyruvate::Cell_1::Mito_2,0,0,0,0,0,0,0,0,0,0,0,0,0,0,0,0,0,0,0,0,0,0,0,0,0,0,0,0,0,0,0,0,0,0,0,0,0,0,0,0,0,0,0,0,0,0,0,0,0,0,0,0,0,0,0,0,0,0,0,0,0,0,0,0,0,0,0,0,0,0,0,0,0,0,0,0,0,0,0,0,0,0,0,0,0,0,0,0,0,0,0,0,0,0,0,0,0,0,0,0,0
Pyruvate_trans::Cell_1::Mito_2,50,50,50,50,50,50,50,50,50,50,50,50,50,50,50,50,50,50,50,50,50,50,50,50,50,50,50,50,50,50,50,50,50,50,50,50,50,50,50,50,50,50,50,50,50,50,50,50,50,50,50,50,50,50,50,50,50,50,50,50,50,50,50,50,50,50,50,50,50,50,50,50,50,50,50,50,50,50,50,50,50,50,50,50,50,50,50,50,50,50,50,50,50,50,50,50,50,50,50,50,50
Pyruvate-::Cell_1::Mito_2,0,0,23,16,16,25,127,152,117,216,179,156,158,231,192,228,44,37,43,67,74,75,267,46,107,209,52,91,280,261,297,66,288,88,69,229,74,115,88,303,325,74,373,132,146,374,372,341,367,85,348,152,371,170,115,130,394,332,421,431,456,108,390,369,455,573,197,154,485,478,189,408,292,470,272,217,253,627,573,628,440,519,537,782,1103,1283,1774,2309,1861,2654,2288,2970,8558,16507,43905,78026,112541,148317,186692,224432,262282
Pyruvate-_in::Cell_1::Mito_2,0,460,3010,7800,14330,23790,35050,47260,61310,76260,92360,109370,126770,145140,163600,182310,201610,221290,241960,262850,283590,306010,328460,351240,374080,397100,421100,444970,469400,495110,520900,547260,573980,600980,627840,654740,682300,710860,739440,767830,796950,826180,856180,885920,916200,947220,978260,1009060,1040330,1071690,1103920,1135820,1167860,1200310,1233150,1265690,1298040,1330810,1363900,1397650,1431500,1465720,1499510,1533680,1567770,1602620,1637810,1672630,1707790,1743080,1778450,1813910,1849560,1885580,1921720,1957760,1994750,2030660,2067270,2103860,2140670,2177090,2213460,2251220,2288290,2326250,2363910,2400960,2438660,2476640,2514790,2552600,2590540,2628500,2666600,2705340,2743210,2780800,2819270,2857010,2894860
CoA-SH::Cell_1::Mito_2,10000000,9999993,9999904,9999956,9999885,9999885,9999907,9999788,9999818,9999858,9999824,9999877,9999881,9999791,9999811,9999826,9999647,9999638,9999615,9999574,9999687,9999750,9999792,9999569,9999394,9999778,9999526,9999445,9999621,9999716,9999562,9999366,9999681,9999241,9999222,9999361,9998999,9998212,9997339,9996692,9997069,9997136,9996919,9997145,9996561,9996603,9996712,9996607,9996400,9996979,9996760,9995031,9996662,9996249,9996118,9996578,9996642,9996635,9996510,9996794,9995959,9996618,9995521,9995832,9994947,9994642,9994828,9995281,9995996,9995211,9994814,9995556,9994329,9994562,9993640,9992663,9994066,9993588,9992583,9993238,9991338,9991730,9989380,9985930,9983601,9977327,9971119,9963875,9958951,9956901,9952779,9949195,9936424,9917864,9908839,9904583,9901420,9899668,9899576,9899576,9899576
Acetyl_CoA::Cell_1::Mito_2,0,7,96,44,115,115,93,212,182,142,176,123,119,209,189,174,353,362,385,426,313,250,208,431,606,222,474,555,379,284,438,634,319,759,778,639,1001,1788,2661,3308,2931,2864,3081,2855,3439,3397,3288,3393,3600,3021,3240,4969,3338,3751,3882,3422,3358,3365,3490,3206,4041,3382,4479,4168,5053,5358,5172,4719,4004,4789,5186,4444,5671,5438,6360,7337,5934,6412,7417,6762,8662,8270,10620,14070,16399,22673,28881,36125,41049,43099,47221,50805,63576,82136,91161,95417,98580,100332,100424,100424,100424
FAD::Cell_1::Mito_2,10000000,9999901,9999441,9998460,9997091,9995198,9993052,9990578,9987833,9984722,9981629,9978205,9974725,9971100,9967379,9963508,9959691,9955893,9951770,9947459,9943135,9938731,9934307,9929743,9925357,9920709,9915934,9911154,9906327,9900933,9896005,9890758,9885245,9880039,9874531,9869182,9863955,9858381,9853193,9847615,9841622,9835670,9829868,9823619,9817879,9811989,9805410,9799236,9793447,9786822,9780580,9774743,9767837,9761299,9754943,9747964,9741576,9735235,9728433,9721669,9715137,9708230,9701967,9694969,9688488,9681665,9674543,9667105,9660137,9653395,9646415,9638646,9632131,9624926,9617906,9611426,9603071,9596319,9589572,9581710,9575308,9567603,9561575,9555540,9548776,9544074,9539075,9534422,9528846,9522143,9516069,9510393,9509034,9510455,9511924,9512703,9513295,9513631,9513654,9513654,9513654
GDP::Cell_1::Mito_2,10000000,9999990,10000000,9999931,10000000,10000000,10000000,10000000,10000000,9999806,10000000,10000000,10000000,9999731,9999872,9999764,9999860,10000000,10000000,9999865,9999652,9999701,9999773,10000000,10000000,10000000,10000000,10000000,10000000,9999721,10000000,10000000,9999762,9999829,9999720,9999737,9999651,9999845,9999429,9999664,9999699,9999680,9999664,9999562,10000000,10000000,10000000,9999373,9999623,10000000,9999664,10000000,10000000,10000000,9999999,10000000,9999641,10000000,9999662,9999720,10000000,9999655,10000000,9999998,10000000,10000000,10000000,10000000,10000000,10000000,10000000,9999679,10000000,9999623,10000000,9999999,9999448,10000000,10000000,10000000,9999559,9999579,10000000,10000000,9999424,10000000,10000000,10000000,9999646,10000000,9999612,10000000,10000000,10000000,10000000,10000000,10000000,10000000,10000000,10000000,10000000
GTP::Cell_1::Mito_2,0,10,0,69,0,0,0,0,0,194,0,0,0,269,128,236,140,0,0,135,348,299,227,0,0,0,0,0,0,279,0,0,238,171,280,263,349,155,571,336,301,320,336,438,0,0,0,627,377,0,336,0,0,0,1,0,359,0,338,280,0,345,0,2,0,0,0,0,0,0,0,321,0,377,0,1,552,0,0,0,441,421,0,0,576,0,0,0,354,0,388,0,0,0,0,0,0,0,0,0,0
FADH2::Cell_1::Mito_2,0,99,559,1540,2909,4802,6948,9422,12167,15278,18371,21795,25275,28900,32621,36492,40309,44107,48230,52541,56865,61269,65693,70257,74643,79291,84066,88846,93673,99067,103995,109242,114755,119961,125469,130818,136045,141619,146807,152385,158378,164330,170132,176381,182121,188011,194590,200764,206553,213178,219420,225257,232163,238701,245057,252036,258424,264765,271567,278331,284863,291770,298033,305031,311512,318335,325457,332895,339863,346605,353585,361354,367869,375074,382094,388574,396929,403681,410428,418290,424692,432397,438425,444460,451224,455926,460925,465578,471154,477857,483931,489607,490966,489545,488076,487297,486705,486369,486346,486346,486346
FADH2_created::Cell_1::Mito_2,0,453,2891,7740,14199,23650,34830,46896,61011,75902,92005,109091,126493,144700,163219,181908,201213,220891,241532,262357,283203,305685,327985,350763,373367,396669,420574,444324,468741,494565,520165,546560,573373,600133,626993,653872,681225,708957,736691,764219,793694,823242,852726,882933,912615,943449,974600,1005326,1036363,1068584,1100332,1130699,1164151,1196389,1229153,1262138,1294288,1327113,1359989,1394013,1427003,1462230,1494641,1529143,1562262,1596689,1632441,1667757,1703301,1737813,1773075,1809058,1843597,1879672,1915088,1950206,1988563,2023621,2059280,2096470,2131568,2168301,2202303,2236368,2270788,2302294,2333255,2362526,2395750,2430887,2465281,2498825,2518406,2529857,2531534,2531897,2532089,2532151,2532154,2532154,2532154
ADP_ATP_trans::Cell_1::Mito_2,2000,2000,2000,2000,2000,2000,2000,2000,2000,2000,2000,2000,2000,2000,2000,2000,2000,2000,2000,2000,2000,2000,2000,2000,2000,2000,2000,2000,2000,2000,2000,2000,2000,2000,2000,2000,2000,2000,2000,2000,2000,2000,2000,2000,2000,2000,2000,2000,2000,2000,2000,2000,2000,2000,2000,2000,2000,2000,2000,2000,2000,2000,2000,2000,2000,2000,2000,2000,2000,2000,2000,2000,2000,2000,2000,2000,2000,2000,2000,2000,2000,2000,2000,2000,2000,2000,2000,2000,2000,2000,2000,2000,2000,2000,2000,2000,2000,2000,2000,2000,2000
NADH_shuttle::Cell_1::Mito_2,2000,2000,2000,2000,2000,2000,2000,2000,2000,2000,2000,2000,2000,2000,2000,2000,2000,2000,2000,2000,2000,2000,2000,2000,2000,2000,2000,2000,2000,2000,2000,2000,2000,2000,2000,2000,2000,2000,2000,2000,2000,2000,2000,2000,2000,2000,2000,2000,2000,2000,2000,2000,2000,2000,2000,2000,2000,2000,2000,2000,2000,2000,2000,2000,2000,2000,2000,2000,2000,2000,2000,2000,2000,2000,2000,2000,2000,2000,2000,2000,2000,2000,2000,2000,2000,2000,2000,2000,2000,2000,2000,2000,2000,2000,2000,2000,2000,2000,2000,2000,2000
Pi_trans::Cell_1::Mito_2,2000,2000,2000,2000,2000,2000,2000,2000,2000,2000,2000,2000,2000,2000,2000,2000,2000,2000,2000,2000,2000,2000,2000,2000,2000,2000,2000,2000,2000,2000,2000,2000,2000,2000,2000,2000,2000,2000,2000,2000,2000,2000,2000,2000,2000,2000,2000,2000,2000,2000,2000,2000,2000,2000,2000,2000,2000,2000,2000,2000,2000,2000,2000,2000,2000,2000,2000,2000,2000,2000,2000,2000,2000,2000,2000,2000,2000,2000,2000,2000,2000,2000,2000,2000,2000,2000,2000,2000,2000,2000,2000,2000,2000,2000,2000,2000,2000,2000,2000,2000,2000
H2O::Cell_1::Mito_3,100000000000,100000001395,100000003432,100000006727,100000011791,100000019116,100000027651,100000038576,100000049596,100000061728,100000074588,100000087660,100000100832,100000116295,100000130376,100000144240,100000161396,100000176540,100000191360,100000208952,100000226388,100000243112,100000261888,100000279892,100000298420,100000316305,100000335904,100000354258,100000374643,100000393752,100000414856,100000435096,100000455376,100000477443,100000498844,100000518806,100000540768,100000563823,100000588449,100000609300,100000632704,100000657556,100000680178,100000704116,100000729356,100000753716,100000775892,100000803723,100000828224,100000851754,100000877597,100000904713,100000929860,100000954062,100000981716,100001006888,100001033249,100001058180,100001088200,100001114628,100001141716,100001167538,100001194289,100001222213,100001252081,100001277816,100001307315,100001332194,100001363220,100001390924,100001418376,100001449441,100001474716,100001505804,100001533560,100001561975,100001593500,100001622464,100001647870,100001680004,100001708189,100001740692,100001770352,100001800276,100001829002,100001856852,100001890111,100001919347,100001950404,100001981028,100002014876,100002050552,100002085456,100002111492,100002123397,100002130896,100002136976,100002138812,100002139672,100002139672,100002139672
OH-::Cell_1::Mito_3,1000,1,0,0,0,0,0,0,0,0,0,0,0,0,0,0,0,0,0,0,0,0,0,0,0,0,0,0,0,0,0,0,0,0,0,0,0,0,0,0,0,0,0,0,0,0,0,0,0,0,0,0,0,0,0,0,0,0,0,0,0,0,0,0,0,0,0,0,0,0,0,0,0,0,0,0,0,0,0,0,0,0,0,0,0,0,0,0,0,0,0,0,0,0,0,0,0,0,0,0,0
H+::Cell_1::Mito_3,1000,69,38,217,53,49,688,9,306,15,6,231,594,5,3,1185,7,4,1109,748,6,672,4,6,4,788,3,661,401,921,450,428,723,6,6,1620,1211,1003,3,1390,1227,24,1069,1018,5,305,1705,8,9,1462,1291,3,4,2181,10,1596,1554,2138,1,1,8,1692,2223,1915,502,1696,296,2753,388,532,1703,6,1940,1417,1277,2322,13,510,3676,1933,2094,269,15,1,1640,2627,1537,2078,972,1570,1147,5,19,0,144,4,13,19,0,0,0
O2::Cell_1::Mito_3,0,378666,771962,1081894,1347076,1584506,1797612,2206770,2633374,2978214,3239330,3440058,3679426,4035088,4331352,4586206,4739932,5172630,5444408,5693130,5982804,6250426,6416244,6821278,7065974,7430406,7752480,7995730,8196496,8356374,8635590,8895170,9132856,9470278,9784852,10121438,10456318,10889688,11124628,11316090,11625154,11856294,12105694,12291912,12599876,12947264,13174690,13438608,13703690,14068914,14512580,14675426,14919000,15121404,15422118,15607374,15828104,16069684,16288380,16486752,16764644,17066132,17362834,17660236,17898118,18174772,18529552,18786954,19002834,19259354,19456276,19850726,20045366,20199870,20572812,20751084,21018880,21313438,21505970,21920004,22209692,22523078,22671918,22883316,23057718,23268024,23681690,23851886,24084282,24299450,24625448,24982826,25227362,25501596,25793720,25989284,26265894,26484974,26824600,27184500,27524500
O2_in::Cell_1::Mito_3,0,0,0,0,0,0,0,0,0,0,0,0,0,0,0,0,0,0,0,0,0,0,0,0,0,0,0,0,0,0,0,0,0,0,0,0,0,0,0,0,0,0,0,0,0,0,0,0,0,0,0,0,0,0,0,0,0,0,0,0,0,0,0,0,0,0,0,0,0,0,0,0,0,0,0,0,0,0,0,0,0,0,0,0,0,0,0,0,0,0,0,0,0,0,0,0,0,0,0,0,0
CO2::Cell_1::Mito_3,0,1958,12268,29227,53593,90539,135668,186559,243016,301825,366956,432801,500884,573525,646083,722175,798787,876954,957429,1042198,1124666,1212962,1302764,1393376,1485714,1578778,1672703,1768111,1866741,1967631,2068800,2169978,2273963,2377876,2486586,2593390,2701181,2811523,2918623,3033740,3151137,3264534,3383579,3506498,3625545,3746365,3869055,3994328,4119359,4245272,4371991,4499293,4626004,4757341,4887980,5014306,5146214,5277498,5410701,5546581,5683768,5815972,5955833,6092855,6228472,6369076,6509876,6650163,6788498,6927442,7067243,7207796,7352330,7494467,7639757,7776682,7927713,8071280,8220226,8361093,8511774,8654139,8805985,8954141,9098610,9249587,9392387,9543268,9688002,9830320,9954067,10057295,10149749,10192840,10205944,10213364,10219023,10220729,10221500,10221500,10221500
ATP::Cell_1::Mito_3,0,326,82,34,36,66,32,70,1014,4354,130,2038,86,4668,5172,66,5652,4830,88,3830,5944,186,84,58,1514,2366,80,30,2356,114,90,70,16,3658,72,2818,98,68,4708,90,394,5234,34,10032,136,104,190,11188,8990,2254,280,9186,0,44,7498,14,44,24,80,72,18584,4152,174,96,9198,192,7272,94,74,94,436,86,126,70,32,124,12480,18,70,44,12,558,198,11876,98,64,1690,2746,102,50,5028,7786,282,56,20,124,34,14,0,0,0
ATP_created::Cell_1::Mito_3,0,6426,41582,98634,182036,307666,458932,634270,825214,1026154,1247630,1470738,1700986,1949968,2196672,2451366,2715852,2981630,3251488,3540930,3823844,4121786,4429384,4737458,5051414,5365166,5687180,6009330,6345556,6686814,7032390,7376470,7729016,8084758,8454372,8812018,9179898,9555768,9923308,10309990,10709694,11099334,11500534,11918632,12326836,12736604,13148990,13580688,14005790,14428954,14860380,15297586,15728400,16167544,16619098,17043214,17491844,17936224,18396380,18858372,19324784,19768552,20242274,20709196,21175098,21649092,22132572,22601194,23079574,23551494,24022836,24506486,24991326,25476370,25970832,26432824,26954180,27440618,27936270,28421144,28932912,29423158,29940298,30444076,30929698,31439664,31928890,32440046,32935902,33417750,33839928,34194786,34509082,34655656,34699720,34725424,34744634,34750414,34753100,34753100,34753100
ADP::Cell_1::Mito_3,10000000,9999674,9999918,9999966,9999964,9999934,9999968,9999930,9998986,9995646,9999870,9997962,9999914,9995332,9994828,9999934,9994348,9995170,9999912,9996170,9994056,9999814,9999916,9999942,9998486,9997634,9999920,9999970,9997644,9999886,9999910,9999930,9999984,9996342,9999928,9997182,9999902,9999932,9995292,9999910,9999606,9994766,9999966,9989968,9999864,9999896,9999810,9988812,9991010,9997746,9999720,9990814,10000000,9999956,9992502,9999986,9999956,9999976,9999920,9999928,9981416,9995848,9999826,9999904,9990802,9999808,9992728,9999906,9999926,9999906,9999564,9999914,9999874,9999930,9999968,9999876,9987520,9999982,9999930,9999956,9999988,9999442,9999802,9988124,9999902,9999936,9998310,9997254,9999898,9999950,9994972,9992214,9999718,9999944,9999980,9999876,9999966,9999986,10000000,10000000,10000000
Pi::Cell_1::Mito_3,10000000,9993574,9958410,9901307,9817881,9692334,9540885,9365574,9174786,8973846,8752370,8529262,8298818,8049689,7803328,7548634,7283896,7018370,6748512,6458822,6176156,5878214,5570616,5262542,4948454,4634573,4312820,3990456,3654249,3313186,2967610,2623530,2270984,1914995,1545628,1187620,820102,443921,195335,200410,200006,179466,192512,190368,200064,200096,191210,182661,191410,197524,199687,190585,200000,187046,161802,200386,188703,181276,192920,190928,182416,195546,188377,186867,190861,192908,200013,200004,153826,200006,200064,192573,188674,195758,200068,200017,200420,200082,199672,191656,195011,200042,201102,162324,199344,200036,198399,196663,174474,194050,194892,192414,199918,199944,199435,199976,200066,200086,200000,200000,200000
NAD+::Cell_1::Mito_3,10000000,9948732,9799962,9799783,9799447,9798951,9797612,9797291,9796594,9796485,9795294,9794069,9793606,9792995,9792097,9790115,9790793,9790296,9788591,9787652,9787394,9785528,9785396,9784494,9783596,9757712,9495597,9369939,9316099,9103779,9103650,8932472,8640577,8573794,8230194,8138780,7946689,7895297,7815897,7621410,7507173,7428376,7320931,7113782,6974195,6835695,6537895,6283592,6171891,5894238,5677709,5586297,5371396,5257019,5017690,4730304,4513446,4367362,4369299,4018799,3861992,3768408,3767777,3738185,3618898,3377504,3224704,3130347,3100412,2900168,2762797,2587294,2565560,2356083,2160523,2089978,1947887,1931990,1919424,1892267,1537106,1444831,1437185,1436599,1341860,1235673,1036663,938322,809928,595730,200953,13295,4281,100,56,96,87,81,0,0,0
NADH::Cell_1::Mito_3,0,51268,200038,200217,200553,201049,202388,202709,203406,203515,204706,205931,206394,207005,207903,209885,209207,209704,211409,212348,212606,214472,214604,215506,216404,242288,504403,630061,683901,896221,896350,1067528,1359423,1426206,1769806,1861220,2053311,2104703,2184103,2378590,2492827,2571624,2679069,2886218,3025805,3164305,3462105,3716408,3828109,4105762,4322291,4413703,4628604,4742981,4982310,5269696,5486554,5632638,5630701,5981201,6138008,6231592,6232223,6261815,6381102,6622496,6775296,6869653,6899588,7099832,7237203,7412706,7434440,7643917,7839477,7910022,8052113,8068010,8080576,8107733,8462894,8555169,8562815,8563401,8658140,8764327,8963337,9061678,9190072,9404270,9799047,9986705,9995719,9999900,9999944,9999904,9999913,9999919,10000000,10000000,10000000
NADH_created::Cell_1::Mito_3,0,0,0,0,0,0,0,0,0,0,0,0,0,0,0,0,0,0,0,0,0,0,0,0,0,0,0,0,0,0,0,0,0,0,0,0,0,0,0,0,0,0,0,0,0,0,0,0,0,0,0,0,0,0,0,0,0,0,0,0,0,0,0,0,0,0,0,0,0,0,0,0,0,0,0,0,0,0,0,0,0,0,0,0,0,0,0,0,0,0,0,0,0,0,0,0,0,0,0,0,0
Pyruvate::Cell_1::Mito_3,0,0,0,0,0,0,0,0,0,0,0,0,0,0,0,0,0,0,0,0,0,0,0,0,0,0,0,0,0,0,0,0,0,0,0,0,0,0,0,0,0,0,0,0,0,0,0,0,0,0,0,0,0,0,0,0,0,0,0,0,0,0,0,0,0,0,0,0,0,0,0,0,0,0,0,0,0,0,0,0,0,0,0,0,0,0,0,0,0,0,0,0,0,0,0,0,0,0,0,0,0
Pyruvate_trans::Cell_1::Mito_3,50,50,50,50,50,50,50,50,50,50,50,50,50,50,50,50,50,50,50,50,50,50,50,50,50,50,50,50,50,50,50,50,50,50,50,50,50,50,50,50,50,50,50,50,50,50,50,50,50,50,50,50,50,50,50,50,50,50,50,50,50,50,50,50,50,50,50,50,50,50,50,50,50,50,50,50,50,50,50,50,50,50,50,50,50,50,50,50,50,50,50,50,50,50,50,50,50,50,50,50,50
Pyruvate-::Cell_1::Mito_3,0,16,41,11,62,125,33,181,76,58,188,37,20,69,237,56,57,236,209,239,77,215,274,218,189,310,349,301,69,194,103,105,291,60,223,130,56,281,66,300,74,158,122,297,314,82,371,161,348,133,411,120,161,94,356,137,168,201,189,410,169,178,211,399,221,234,536,397,166,334,171,295,554,199,445,555,222,355,485,258,689,695,534,588,665,708,408,651,865,724,1919,3792,6536,20507,48192,79788,112424,148141,185276,223506,260766
Pyruvate-_in::Cell_1::Mito_3,0,570,3120,7380,13500,22810,34070,46910,61100,75800,92080,108520,125370,143640,161880,180770,200050,219590,239720,260910,281590,303700,326220,348730,371730,395180,418800,442490,467190,492350,517780,543060,569120,595000,622270,649010,676090,704220,732250,761150,790070,819050,848560,879200,909140,939530,969980,1001230,1032710,1063800,1095970,1127590,1159410,1192130,1224700,1257420,1290110,1322760,1356660,1390290,1424090,1457900,1492350,1526840,1561500,1596280,1631290,1666060,1701030,1736000,1771460,1807080,1842820,1879170,1914990,1950700,1987380,2024040,2060700,2097360,2133710,2171120,2208160,2245460,2282660,2319920,2357480,2395090,2432350,2470190,2508480,2546690,2584870,2622660,2660680,2698550,2736320,2773590,2811430,2849660,2886920
CoA-SH::Cell_1::Mito_3,10000000,9999914,9999984,9999917,9999947,9999933,9999840,9999881,9999640,9999619,9999796,9999623,9999828,9999747,9999837,9999773,9999605,9999846,9999795,9999838,9999538,9999674,9999660,9999776,9999850,9999766,9999633,9999785,9999419,9999669,9999364,9999386,9999549,9999372,9999466,9999290,9999015,9998589,9996629,9996780,9997051,9996322,9996609,9996962,9996747,9996191,9996873,9996684,9996637,9996868,9996585,9996471,9996336,9996399,9996868,9995058,9995482,9995754,9994939,9995687,9996028,9995028,9995759,9995697,9994452,9994964,9995620,9995837,9995014,9994926,9994029,9993552,9994422,9992861,9993859,9992034,9993027,9992180,9993122,9990895,9993230,9990813,9991827,9991551,9990210,9990913,9988033,9988504,9987354,9984152,9975941,9961901,9945471,9928076,9918664,9912772,9907813,9906311,9905628,9905628,9905628
Acetyl_CoA::Cell_1::Mito_3,0,86,16,83,53,67,160,119,360,381,204,377,172,253,163,227,395,154,205,162,462,326,340,224,150,234,367,215,581,331,636,614,451,628,534,710,985,1411,3371,3220,2949,3678,3391,3038,3253,3809,3127,3316,3363,3132,3415,3529,3664,3601,3132,4942,4518,4246,5061,4313,3972,4972,4241,4303,5548,5036,4380,4163,4986,5074,5971,6448,5578,7139,6141,7966,6973,7820,6878,9105,6770,9187,8173,8449,9790,9087,11967,11496,12646,15848,24059,38099,54529,71924,81336,87228,92187,93689,94372,94372,94372
FAD::Cell_1::Mito_3,10000000,9999910,9999383,9998516,9997323,9995480,9993119,9990700,9987878,9985001,9981702,9978408,9974880,9971386,9967736,9963711,9960158,9956190,9951958,9947781,9943881,9939299,9934946,9930386,9925751,9920962,9916456,9911516,9906728,9901517,9896629,9891569,9886270,9881262,9875803,9870184,9864945,9859576,9854911,9848840,9842935,9837688,9831455,9825231,9819535,9813573,9806988,9801111,9794871,9788227,9781996,9775917,9769615,9762597,9756382,9750201,9743508,9736759,9730730,9723749,9716803,9710106,9702824,9696050,9689863,9682466,9675542,9667982,9661744,9654790,9647790,9641221,9633390,9626778,9619292,9612693,9605355,9598289,9589973,9583835,9575685,9569536,9561741,9554405,9547189,9539267,9533065,9525295,9518567,9512132,9508082,9506659,9506141,9508339,9510008,9511138,9512093,9512382,9512518,9512518,9512518
GDP::Cell_1::Mito_3,10000000,10000000,9999992,9999941,9999917,10000000,9999817,9999844,10000000,10000000,10000000,10000000,9999804,9999657,10000000,10000000,9999748,10000000,10000000,9999752,10000000,10000000,10000000,10000000,9999868,9999739,10000000,9999786,9999805,10000000,10000000,10000000,10000000,9999753,10000000,9999638,10000000,9999689,9999643,10000000,10000000,10000000,9999646,10000000,10000000,10000000,10000000,9999449,10000000,9999678,9999667,9999671,10000000,9999390,10000000,10000000,9999647,10000000,10000000,10000000,10000000,9999598,9999451,9999363,9999559,10000000,9999685,9999698,10000000,10000000,10000000,9999559,10000000,9999528,10000000,9999541,10000000,10000000,9999642,10000000,9999423,10000000,10000000,10000000,9999542,10000000,9999489,9999309,9999676,10000000,9999620,10000000,10000000,10000000,9999955,10000000,10000000,10000000,10000000,10000000,10000000
GTP::Cell_1::Mito_3,0,0,8,59,83,0,183,156,0,0,0,0,196,343,0,0,252,0,0,248,0,0,0,0,132,261,0,214,195,0,0,0,0,247,0,362,0,311,357,0,0,0,354,0,0,0,0,551,0,322,333,329,0,610,0,0,353,0,0,0,0,402,549,637,441,0,315,302,0,0,0,441,0,472,0,459,0,0,358,0,577,0,0,0,458,0,511,691,324,0,380,0,0,0,45,0,0,0,0,0,0
FADH2::Cell_1::Mito_3,0,90,617,1484,2677,4520,6881,9300,12122,14999,18298,21592,25120,28614,32264,36289,39842,43810,48042,52219,56119,60701,65054,69614,74249,79038,83544,88484,93272,98483,103371,108431,113730,118738,124197,129816,135055,140424,145089,151160,157065,162312,168545,174769,180465,186427,193012,198889,205129,211773,218004,224083,230385,237403,243618,249799,256492,263241,269270,276251,283197,289894,297176,303950,310137,317534,324458,332018,338256,345210,352210,358779,366610,373222,380708,387307,394645,401711,410027,416165,424315,430464,438259,445595,452811,460733,466935,474705,481433,487868,491918,493341,493859,491661,489992,488862,487907,487618,487482,487482,487482
FADH2_created::Cell_1::Mito_3,0,468,3063,7286,13385,22618,33877,46610,60664,75361,91688,108106,125178,143318,161480,180487,199598,219200,239306,260509,281051,303159,325606,348288,371391,394636,418084,441974,466540,491825,517041,542341,568378,594312,621513,648170,675049,702528,728813,757630,787047,815214,845047,875865,905573,935639,966482,997753,1028999,1060535,1092144,1123941,1155585,1188435,1221212,1252341,1285424,1318313,1351410,1385567,1419949,1452750,1487898,1522138,1555731,1591010,1626374,1661500,1695878,1730592,1765318,1800337,1836688,1871832,1908404,1942179,1980185,2015865,2053337,2087997,2126251,2161238,2199453,2236423,2272205,2310125,2345105,2382943,2418839,2453618,2482502,2504799,2523805,2530229,2531152,2531534,2531709,2531760,2531782,2531782,2531782
ADP_ATP_trans::Cell_1::Mito_3,2000,2000,2000,2000,2000,2000,2000,2000,2000,2000,2000,2000,2000,2000,2000,2000,2000,2000,2000,2000,2000,2000,2000,2000,2000,2000,2000,2000,2000,2000,2000,2000,2000,2000,2000,2000,2000,2000,2000,2000,2000,2000,2000,2000,2000,2000,2000,2000,2000,2000,2000,2000,2000,2000,2000,2000,2000,2000,2000,2000,2000,2000,2000,2000,2000,2000,2000,2000,2000,2000,2000,2000,2000,2000,2000,2000,2000,2000,2000,2000,2000,2000,2000,2000,2000,2000,2000,2000,2000,2000,2000,2000,2000,2000,2000,2000,2000,2000,2000,2000,2000
NADH_shuttle::Cell_1::Mito_3,2000,2000,2000,2000,2000,2000,2000,2000,2000,2000,2000,2000,2000,2000,2000,2000,2000,2000,2000,2000,2000,2000,2000,2000,2000,2000,2000,2000,2000,2000,2000,2000,2000,2000,2000,2000,2000,2000,2000,2000,2000,2000,2000,2000,2000,2000,2000,2000,2000,2000,2000,2000,2000,2000,2000,2000,2000,2000,2000,2000,2000,2000,2000,2000,2000,2000,2000,2000,2000,2000,2000,2000,2000,2000,2000,2000,2000,2000,2000,2000,2000,2000,2000,2000,2000,2000,2000,2000,2000,2000,2000,2000,2000,2000,2000,2000,2000,2000,2000,2000,2000
Pi_trans::Cell_1::Mito_3,2000,2000,2000,2000,2000,2000,2000,2000,2000,2000,2000,2000,2000,2000,2000,2000,2000,2000,2000,2000,2000,2000,2000,2000,2000,2000,2000,2000,2000,2000,2000,2000,2000,2000,2000,2000,2000,2000,2000,2000,2000,2000,2000,2000,2000,2000,2000,2000,2000,2000,2000,2000,2000,2000,2000,2000,2000,2000,2000,2000,2000,2000,2000,2000,2000,2000,2000,2000,2000,2000,2000,2000,2000,2000,2000,2000,2000,2000,2000,2000,2000,2000,2000,2000,2000,2000,2000,2000,2000,2000,2000,2000,2000,2000,2000,2000,2000,2000,2000,2000,2000
