Time\ number,r2_2_100:=Cell_1,r1_1_200:=Cell_1,Time\ Probability,r2_2_100:=Cell_1,r1_1_200:=Cell_1
0,0,0.0,0,0.4736842105263158,0.999000999000999
100,16,200.0,100,0.4736842105263158,0.999000999000999
200,21,200.0,200,0.4736842105263158,0.999000999000999
300,25,200.0,300,0.4736842105263158,0.999000999000999
400,19,200.0,400,0.4736842105263158,0.999000999000999
500,21,200.0,500,0.4736842105263158,0.999000999000999
600,19,201.0,600,0.4736842105263158,0.999000999000999
700,22,200.0,700,0.4736842105263158,0.999000999000999
800,17,200.0,800,0.4736842105263158,0.999000999000999
900,21,200.0,900,0.4736842105263158,0.999000999000999
1000,19,200.0,1000,0.4736842105263158,0.999000999000999
1100,23,201.0,1100,0.4736842105263158,0.999000999000999
1200,20,200.0,1200,0.4736842105263158,0.999000999000999
1300,20,200.0,1300,0.4736842105263158,0.999000999000999
1400,22,200.0,1400,0.4736842105263158,0.999000999000999
1500,18,200.0,1500,0.4736842105263158,0.999000999000999
1600,24,200.0,1600,0.4736842105263158,0.999000999000999
1700,24,200.0,1700,0.4736842105263158,0.999000999000999
1800,21,200.0,1800,0.4736842105263158,0.999000999000999
1900,22,200.0,1900,0.4736842105263158,0.999000999000999
2000,24,200.0,2000,0.4736842105263158,0.999000999000999
2100,19,200.0,2100,0.4736842105263158,0.999000999000999
2200,21,200.0,2200,0.4736842105263158,0.999000999000999
2300,22,200.0,2300,0.4736842105263158,0.999000999000999
2400,25,201.0,2400,0.4736842105263158,0.999000999000999
2500,23,200.0,2500,0.4736842105263158,0.999000999000999
2600,19,200.0,2600,0.4736842105263158,0.999000999000999
2700,27,200.0,2700,0.4736842105263158,0.999000999000999
2800,17,200.0,2800,0.4736842105263158,0.999000999000999
2900,20,200.0,2900,0.4736842105263158,0.999000999000999
3000,20,200.0,3000,0.4736842105263158,0.999000999000999
3100,26,200.0,3100,0.4736842105263158,0.999000999000999
3200,22,200.0,3200,0.4736842105263158,0.999000999000999
3300,21,200.0,3300,0.4736842105263158,0.999000999000999
3400,20,201.0,3400,0.4736842105263158,0.999000999000999
3500,21,200.0,3500,0.4736842105263158,0.999000999000999
3600,19,200.0,3600,0.4736842105263158,0.999000999000999
3700,17,200.0,3700,0.4736842105263158,0.999000999000999
3800,23,200.0,3800,0.4736842105263158,0.999000999000999
3900,19,200.0,3900,0.4736842105263158,0.999000999000999
4000,23,201.0,4000,0.4736842105263158,0.999000999000999
4100,20,200.0,4100,0.4736842105263158,0.999000999000999
4200,24,200.0,4200,0.4736842105263158,0.999000999000999
4300,23,200.0,4300,0.4736842105263158,0.999000999000999
4400,22,200.0,4400,0.4736842105263158,0.999000999000999
4500,19,201.0,4500,0.4736842105263158,0.999000999000999
4600,21,200.0,4600,0.4736842105263158,0.999000999000999
4700,23,200.0,4700,0.4736842105263158,0.999000999000999
4800,16,202.0,4800,0.4736842105263158,0.999000999000999
4900,15,200.0,4900,0.4736842105263158,0.999000999000999
5000,18,200.0,5000,0.4736842105263158,0.999000999000999
5100,28,200.0,5100,0.4736842105263158,0.999000999000999
5200,24,200.0,5200,0.4736842105263158,0.999000999000999
5300,20,200.0,5300,0.4736842105263158,0.999000999000999
5400,20,200.0,5400,0.4736842105263158,0.999000999000999
5500,18,200.0,5500,0.4736842105263158,0.999000999000999
5600,21,200.0,5600,0.4736842105263158,0.999000999000999
5700,27,200.0,5700,0.4736842105263158,0.999000999000999
5800,19,200.0,5800,0.4736842105263158,0.999000999000999
5900,24,201.0,5900,0.4736842105263158,0.999000999000999
6000,17,200.0,6000,0.4736842105263158,0.999000999000999
6100,19,200.0,6100,0.4736842105263158,0.999000999000999
6200,20,200.0,6200,0.4736842105263158,0.999000999000999
6300,17,201.0,6300,0.4736842105263158,0.999000999000999
6400,17,201.0,6400,0.4736842105263158,0.999000999000999
6500,17,200.0,6500,0.4736842105263158,0.999000999000999
6600,21,201.0,6600,0.4736842105263158,0.999000999000999
6700,24,200.0,6700,0.4736842105263158,0.999000999000999
6800,22,200.0,6800,0.4736842105263158,0.999000999000999
6900,22,200.0,6900,0.4736842105263158,0.999000999000999
7000,19,200.0,7000,0.4736842105263158,0.999000999000999
7100,21,200.0,7100,0.4736842105263158,0.999000999000999
7200,24,200.0,7200,0.4736842105263158,0.999000999000999
7300,20,201.0,7300,0.4736842105263158,0.999000999000999
7400,18,200.0,7400,0.4736842105263158,0.999000999000999
7500,23,200.0,7500,0.4736842105263158,0.999000999000999
7600,22,200.0,7600,0.4736842105263158,0.999000999000999
7700,19,200.0,7700,0.4736842105263158,0.999000999000999
7800,24,200.0,7800,0.4736842105263158,0.999000999000999
7900,23,200.0,7900,0.4736842105263158,0.999000999000999
8000,21,200.0,8000,0.4736842105263158,0.999000999000999
8100,25,202.0,8100,0.4736842105263158,0.999000999000999
8200,20,200.0,8200,0.4736842105263158,0.999000999000999
8300,16,200.0,8300,0.4736842105263158,0.999000999000999
8400,26,200.0,8400,0.4736842105263158,0.999000999000999
8500,19,200.0,8500,0.4736842105263158,0.999000999000999
8600,19,200.0,8600,0.4736842105263158,0.999000999000999
8700,19,200.0,8700,0.4736842105263158,0.999000999000999
8800,22,200.0,8800,0.4736842105263158,0.999000999000999
8900,20,201.0,8900,0.4736842105263158,0.999000999000999
9000,19,200.0,9000,0.4736842105263158,0.999000999000999
9100,20,200.0,9100,0.4736842105263158,0.999000999000999
9200,20,200.0,9200,0.4736842105263158,0.999000999000999
9300,20,200.0,9300,0.4736842105263158,0.999000999000999
9400,19,201.0,9400,0.4736842105263158,0.999000999000999
9500,21,200.0,9500,0.4736842105263158,0.999000999000999
9600,26,200.0,9600,0.4736842105263158,0.999000999000999
9700,19,200.0,9700,0.4736842105263158,0.999000999000999
9800,16,200.0,9800,0.4736842105263158,0.999000999000999
9900,22,200.0,9900,0.4736842105263158,0.999000999000999
10000,21,200.0,10000,0.4736842105263158,0.999000999000999
10100,23,200.0,10100,0.4736842105263158,0.999000999000999
10200,20,200.0,10200,0.4736842105263158,0.999000999000999
10300,23,200.0,10300,0.4736842105263158,0.999000999000999
10400,25,200.0,10400,0.4736842105263158,0.999000999000999
10500,23,201.0,10500,0.4736842105263158,0.999000999000999
10600,22,200.0,10600,0.4736842105263158,0.999000999000999
10700,17,200.0,10700,0.4736842105263158,0.999000999000999
10800,18,200.0,10800,0.4736842105263158,0.999000999000999
10900,21,200.0,10900,0.4736842105263158,0.999000999000999
11000,19,200.0,11000,0.4736842105263158,0.999000999000999
11100,27,200.0,11100,0.4736842105263158,0.999000999000999
11200,22,200.0,11200,0.4736842105263158,0.999000999000999
11300,22,201.0,11300,0.4736842105263158,0.999000999000999
11400,19,200.0,11400,0.4736842105263158,0.999000999000999
11500,20,200.0,11500,0.4736842105263158,0.999000999000999
11600,19,200.0,11600,0.4736842105263158,0.999000999000999
11700,20,200.0,11700,0.4736842105263158,0.999000999000999
11800,22,200.0,11800,0.4736842105263158,0.999000999000999
11900,17,200.0,11900,0.4736842105263158,0.999000999000999
12000,20,200.0,12000,0.4736842105263158,0.999000999000999
12100,20,200.0,12100,0.4736842105263158,0.999000999000999
12200,22,200.0,12200,0.4736842105263158,0.999000999000999
12300,27,201.0,12300,0.4736842105263158,0.999000999000999
12400,22,200.0,12400,0.4736842105263158,0.999000999000999
12500,25,200.0,12500,0.4736842105263158,0.999000999000999
12600,23,200.0,12600,0.4736842105263158,0.999000999000999
12700,20,200.0,12700,0.4736842105263158,0.999000999000999
12800,21,201.0,12800,0.4736842105263158,0.999000999000999
12900,21,200.0,12900,0.4736842105263158,0.999000999000999
13000,18,200.0,13000,0.4736842105263158,0.999000999000999
13100,20,200.0,13100,0.4736842105263158,0.999000999000999
13200,19,200.0,13200,0.4736842105263158,0.999000999000999
13300,21,200.0,13300,0.4736842105263158,0.999000999000999
13400,22,200.0,13400,0.4736842105263158,0.999000999000999
13500,20,200.0,13500,0.4736842105263158,0.999000999000999
13600,18,200.0,13600,0.4736842105263158,0.999000999000999
13700,21,200.0,13700,0.4736842105263158,0.999000999000999
13800,24,201.0,13800,0.4736842105263158,0.999000999000999
13900,21,200.0,13900,0.4736842105263158,0.999000999000999
14000,20,200.0,14000,0.4736842105263158,0.999000999000999
14100,20,200.0,14100,0.4736842105263158,0.999000999000999
14200,25,201.0,14200,0.4736842105263158,0.999000999000999
14300,21,200.0,14300,0.4736842105263158,0.999000999000999
14400,19,200.0,14400,0.4736842105263158,0.999000999000999
14500,22,200.0,14500,0.4736842105263158,0.999000999000999
14600,13,200.0,14600,0.4736842105263158,0.999000999000999
14700,21,200.0,14700,0.4736842105263158,0.999000999000999
14800,25,200.0,14800,0.4736842105263158,0.999000999000999
14900,22,200.0,14900,0.4736842105263158,0.999000999000999
15000,21,200.0,15000,0.4736842105263158,0.999000999000999
15100,19,200.0,15100,0.4736842105263158,0.999000999000999
15200,25,200.0,15200,0.4736842105263158,0.999000999000999
15300,18,200.0,15300,0.4736842105263158,0.999000999000999
15400,20,201.0,15400,0.4736842105263158,0.999000999000999
15500,18,200.0,15500,0.4736842105263158,0.999000999000999
15600,21,200.0,15600,0.4736842105263158,0.999000999000999
15700,21,200.0,15700,0.4736842105263158,0.999000999000999
15800,18,200.0,15800,0.4736842105263158,0.999000999000999
15900,20,200.0,15900,0.4736842105263158,0.999000999000999
16000,23,201.0,16000,0.4736842105263158,0.999000999000999
16100,21,200.0,16100,0.4736842105263158,0.999000999000999
16200,21,201.0,16200,0.4736842105263158,0.999000999000999
16300,19,200.0,16300,0.4736842105263158,0.999000999000999
16400,23,200.0,16400,0.4736842105263158,0.999000999000999
16500,22,201.0,16500,0.4736842105263158,0.999000999000999
16600,29,200.0,16600,0.4736842105263158,0.999000999000999
16700,20,201.0,16700,0.4736842105263158,0.999000999000999
16800,17,200.0,16800,0.4736842105263158,0.999000999000999
16900,17,201.0,16900,0.4736842105263158,0.999000999000999
17000,20,200.0,17000,0.4736842105263158,0.999000999000999
17100,18,200.0,17100,0.4736842105263158,0.999000999000999
17200,24,200.0,17200,0.4736842105263158,0.999000999000999
17300,25,200.0,17300,0.4736842105263158,0.999000999000999
17400,24,201.0,17400,0.4736842105263158,0.999000999000999
17500,25,200.0,17500,0.4736842105263158,0.999000999000999
17600,24,201.0,17600,0.4736842105263158,0.999000999000999
17700,21,200.0,17700,0.4736842105263158,0.999000999000999
17800,19,200.0,17800,0.4736842105263158,0.999000999000999
17900,15,200.0,17900,0.4736842105263158,0.999000999000999
18000,18,200.0,18000,0.4736842105263158,0.999000999000999
18100,21,200.0,18100,0.4736842105263158,0.999000999000999
18200,22,200.0,18200,0.4736842105263158,0.999000999000999
18300,22,201.0,18300,0.4736842105263158,0.999000999000999
18400,20,200.0,18400,0.4736842105263158,0.999000999000999
18500,22,200.0,18500,0.4736842105263158,0.999000999000999
18600,22,200.0,18600,0.4736842105263158,0.999000999000999
18700,24,200.0,18700,0.4736842105263158,0.999000999000999
18800,20,200.0,18800,0.4736842105263158,0.999000999000999
18900,20,202.0,18900,0.4736842105263158,0.999000999000999
19000,20,200.0,19000,0.4736842105263158,0.999000999000999
19100,20,201.0,19100,0.4736842105263158,0.999000999000999
19200,24,200.0,19200,0.4736842105263158,0.999000999000999
19300,22,200.0,19300,0.4736842105263158,0.999000999000999
19400,21,200.0,19400,0.4736842105263158,0.999000999000999
19500,23,200.0,19500,0.4736842105263158,0.999000999000999
19600,22,200.0,19600,0.4736842105263158,0.999000999000999
19700,20,200.0,19700,0.4736842105263158,0.999000999000999
19800,29,200.0,19800,0.4736842105263158,0.999000999000999
19900,27,200.0,19900,0.4736842105263158,0.999000999000999
20000,21,200.0,20000,0.4736842105263158,0.999000999000999
20100,21,200.0,20100,0.4736842105263158,0.999000999000999
20200,18,200.0,20200,0.4736842105263158,0.999000999000999
20300,18,201.0,20300,0.4736842105263158,0.999000999000999
20400,18,201.0,20400,0.4736842105263158,0.999000999000999
20500,21,201.0,20500,0.4736842105263158,0.999000999000999
20600,19,200.0,20600,0.4736842105263158,0.999000999000999
20700,17,200.0,20700,0.4736842105263158,0.999000999000999
20800,25,200.0,20800,0.4736842105263158,0.999000999000999
20900,23,201.0,20900,0.4736842105263158,0.999000999000999
21000,20,200.0,21000,0.4736842105263158,0.999000999000999
21100,20,200.0,21100,0.4736842105263158,0.999000999000999
21200,19,201.0,21200,0.4736842105263158,0.999000999000999
21300,26,200.0,21300,0.4736842105263158,0.999000999000999
21400,22,200.0,21400,0.4736842105263158,0.999000999000999
21500,22,202.0,21500,0.4736842105263158,0.999000999000999
21600,25,200.0,21600,0.4736842105263158,0.999000999000999
21700,21,200.0,21700,0.4736842105263158,0.999000999000999
21800,23,202.0,21800,0.4736842105263158,0.999000999000999
21900,29,200.0,21900,0.4736842105263158,0.999000999000999
22000,24,200.0,22000,0.4736842105263158,0.999000999000999
22100,26,200.0,22100,0.4736842105263158,0.999000999000999
22200,22,200.0,22200,0.4736842105263158,0.999000999000999
22300,22,201.0,22300,0.4736842105263158,0.999000999000999
22400,17,200.0,22400,0.4736842105263158,0.999000999000999
22500,27,200.0,22500,0.4736842105263158,0.999000999000999
22600,22,200.0,22600,0.4736842105263158,0.999000999000999
22700,23,201.0,22700,0.4736842105263158,0.999000999000999
22800,21,200.0,22800,0.4736842105263158,0.999000999000999
22900,22,200.0,22900,0.4736842105263158,0.999000999000999
23000,20,201.0,23000,0.4736842105263158,0.999000999000999
23100,17,200.0,23100,0.4736842105263158,0.999000999000999
23200,21,200.0,23200,0.4736842105263158,0.999000999000999
23300,16,200.0,23300,0.4736842105263158,0.999000999000999
23400,19,200.0,23400,0.4736842105263158,0.999000999000999
23500,21,200.0,23500,0.4736842105263158,0.999000999000999
23600,21,201.0,23600,0.4736842105263158,0.999000999000999
23700,19,200.0,23700,0.4736842105263158,0.999000999000999
23800,23,201.0,23800,0.4736842105263158,0.999000999000999
23900,20,200.0,23900,0.4736842105263158,0.999000999000999
24000,26,200.0,24000,0.4736842105263158,0.999000999000999
24100,20,200.0,24100,0.4736842105263158,0.999000999000999
24200,22,201.0,24200,0.4736842105263158,0.999000999000999
24300,24,200.0,24300,0.4736842105263158,0.999000999000999
24400,23,200.0,24400,0.4736842105263158,0.999000999000999
24500,25,200.0,24500,0.4736842105263158,0.999000999000999
24600,21,200.0,24600,0.4736842105263158,0.999000999000999
24700,23,200.0,24700,0.4736842105263158,0.999000999000999
24800,20,200.0,24800,0.4736842105263158,0.999000999000999
24900,24,200.0,24900,0.4736842105263158,0.999000999000999
25000,25,200.0,25000,0.4736842105263158,0.999000999000999
25100,24,200.0,25100,0.4736842105263158,0.999000999000999
25200,25,200.0,25200,0.4736842105263158,0.999000999000999
25300,22,200.0,25300,0.4736842105263158,0.999000999000999
25400,21,200.0,25400,0.4736842105263158,0.999000999000999
25500,22,200.0,25500,0.4736842105263158,0.999000999000999
25600,22,200.0,25600,0.4736842105263158,0.999000999000999
25700,21,200.0,25700,0.4736842105263158,0.999000999000999
25800,19,200.0,25800,0.4736842105263158,0.999000999000999
25900,21,200.0,25900,0.4736842105263158,0.999000999000999
26000,25,200.0,26000,0.4736842105263158,0.999000999000999
26100,27,200.0,26100,0.4736842105263158,0.999000999000999
26200,18,200.0,26200,0.4736842105263158,0.999000999000999
26300,21,200.0,26300,0.4736842105263158,0.999000999000999
26400,17,201.0,26400,0.4736842105263158,0.999000999000999
26500,22,200.0,26500,0.4736842105263158,0.999000999000999
26600,22,200.0,26600,0.4736842105263158,0.999000999000999
26700,28,200.0,26700,0.4736842105263158,0.999000999000999
26800,21,201.0,26800,0.4736842105263158,0.999000999000999
26900,21,200.0,26900,0.4736842105263158,0.999000999000999
27000,22,201.0,27000,0.4736842105263158,0.999000999000999
27100,20,200.0,27100,0.4736842105263158,0.999000999000999
27200,22,200.0,27200,0.4736842105263158,0.999000999000999
27300,23,201.0,27300,0.4736842105263158,0.999000999000999
27400,20,200.0,27400,0.4736842105263158,0.999000999000999
27500,18,200.0,27500,0.4736842105263158,0.999000999000999
27600,18,200.0,27600,0.4736842105263158,0.999000999000999
27700,18,202.0,27700,0.4736842105263158,0.999000999000999
27800,21,200.0,27800,0.4736842105263158,0.999000999000999
27900,25,200.0,27900,0.4736842105263158,0.999000999000999
28000,19,200.0,28000,0.4736842105263158,0.999000999000999
28100,20,200.0,28100,0.4736842105263158,0.999000999000999
28200,24,200.0,28200,0.4736842105263158,0.999000999000999
28300,18,200.0,28300,0.4736842105263158,0.999000999000999
28400,23,200.0,28400,0.4736842105263158,0.999000999000999
28500,21,201.0,28500,0.4736842105263158,0.999000999000999
28600,20,201.0,28600,0.4736842105263158,0.999000999000999
28700,22,200.0,28700,0.4736842105263158,0.999000999000999
28800,22,200.0,28800,0.4736842105263158,0.999000999000999
28900,24,200.0,28900,0.4736842105263158,0.999000999000999
29000,22,201.0,29000,0.4736842105263158,0.999000999000999
29100,21,200.0,29100,0.4736842105263158,0.999000999000999
29200,18,200.0,29200,0.4736842105263158,0.999000999000999
29300,22,200.0,29300,0.4736842105263158,0.999000999000999
29400,24,200.0,29400,0.4736842105263158,0.999000999000999
29500,24,200.0,29500,0.4736842105263158,0.999000999000999
29600,22,200.0,29600,0.4736842105263158,0.999000999000999
29700,21,201.0,29700,0.4736842105263158,0.999000999000999
29800,23,201.0,29800,0.4736842105263158,0.999000999000999
29900,22,200.0,29900,0.4736842105263158,0.999000999000999
30000,21,200.0,30000,0.4736842105263158,0.999000999000999
30100,29,201.0,30100,0.4736842105263158,0.999000999000999
30200,23,200.0,30200,0.4736842105263158,0.999000999000999
30300,23,200.0,30300,0.4736842105263158,0.999000999000999
30400,23,200.0,30400,0.4736842105263158,0.999000999000999
30500,22,200.0,30500,0.4736842105263158,0.999000999000999
30600,24,200.0,30600,0.4736842105263158,0.999000999000999
30700,22,200.0,30700,0.4736842105263158,0.999000999000999
30800,16,200.0,30800,0.4736842105263158,0.999000999000999
30900,20,200.0,30900,0.4736842105263158,0.999000999000999
31000,22,200.0,31000,0.4736842105263158,0.999000999000999
31100,22,200.0,31100,0.4736842105263158,0.999000999000999
31200,20,200.0,31200,0.4736842105263158,0.999000999000999
31300,19,200.0,31300,0.4736842105263158,0.999000999000999
31400,23,200.0,31400,0.4736842105263158,0.999000999000999
31500,21,200.0,31500,0.4736842105263158,0.999000999000999
31600,24,200.0,31600,0.4736842105263158,0.999000999000999
31700,21,200.0,31700,0.4736842105263158,0.999000999000999
31800,22,200.0,31800,0.4736842105263158,0.999000999000999
31900,24,200.0,31900,0.4736842105263158,0.999000999000999
32000,25,200.0,32000,0.4736842105263158,0.999000999000999
32100,18,200.0,32100,0.4736842105263158,0.999000999000999
32200,22,200.0,32200,0.4736842105263158,0.999000999000999
32300,24,200.0,32300,0.4736842105263158,0.999000999000999
32400,25,200.0,32400,0.4736842105263158,0.999000999000999
32500,18,200.0,32500,0.4736842105263158,0.999000999000999
32600,22,200.0,32600,0.4736842105263158,0.999000999000999
32700,21,200.0,32700,0.4736842105263158,0.999000999000999
32800,23,200.0,32800,0.4736842105263158,0.999000999000999
32900,19,201.0,32900,0.4736842105263158,0.999000999000999
33000,19,200.0,33000,0.4736842105263158,0.999000999000999
33100,20,200.0,33100,0.4736842105263158,0.999000999000999
33200,21,200.0,33200,0.4736842105263158,0.999000999000999
33300,20,200.0,33300,0.4736842105263158,0.999000999000999
33400,20,200.0,33400,0.4736842105263158,0.999000999000999
33500,16,200.0,33500,0.4736842105263158,0.999000999000999
33600,23,201.0,33600,0.4736842105263158,0.999000999000999
33700,17,200.0,33700,0.4736842105263158,0.999000999000999
33800,25,200.0,33800,0.4736842105263158,0.999000999000999
33900,20,200.0,33900,0.4736842105263158,0.999000999000999
34000,21,202.0,34000,0.4736842105263158,0.999000999000999
34100,15,200.0,34100,0.4736842105263158,0.999000999000999
34200,20,200.0,34200,0.4736842105263158,0.999000999000999
34300,19,200.0,34300,0.4736842105263158,0.999000999000999
34400,18,200.0,34400,0.4736842105263158,0.999000999000999
34500,18,200.0,34500,0.4736842105263158,0.999000999000999
34600,21,200.0,34600,0.4736842105263158,0.999000999000999
34700,23,200.0,34700,0.4736842105263158,0.999000999000999
34800,26,200.0,34800,0.4736842105263158,0.999000999000999
34900,28,200.0,34900,0.4736842105263158,0.999000999000999
35000,20,200.0,35000,0.4736842105263158,0.999000999000999
35100,18,200.0,35100,0.4736842105263158,0.999000999000999
35200,23,200.0,35200,0.4736842105263158,0.999000999000999
35300,17,200.0,35300,0.4736842105263158,0.999000999000999
35400,19,200.0,35400,0.4736842105263158,0.999000999000999
35500,19,202.0,35500,0.4736842105263158,0.999000999000999
35600,25,201.0,35600,0.4736842105263158,0.999000999000999
35700,26,201.0,35700,0.4736842105263158,0.999000999000999
35800,27,200.0,35800,0.4736842105263158,0.999000999000999
35900,24,200.0,35900,0.4736842105263158,0.999000999000999
36000,23,201.0,36000,0.4736842105263158,0.999000999000999
36100,19,200.0,36100,0.4736842105263158,0.999000999000999
36200,22,201.0,36200,0.4736842105263158,0.999000999000999
36300,21,200.0,36300,0.4736842105263158,0.999000999000999
36400,23,200.0,36400,0.4736842105263158,0.999000999000999
36500,20,200.0,36500,0.4736842105263158,0.999000999000999
36600,22,200.0,36600,0.4736842105263158,0.999000999000999
36700,24,200.0,36700,0.4736842105263158,0.999000999000999
36800,22,200.0,36800,0.4736842105263158,0.999000999000999
36900,20,201.0,36900,0.4736842105263158,0.999000999000999
37000,22,200.0,37000,0.4736842105263158,0.999000999000999
37100,25,200.0,37100,0.4736842105263158,0.999000999000999
37200,24,200.0,37200,0.4736842105263158,0.999000999000999
37300,28,200.0,37300,0.4736842105263158,0.999000999000999
37400,26,201.0,37400,0.4736842105263158,0.999000999000999
37500,22,200.0,37500,0.4736842105263158,0.999000999000999
37600,25,201.0,37600,0.4736842105263158,0.999000999000999
37700,21,200.0,37700,0.4736842105263158,0.999000999000999
37800,24,200.0,37800,0.4736842105263158,0.999000999000999
37900,25,200.0,37900,0.4736842105263158,0.999000999000999
38000,16,201.0,38000,0.4736842105263158,0.999000999000999
38100,22,201.0,38100,0.4736842105263158,0.999000999000999
38200,23,200.0,38200,0.4736842105263158,0.999000999000999
38300,21,201.0,38300,0.4736842105263158,0.999000999000999
38400,23,201.0,38400,0.4736842105263158,0.999000999000999
38500,19,200.0,38500,0.4736842105263158,0.999000999000999
38600,23,200.0,38600,0.4736842105263158,0.999000999000999
38700,24,201.0,38700,0.4736842105263158,0.999000999000999
38800,21,200.0,38800,0.4736842105263158,0.999000999000999
38900,24,200.0,38900,0.4736842105263158,0.999000999000999
39000,23,200.0,39000,0.4736842105263158,0.999000999000999
39100,19,200.0,39100,0.4736842105263158,0.999000999000999
39200,26,200.0,39200,0.4736842105263158,0.999000999000999
39300,21,201.0,39300,0.4736842105263158,0.999000999000999
39400,21,200.0,39400,0.4736842105263158,0.999000999000999
39500,18,200.0,39500,0.4736842105263158,0.999000999000999
39600,24,201.0,39600,0.4736842105263158,0.999000999000999
39700,18,200.0,39700,0.4736842105263158,0.999000999000999
39800,18,200.0,39800,0.4736842105263158,0.999000999000999
39900,15,200.0,39900,0.4736842105263158,0.999000999000999
40000,23,200.0,40000,0.4736842105263158,0.999000999000999
40100,23,200.0,40100,0.4736842105263158,0.999000999000999
40200,21,200.0,40200,0.4736842105263158,0.999000999000999
40300,19,200.0,40300,0.4736842105263158,0.999000999000999
40400,19,201.0,40400,0.4736842105263158,0.999000999000999
40500,20,201.0,40500,0.4736842105263158,0.999000999000999
40600,18,200.0,40600,0.4736842105263158,0.999000999000999
40700,16,200.0,40700,0.4736842105263158,0.999000999000999
40800,16,200.0,40800,0.4736842105263158,0.999000999000999
40900,21,202.0,40900,0.4736842105263158,0.999000999000999
41000,20,200.0,41000,0.4736842105263158,0.999000999000999
41100,20,200.0,41100,0.4736842105263158,0.999000999000999
41200,14,200.0,41200,0.4736842105263158,0.999000999000999
41300,22,200.0,41300,0.4736842105263158,0.999000999000999
41400,20,200.0,41400,0.4736842105263158,0.999000999000999
41500,18,200.0,41500,0.4736842105263158,0.999000999000999
41600,19,200.0,41600,0.4736842105263158,0.999000999000999
41700,22,200.0,41700,0.4736842105263158,0.999000999000999
41800,21,200.0,41800,0.4736842105263158,0.999000999000999
41900,22,200.0,41900,0.4736842105263158,0.999000999000999
42000,22,200.0,42000,0.4736842105263158,0.999000999000999
42100,20,201.0,42100,0.4736842105263158,0.999000999000999
42200,21,200.0,42200,0.4736842105263158,0.999000999000999
42300,20,200.0,42300,0.4736842105263158,0.999000999000999
42400,21,200.0,42400,0.4736842105263158,0.999000999000999
42500,20,200.0,42500,0.4736842105263158,0.999000999000999
42600,24,200.0,42600,0.4736842105263158,0.999000999000999
42700,20,200.0,42700,0.4736842105263158,0.999000999000999
42800,23,200.0,42800,0.4736842105263158,0.999000999000999
42900,22,200.0,42900,0.4736842105263158,0.999000999000999
43000,21,200.0,43000,0.4736842105263158,0.999000999000999
43100,21,200.0,43100,0.4736842105263158,0.999000999000999
43200,21,200.0,43200,0.4736842105263158,0.999000999000999
43300,26,200.0,43300,0.4736842105263158,0.999000999000999
43400,22,200.0,43400,0.4736842105263158,0.999000999000999
43500,22,200.0,43500,0.4736842105263158,0.999000999000999
43600,22,200.0,43600,0.4736842105263158,0.999000999000999
43700,18,201.0,43700,0.4736842105263158,0.999000999000999
43800,19,201.0,43800,0.4736842105263158,0.999000999000999
43900,22,201.0,43900,0.4736842105263158,0.999000999000999
44000,23,200.0,44000,0.4736842105263158,0.999000999000999
44100,20,200.0,44100,0.4736842105263158,0.999000999000999
44200,24,200.0,44200,0.4736842105263158,0.999000999000999
44300,18,200.0,44300,0.4736842105263158,0.999000999000999
44400,28,201.0,44400,0.4736842105263158,0.999000999000999
44500,19,200.0,44500,0.4736842105263158,0.999000999000999
44600,19,200.0,44600,0.4736842105263158,0.999000999000999
44700,22,200.0,44700,0.4736842105263158,0.999000999000999
44800,24,200.0,44800,0.4736842105263158,0.999000999000999
44900,24,200.0,44900,0.4736842105263158,0.999000999000999
45000,17,200.0,45000,0.4736842105263158,0.999000999000999
45100,21,200.0,45100,0.4736842105263158,0.999000999000999
45200,20,200.0,45200,0.4736842105263158,0.999000999000999
45300,20,200.0,45300,0.4736842105263158,0.999000999000999
45400,25,200.0,45400,0.4736842105263158,0.999000999000999
45500,17,200.0,45500,0.4736842105263158,0.999000999000999
45600,23,201.0,45600,0.4736842105263158,0.999000999000999
45700,22,200.0,45700,0.4736842105263158,0.999000999000999
45800,18,200.0,45800,0.4736842105263158,0.999000999000999
45900,22,200.0,45900,0.4736842105263158,0.999000999000999
46000,22,200.0,46000,0.4736842105263158,0.999000999000999
46100,24,200.0,46100,0.4736842105263158,0.999000999000999
46200,22,200.0,46200,0.4736842105263158,0.999000999000999
46300,19,200.0,46300,0.4736842105263158,0.999000999000999
46400,21,200.0,46400,0.4736842105263158,0.999000999000999
46500,28,201.0,46500,0.4736842105263158,0.999000999000999
46600,21,200.0,46600,0.4736842105263158,0.999000999000999
46700,29,201.0,46700,0.4736842105263158,0.999000999000999
46800,16,200.0,46800,0.4736842105263158,0.999000999000999
46900,24,200.0,46900,0.4736842105263158,0.999000999000999
47000,27,200.0,47000,0.4736842105263158,0.999000999000999
47100,20,200.0,47100,0.4736842105263158,0.999000999000999
47200,23,200.0,47200,0.4736842105263158,0.999000999000999
47300,18,200.0,47300,0.4736842105263158,0.999000999000999
47400,19,200.0,47400,0.4736842105263158,0.999000999000999
47500,18,200.0,47500,0.4736842105263158,0.999000999000999
47600,29,200.0,47600,0.4736842105263158,0.999000999000999
47700,18,200.0,47700,0.4736842105263158,0.999000999000999
47800,18,201.0,47800,0.4736842105263158,0.999000999000999
47900,18,201.0,47900,0.4736842105263158,0.999000999000999
48000,24,200.0,48000,0.4736842105263158,0.999000999000999
48100,25,200.0,48100,0.4736842105263158,0.999000999000999
48200,20,200.0,48200,0.4736842105263158,0.999000999000999
48300,26,200.0,48300,0.4736842105263158,0.999000999000999
48400,20,200.0,48400,0.4736842105263158,0.999000999000999
48500,19,201.0,48500,0.4736842105263158,0.999000999000999
48600,21,200.0,48600,0.4736842105263158,0.999000999000999
48700,19,200.0,48700,0.4736842105263158,0.999000999000999
48800,21,200.0,48800,0.4736842105263158,0.999000999000999
48900,22,200.0,48900,0.4736842105263158,0.999000999000999
49000,17,200.0,49000,0.4736842105263158,0.999000999000999
49100,18,200.0,49100,0.4736842105263158,0.999000999000999
49200,14,200.0,49200,0.4736842105263158,0.999000999000999
49300,21,200.0,49300,0.4736842105263158,0.999000999000999
49400,20,200.0,49400,0.4736842105263158,0.999000999000999
49500,20,200.0,49500,0.4736842105263158,0.999000999000999
49600,21,200.0,49600,0.4736842105263158,0.999000999000999
49700,18,200.0,49700,0.4736842105263158,0.999000999000999
49800,22,200.0,49800,0.4736842105263158,0.999000999000999
49900,18,201.0,49900,0.4736842105263158,0.999000999000999
50000,20,200.0,50000,0.4736842105263158,0.999000999000999
50100,23,200.0,50100,0.4736842105263158,0.999000999000999
50200,17,201.0,50200,0.4736842105263158,0.999000999000999
50300,16,200.0,50300,0.4736842105263158,0.999000999000999
50400,19,200.0,50400,0.4736842105263158,0.999000999000999
50500,23,201.0,50500,0.4736842105263158,0.999000999000999
50600,22,200.0,50600,0.4736842105263158,0.999000999000999
50700,22,200.0,50700,0.4736842105263158,0.999000999000999
50800,21,201.0,50800,0.4736842105263158,0.999000999000999
50900,18,200.0,50900,0.4736842105263158,0.999000999000999
51000,18,200.0,51000,0.4736842105263158,0.999000999000999
51100,17,200.0,51100,0.4736842105263158,0.999000999000999
51200,23,200.0,51200,0.4736842105263158,0.999000999000999
51300,19,200.0,51300,0.4736842105263158,0.999000999000999
51400,20,200.0,51400,0.4736842105263158,0.999000999000999
51500,22,200.0,51500,0.4736842105263158,0.999000999000999
51600,24,200.0,51600,0.4736842105263158,0.999000999000999
51700,20,200.0,51700,0.4736842105263158,0.999000999000999
51800,15,200.0,51800,0.4736842105263158,0.999000999000999
51900,23,200.0,51900,0.4736842105263158,0.999000999000999
52000,20,201.0,52000,0.4736842105263158,0.999000999000999
52100,21,200.0,52100,0.4736842105263158,0.999000999000999
52200,18,200.0,52200,0.4736842105263158,0.999000999000999
52300,23,200.0,52300,0.4736842105263158,0.999000999000999
52400,20,200.0,52400,0.4736842105263158,0.999000999000999
52500,23,200.0,52500,0.4736842105263158,0.999000999000999
52600,20,200.0,52600,0.4736842105263158,0.999000999000999
52700,20,200.0,52700,0.4736842105263158,0.999000999000999
52800,21,200.0,52800,0.4736842105263158,0.999000999000999
52900,22,200.0,52900,0.4736842105263158,0.999000999000999
53000,22,200.0,53000,0.4736842105263158,0.999000999000999
53100,22,201.0,53100,0.4736842105263158,0.999000999000999
53200,24,200.0,53200,0.4736842105263158,0.999000999000999
53300,18,200.0,53300,0.4736842105263158,0.999000999000999
53400,17,202.0,53400,0.4736842105263158,0.999000999000999
53500,24,200.0,53500,0.4736842105263158,0.999000999000999
53600,23,200.0,53600,0.4736842105263158,0.999000999000999
53700,25,201.0,53700,0.4736842105263158,0.999000999000999
53800,21,201.0,53800,0.4736842105263158,0.999000999000999
53900,20,200.0,53900,0.4736842105263158,0.999000999000999
54000,17,200.0,54000,0.4736842105263158,0.999000999000999
54100,23,200.0,54100,0.4736842105263158,0.999000999000999
54200,22,200.0,54200,0.4736842105263158,0.999000999000999
54300,19,201.0,54300,0.4736842105263158,0.999000999000999
54400,20,200.0,54400,0.4736842105263158,0.999000999000999
54500,24,200.0,54500,0.4736842105263158,0.999000999000999
54600,19,200.0,54600,0.4736842105263158,0.999000999000999
54700,18,200.0,54700,0.4736842105263158,0.999000999000999
54800,21,200.0,54800,0.4736842105263158,0.999000999000999
54900,17,200.0,54900,0.4736842105263158,0.999000999000999
55000,17,200.0,55000,0.4736842105263158,0.999000999000999
55100,22,200.0,55100,0.4736842105263158,0.999000999000999
55200,21,200.0,55200,0.4736842105263158,0.999000999000999
55300,19,200.0,55300,0.4736842105263158,0.999000999000999
55400,22,201.0,55400,0.4736842105263158,0.999000999000999
55500,19,200.0,55500,0.4736842105263158,0.999000999000999
55600,23,200.0,55600,0.4736842105263158,0.999000999000999
55700,25,200.0,55700,0.4736842105263158,0.999000999000999
55800,24,200.0,55800,0.4736842105263158,0.999000999000999
55900,19,200.0,55900,0.4736842105263158,0.999000999000999
56000,20,200.0,56000,0.4736842105263158,0.999000999000999
56100,19,200.0,56100,0.4736842105263158,0.999000999000999
56200,15,200.0,56200,0.4736842105263158,0.999000999000999
56300,19,200.0,56300,0.4736842105263158,0.999000999000999
56400,22,200.0,56400,0.4736842105263158,0.999000999000999
56500,20,201.0,56500,0.4736842105263158,0.999000999000999
56600,22,200.0,56600,0.4736842105263158,0.999000999000999
56700,22,200.0,56700,0.4736842105263158,0.999000999000999
56800,26,200.0,56800,0.4736842105263158,0.999000999000999
56900,17,200.0,56900,0.4736842105263158,0.999000999000999
57000,21,200.0,57000,0.4736842105263158,0.999000999000999
57100,20,200.0,57100,0.4736842105263158,0.999000999000999
57200,17,200.0,57200,0.4736842105263158,0.999000999000999
57300,22,200.0,57300,0.4736842105263158,0.999000999000999
57400,25,201.0,57400,0.4736842105263158,0.999000999000999
57500,19,200.0,57500,0.4736842105263158,0.999000999000999
57600,16,200.0,57600,0.4736842105263158,0.999000999000999
57700,21,200.0,57700,0.4736842105263158,0.999000999000999
57800,23,202.0,57800,0.4736842105263158,0.999000999000999
57900,21,200.0,57900,0.4736842105263158,0.999000999000999
58000,21,200.0,58000,0.4736842105263158,0.999000999000999
58100,24,200.0,58100,0.4736842105263158,0.999000999000999
58200,24,200.0,58200,0.4736842105263158,0.999000999000999
58300,18,200.0,58300,0.4736842105263158,0.999000999000999
58400,17,200.0,58400,0.4736842105263158,0.999000999000999
58500,26,200.0,58500,0.4736842105263158,0.999000999000999
58600,21,200.0,58600,0.4736842105263158,0.999000999000999
58700,20,200.0,58700,0.4736842105263158,0.999000999000999
58800,22,200.0,58800,0.4736842105263158,0.999000999000999
58900,22,200.0,58900,0.4736842105263158,0.999000999000999
59000,25,202.0,59000,0.4736842105263158,0.999000999000999
59100,20,201.0,59100,0.4736842105263158,0.999000999000999
59200,23,201.0,59200,0.4736842105263158,0.999000999000999
59300,16,200.0,59300,0.4736842105263158,0.999000999000999
59400,19,200.0,59400,0.4736842105263158,0.999000999000999
59500,22,200.0,59500,0.4736842105263158,0.999000999000999
59600,25,200.0,59600,0.4736842105263158,0.999000999000999
59700,26,200.0,59700,0.4736842105263158,0.999000999000999
59800,19,200.0,59800,0.4736842105263158,0.999000999000999
59900,23,200.0,59900,0.4736842105263158,0.999000999000999
60000,23,200.0,60000,0.4736842105263158,0.999000999000999
