Time,glucose,O2,glucose:=Cell_1,glucose_transport:=Cell_1,O2:=Cell_1
0,0,0,0,1000,0
100,16000,20000,974000,1000,1960000
200,21000,20000,1969000,1000,3960000
300,25000,20000,2965000,1000,5960000
400,19000,20000,3971000,1000,7960000
500,21000,20000,4969000,1000,9960000
600,19000,20100,5971000,1000,11959900
700,22000,20000,6968000,1000,13960000
800,17000,20000,7973000,1000,15960000
900,21000,20000,8969000,1000,17960000
1000,19000,20000,9971000,1000,19960000
1100,23000,20100,10967000,1000,21959900
1200,20000,20000,11970000,1000,23960000
1300,20000,20000,12970000,1000,25960000
1400,22000,20000,13968000,1000,27960000
1500,18000,20000,14972000,1000,29960000
1600,24000,20000,15966000,1000,31960000
1700,24000,20000,16966000,1000,33960000
1800,21000,20000,17969000,1000,35960000
1900,22000,20000,18968000,1000,37960000
2000,24000,20000,19966000,1000,39960000
2100,19000,20000,20971000,1000,41960000
2200,21000,20000,21969000,1000,43960000
2300,22000,20000,22968000,1000,45960000
2400,25000,20100,23965000,1000,47959900
2500,23000,20000,24967000,1000,49960000
2600,19000,20000,25971000,1000,51960000
2700,27000,20000,26963000,1000,53960000
2800,17000,20000,27973000,1000,55960000
2900,20000,20000,28970000,1000,57960000
3000,20000,20000,29970000,1000,59960000
3100,26000,20000,30964000,1000,61960000
3200,22000,20000,31968000,1000,63960000
3300,21000,20000,32969000,1000,65960000
3400,20000,20100,33970000,1000,67959900
3500,21000,20000,34969000,1000,69960000
3600,19000,20000,35971000,1000,71960000
3700,17000,20000,36973000,1000,73960000
3800,23000,20000,37967000,1000,75960000
3900,19000,20000,38971000,1000,77960000
4000,23000,20100,39967000,1000,79959900
4100,20000,20000,40970000,1000,81960000
4200,24000,20000,41966000,1000,83960000
4300,23000,20000,42967000,1000,85960000
4400,22000,20000,43968000,1000,87960000
4500,19000,20100,44971000,1000,89959900
4600,21000,20000,45969000,1000,91960000
4700,23000,20000,46967000,1000,93960000
4800,16000,20200,47974000,1000,95959800
4900,15000,20000,48975000,1000,97960000
5000,18000,20000,49972000,1000,99960000
5100,28000,20000,50962000,1000,101960000
5200,24000,20000,51966000,1000,103960000
5300,20000,20000,52970000,1000,105960000
5400,20000,20000,53970000,1000,107960000
5500,18000,20000,54972000,1000,109960000
5600,21000,20000,55969000,1000,111960000
5700,27000,20000,56963000,1000,113960000
5800,19000,20000,57971000,1000,115960000
5900,24000,20100,58966000,1000,117959900
6000,17000,20000,59973000,1000,119960000
6100,19000,20000,60971000,1000,121960000
6200,20000,20000,61970000,1000,123960000
6300,17000,20100,62973000,1000,125959900
6400,17000,20100,63973000,1000,127959900
6500,17000,20000,64973000,1000,129960000
6600,21000,20100,65969000,1000,131959900
6700,24000,20000,66966000,1000,133960000
6800,22000,20000,67968000,1000,135960000
6900,22000,20000,68968000,1000,137960000
7000,19000,20000,69971000,1000,139960000
7100,21000,20000,70969000,1000,141960000
7200,24000,20000,71966000,1000,143960000
7300,20000,20100,72970000,1000,145959900
7400,18000,20000,73972000,1000,147960000
7500,23000,20000,74967000,1000,149960000
7600,22000,20000,75968000,1000,151960000
7700,19000,20000,76971000,1000,153960000
7800,24000,20000,77966000,1000,155960000
7900,23000,20000,78967000,1000,157960000
8000,21000,20000,79969000,1000,159960000
8100,25000,20200,80965000,1000,161959800
8200,20000,20000,81970000,1000,163960000
8300,16000,20000,82974000,1000,165960000
8400,26000,20000,83964000,1000,167960000
8500,19000,20000,84971000,1000,169960000
8600,19000,20000,85971000,1000,171960000
8700,19000,20000,86971000,1000,173960000
8800,22000,20000,87968000,1000,175960000
8900,20000,20100,88970000,1000,177959900
9000,19000,20000,89971000,1000,179960000
9100,20000,20000,90970000,1000,181960000
9200,20000,20000,91970000,1000,183960000
9300,20000,20000,92970000,1000,185960000
9400,19000,20100,93971000,1000,187959900
9500,21000,20000,94969000,1000,189960000
9600,26000,20000,95964000,1000,191960000
9700,19000,20000,96971000,1000,193960000
9800,16000,20000,97974000,1000,195960000
9900,22000,20000,98968000,1000,197960000
10000,21000,20000,99969000,1000,199960000
10100,23000,20000,100967000,1000,201960000
10200,20000,20000,101970000,1000,203960000
10300,23000,20000,102967000,1000,205960000
10400,25000,20000,103965000,1000,207960000
10500,23000,20100,104967000,1000,209959900
10600,22000,20000,105968000,1000,211960000
10700,17000,20000,106973000,1000,213960000
10800,18000,20000,107972000,1000,215960000
10900,21000,20000,108969000,1000,217960000
11000,19000,20000,109971000,1000,219960000
11100,27000,20000,110963000,1000,221960000
11200,22000,20000,111968000,1000,223960000
11300,22000,20100,112968000,1000,225959900
11400,19000,20000,113971000,1000,227960000
11500,20000,20000,114970000,1000,229960000
11600,19000,20000,115971000,1000,231960000
11700,20000,20000,116970000,1000,233960000
11800,22000,20000,117968000,1000,235960000
11900,17000,20000,118973000,1000,237960000
12000,20000,20000,119970000,1000,239960000
12100,20000,20000,120970000,1000,241960000
12200,22000,20000,121968000,1000,243960000
12300,27000,20100,122963000,1000,245959900
12400,22000,20000,123968000,1000,247960000
12500,25000,20000,124965000,1000,249960000
12600,23000,20000,125967000,1000,251960000
12700,20000,20000,126970000,1000,253960000
12800,21000,20100,127969000,1000,255959900
12900,21000,20000,128969000,1000,257960000
13000,18000,20000,129972000,1000,259960000
13100,20000,20000,130970000,1000,261960000
13200,19000,20000,131971000,1000,263960000
13300,21000,20000,132969000,1000,265960000
13400,22000,20000,133968000,1000,267960000
13500,20000,20000,134970000,1000,269960000
13600,18000,20000,135972000,1000,271960000
13700,21000,20000,136969000,1000,273960000
13800,24000,20100,137966000,1000,275959900
13900,21000,20000,138969000,1000,277960000
14000,20000,20000,139970000,1000,279960000
14100,20000,20000,140970000,1000,281960000
14200,25000,20100,141965000,1000,283959900
14300,21000,20000,142969000,1000,285960000
14400,19000,20000,143971000,1000,287960000
14500,22000,20000,144968000,1000,289960000
14600,13000,20000,145977000,1000,291960000
14700,21000,20000,146969000,1000,293960000
14800,25000,20000,147965000,1000,295960000
14900,22000,20000,148968000,1000,297960000
15000,21000,20000,149969000,1000,299960000
15100,19000,20000,150971000,1000,301960000
15200,25000,20000,151965000,1000,303960000
15300,18000,20000,152972000,1000,305960000
15400,20000,20100,153970000,1000,307959900
15500,18000,20000,154972000,1000,309960000
15600,21000,20000,155969000,1000,311960000
15700,21000,20000,156969000,1000,313960000
15800,18000,20000,157972000,1000,315960000
15900,20000,20000,158970000,1000,317960000
16000,23000,20100,159967000,1000,319959900
16100,21000,20000,160969000,1000,321960000
16200,21000,20100,161969000,1000,323959900
16300,19000,20000,162971000,1000,325960000
16400,23000,20000,163967000,1000,327960000
16500,22000,20100,164968000,1000,329959900
16600,29000,20000,165961000,1000,331960000
16700,20000,20100,166970000,1000,333959900
16800,17000,20000,167973000,1000,335960000
16900,17000,20100,168973000,1000,337959900
17000,20000,20000,169970000,1000,339960000
17100,18000,20000,170972000,1000,341960000
17200,24000,20000,171966000,1000,343960000
17300,25000,20000,172965000,1000,345960000
17400,24000,20100,173966000,1000,347959900
17500,25000,20000,174965000,1000,349960000
17600,24000,20100,175966000,1000,351959900
17700,21000,20000,176969000,1000,353960000
17800,19000,20000,177971000,1000,355960000
17900,15000,20000,178975000,1000,357960000
18000,18000,20000,179972000,1000,359960000
18100,21000,20000,180969000,1000,361960000
18200,22000,20000,181968000,1000,363960000
18300,22000,20100,182968000,1000,365959900
18400,20000,20000,183970000,1000,367960000
18500,22000,20000,184968000,1000,369960000
18600,22000,20000,185968000,1000,371960000
18700,24000,20000,186966000,1000,373960000
18800,20000,20000,187970000,1000,375960000
18900,20000,20200,188970000,1000,377959800
19000,20000,20000,189970000,1000,379960000
19100,20000,20100,190970000,1000,381959900
19200,24000,20000,191966000,1000,383960000
19300,22000,20000,192968000,1000,385960000
19400,21000,20000,193969000,1000,387960000
19500,23000,20000,194967000,1000,389960000
19600,22000,20000,195968000,1000,391960000
19700,20000,20000,196970000,1000,393960000
19800,29000,20000,197961000,1000,395960000
19900,27000,20000,198963000,1000,397960000
20000,21000,20000,199969000,1000,399960000
20100,21000,20000,200969000,1000,401960000
20200,18000,20000,201972000,1000,403960000
20300,18000,20100,202972000,1000,405959900
20400,18000,20100,203972000,1000,407959900
20500,21000,20100,204969000,1000,409959900
20600,19000,20000,205971000,1000,411960000
20700,17000,20000,206973000,1000,413960000
20800,25000,20000,207965000,1000,415960000
20900,23000,20100,208967000,1000,417959900
21000,20000,20000,209970000,1000,419960000
21100,20000,20000,210970000,1000,421960000
21200,19000,20100,211971000,1000,423959900
21300,26000,20000,212964000,1000,425960000
21400,22000,20000,213968000,1000,427960000
21500,22000,20200,214968000,1000,429959800
21600,25000,20000,215965000,1000,431960000
21700,21000,20000,216969000,1000,433960000
21800,23000,20200,217967000,1000,435959800
21900,29000,20000,218961000,1000,437960000
22000,24000,20000,219966000,1000,439960000
22100,26000,20000,220964000,1000,441960000
22200,22000,20000,221968000,1000,443960000
22300,22000,20100,222968000,1000,445959900
22400,17000,20000,223973000,1000,447960000
22500,27000,20000,224963000,1000,449960000
22600,22000,20000,225968000,1000,451960000
22700,23000,20100,226967000,1000,453959900
22800,21000,20000,227969000,1000,455960000
22900,22000,20000,228968000,1000,457960000
23000,20000,20100,229970000,1000,459959900
23100,17000,20000,230973000,1000,461960000
23200,21000,20000,231969000,1000,463960000
23300,16000,20000,232974000,1000,465960000
23400,19000,20000,233971000,1000,467960000
23500,21000,20000,234969000,1000,469960000
23600,21000,20100,235969000,1000,471959900
23700,19000,20000,236971000,1000,473960000
23800,23000,20100,237967000,1000,475959900
23900,20000,20000,238970000,1000,477960000
24000,26000,20000,239964000,1000,479960000
24100,20000,20000,240970000,1000,481960000
24200,22000,20100,241968000,1000,483959900
24300,24000,20000,242966000,1000,485960000
24400,23000,20000,243967000,1000,487960000
24500,25000,20000,244965000,1000,489960000
24600,21000,20000,245969000,1000,491960000
24700,23000,20000,246967000,1000,493960000
24800,20000,20000,247970000,1000,495960000
24900,24000,20000,248966000,1000,497960000
25000,25000,20000,249965000,1000,499960000
25100,24000,20000,250966000,1000,501960000
25200,25000,20000,251965000,1000,503960000
25300,22000,20000,252968000,1000,505960000
25400,21000,20000,253969000,1000,507960000
25500,22000,20000,254968000,1000,509960000
25600,22000,20000,255968000,1000,511960000
25700,21000,20000,256969000,1000,513960000
25800,19000,20000,257971000,1000,515960000
25900,21000,20000,258969000,1000,517960000
26000,25000,20000,259965000,1000,519960000
26100,27000,20000,260963000,1000,521960000
26200,18000,20000,261972000,1000,523960000
26300,21000,20000,262969000,1000,525960000
26400,17000,20100,263973000,1000,527959900
26500,22000,20000,264968000,1000,529960000
26600,22000,20000,265968000,1000,531960000
26700,28000,20000,266962000,1000,533960000
26800,21000,20100,267969000,1000,535959900
26900,21000,20000,268969000,1000,537960000
27000,22000,20100,269968000,1000,539959900
27100,20000,20000,270970000,1000,541960000
27200,22000,20000,271968000,1000,543960000
27300,23000,20100,272967000,1000,545959900
27400,20000,20000,273970000,1000,547960000
27500,18000,20000,274972000,1000,549960000
27600,18000,20000,275972000,1000,551960000
27700,18000,20200,276972000,1000,553959800
27800,21000,20000,277969000,1000,555960000
27900,25000,20000,278965000,1000,557960000
28000,19000,20000,279971000,1000,559960000
28100,20000,20000,280970000,1000,561960000
28200,24000,20000,281966000,1000,563960000
28300,18000,20000,282972000,1000,565960000
28400,23000,20000,283967000,1000,567960000
28500,21000,20100,284969000,1000,569959900
28600,20000,20100,285970000,1000,571959900
28700,22000,20000,286968000,1000,573960000
28800,22000,20000,287968000,1000,575960000
28900,24000,20000,288966000,1000,577960000
29000,22000,20100,289968000,1000,579959900
29100,21000,20000,290969000,1000,581960000
29200,18000,20000,291972000,1000,583960000
29300,22000,20000,292968000,1000,585960000
29400,24000,20000,293966000,1000,587960000
29500,24000,20000,294966000,1000,589960000
29600,22000,20000,295968000,1000,591960000
29700,21000,20100,296969000,1000,593959900
29800,23000,20100,297967000,1000,595959900
29900,22000,20000,298968000,1000,597960000
30000,21000,20000,299969000,1000,599960000
30100,29000,20100,300961000,1000,601959900
30200,23000,20000,301967000,1000,603960000
30300,23000,20000,302967000,1000,605960000
30400,23000,20000,303967000,1000,607960000
30500,22000,20000,304968000,1000,609960000
30600,24000,20000,305966000,1000,611960000
30700,22000,20000,306968000,1000,613960000
30800,16000,20000,307974000,1000,615960000
30900,20000,20000,308970000,1000,617960000
31000,22000,20000,309968000,1000,619960000
31100,22000,20000,310968000,1000,621960000
31200,20000,20000,311970000,1000,623960000
31300,19000,20000,312971000,1000,625960000
31400,23000,20000,313967000,1000,627960000
31500,21000,20000,314969000,1000,629960000
31600,24000,20000,315966000,1000,631960000
31700,21000,20000,316969000,1000,633960000
31800,22000,20000,317968000,1000,635960000
31900,24000,20000,318966000,1000,637960000
32000,25000,20000,319965000,1000,639960000
32100,18000,20000,320972000,1000,641960000
32200,22000,20000,321968000,1000,643960000
32300,24000,20000,322966000,1000,645960000
32400,25000,20000,323965000,1000,647960000
32500,18000,20000,324972000,1000,649960000
32600,22000,20000,325968000,1000,651960000
32700,21000,20000,326969000,1000,653960000
32800,23000,20000,327967000,1000,655960000
32900,19000,20100,328971000,1000,657959900
33000,19000,20000,329971000,1000,659960000
33100,20000,20000,330970000,1000,661960000
33200,21000,20000,331969000,1000,663960000
33300,20000,20000,332970000,1000,665960000
33400,20000,20000,333970000,1000,667960000
33500,16000,20000,334974000,1000,669960000
33600,23000,20100,335967000,1000,671959900
33700,17000,20000,336973000,1000,673960000
33800,25000,20000,337965000,1000,675960000
33900,20000,20000,338970000,1000,677960000
34000,21000,20200,339969000,1000,679959800
34100,15000,20000,340975000,1000,681960000
34200,20000,20000,341970000,1000,683960000
34300,19000,20000,342971000,1000,685960000
34400,18000,20000,343972000,1000,687960000
34500,18000,20000,344972000,1000,689960000
34600,21000,20000,345969000,1000,691960000
34700,23000,20000,346967000,1000,693960000
34800,26000,20000,347964000,1000,695960000
34900,28000,20000,348962000,1000,697960000
35000,20000,20000,349970000,1000,699960000
35100,18000,20000,350972000,1000,701960000
35200,23000,20000,351967000,1000,703960000
35300,17000,20000,352973000,1000,705960000
35400,19000,20000,353971000,1000,707960000
35500,19000,20200,354971000,1000,709959800
35600,25000,20100,355965000,1000,711959900
35700,26000,20100,356964000,1000,713959900
35800,27000,20000,357963000,1000,715960000
35900,24000,20000,358966000,1000,717960000
36000,23000,20100,359967000,1000,719959900
36100,19000,20000,360971000,1000,721960000
36200,22000,20100,361968000,1000,723959900
36300,21000,20000,362969000,1000,725960000
36400,23000,20000,363967000,1000,727960000
36500,20000,20000,364970000,1000,729960000
36600,22000,20000,365968000,1000,731960000
36700,24000,20000,366966000,1000,733960000
36800,22000,20000,367968000,1000,735960000
36900,20000,20100,368970000,1000,737959900
37000,22000,20000,369968000,1000,739960000
37100,25000,20000,370965000,1000,741960000
37200,24000,20000,371966000,1000,743960000
37300,28000,20000,372962000,1000,745960000
37400,26000,20100,373964000,1000,747959900
37500,22000,20000,374968000,1000,749960000
37600,25000,20100,375965000,1000,751959900
37700,21000,20000,376969000,1000,753960000
37800,24000,20000,377966000,1000,755960000
37900,25000,20000,378965000,1000,757960000
38000,16000,20100,379974000,1000,759959900
38100,22000,20100,380968000,1000,761959900
38200,23000,20000,381967000,1000,763960000
38300,21000,20100,382969000,1000,765959900
38400,23000,20100,383967000,1000,767959900
38500,19000,20000,384971000,1000,769960000
38600,23000,20000,385967000,1000,771960000
38700,24000,20100,386966000,1000,773959900
38800,21000,20000,387969000,1000,775960000
38900,24000,20000,388966000,1000,777960000
39000,23000,20000,389967000,1000,779960000
39100,19000,20000,390971000,1000,781960000
39200,26000,20000,391964000,1000,783960000
39300,21000,20100,392969000,1000,785959900
39400,21000,20000,393969000,1000,787960000
39500,18000,20000,394972000,1000,789960000
39600,24000,20100,395966000,1000,791959900
39700,18000,20000,396972000,1000,793960000
39800,18000,20000,397972000,1000,795960000
39900,15000,20000,398975000,1000,797960000
40000,23000,20000,399967000,1000,799960000
40100,23000,20000,400967000,1000,801960000
40200,21000,20000,401969000,1000,803960000
40300,19000,20000,402971000,1000,805960000
40400,19000,20100,403971000,1000,807959900
40500,20000,20100,404970000,1000,809959900
40600,18000,20000,405972000,1000,811960000
40700,16000,20000,406974000,1000,813960000
40800,16000,20000,407974000,1000,815960000
40900,21000,20200,408969000,1000,817959800
41000,20000,20000,409970000,1000,819960000
41100,20000,20000,410970000,1000,821960000
41200,14000,20000,411976000,1000,823960000
41300,22000,20000,412968000,1000,825960000
41400,20000,20000,413970000,1000,827960000
41500,18000,20000,414972000,1000,829960000
41600,19000,20000,415971000,1000,831960000
41700,22000,20000,416968000,1000,833960000
41800,21000,20000,417969000,1000,835960000
41900,22000,20000,418968000,1000,837960000
42000,22000,20000,419968000,1000,839960000
42100,20000,20100,420970000,1000,841959900
42200,21000,20000,421969000,1000,843960000
42300,20000,20000,422970000,1000,845960000
42400,21000,20000,423969000,1000,847960000
42500,20000,20000,424970000,1000,849960000
42600,24000,20000,425966000,1000,851960000
42700,20000,20000,426970000,1000,853960000
42800,23000,20000,427967000,1000,855960000
42900,22000,20000,428968000,1000,857960000
43000,21000,20000,429969000,1000,859960000
43100,21000,20000,430969000,1000,861960000
43200,21000,20000,431969000,1000,863960000
43300,26000,20000,432964000,1000,865960000
43400,22000,20000,433968000,1000,867960000
43500,22000,20000,434968000,1000,869960000
43600,22000,20000,435968000,1000,871960000
43700,18000,20100,436972000,1000,873959900
43800,19000,20100,437971000,1000,875959900
43900,22000,20100,438968000,1000,877959900
44000,23000,20000,439967000,1000,879960000
44100,20000,20000,440970000,1000,881960000
44200,24000,20000,441966000,1000,883960000
44300,18000,20000,442972000,1000,885960000
44400,28000,20100,443962000,1000,887959900
44500,19000,20000,444971000,1000,889960000
44600,19000,20000,445971000,1000,891960000
44700,22000,20000,446968000,1000,893960000
44800,24000,20000,447966000,1000,895960000
44900,24000,20000,448966000,1000,897960000
45000,17000,20000,449973000,1000,899960000
45100,21000,20000,450969000,1000,901960000
45200,20000,20000,451970000,1000,903960000
45300,20000,20000,452970000,1000,905960000
45400,25000,20000,453965000,1000,907960000
45500,17000,20000,454973000,1000,909960000
45600,23000,20100,455967000,1000,911959900
45700,22000,20000,456968000,1000,913960000
45800,18000,20000,457972000,1000,915960000
45900,22000,20000,458968000,1000,917960000
46000,22000,20000,459968000,1000,919960000
46100,24000,20000,460966000,1000,921960000
46200,22000,20000,461968000,1000,923960000
46300,19000,20000,462971000,1000,925960000
46400,21000,20000,463969000,1000,927960000
46500,28000,20100,464962000,1000,929959900
46600,21000,20000,465969000,1000,931960000
46700,29000,20100,466961000,1000,933959900
46800,16000,20000,467974000,1000,935960000
46900,24000,20000,468966000,1000,937960000
47000,27000,20000,469963000,1000,939960000
47100,20000,20000,470970000,1000,941960000
47200,23000,20000,471967000,1000,943960000
47300,18000,20000,472972000,1000,945960000
47400,19000,20000,473971000,1000,947960000
47500,18000,20000,474972000,1000,949960000
47600,29000,20000,475961000,1000,951960000
47700,18000,20000,476972000,1000,953960000
47800,18000,20100,477972000,1000,955959900
47900,18000,20100,478972000,1000,957959900
48000,24000,20000,479966000,1000,959960000
48100,25000,20000,480965000,1000,961960000
48200,20000,20000,481970000,1000,963960000
48300,26000,20000,482964000,1000,965960000
48400,20000,20000,483970000,1000,967960000
48500,19000,20100,484971000,1000,969959900
48600,21000,20000,485969000,1000,971960000
48700,19000,20000,486971000,1000,973960000
48800,21000,20000,487969000,1000,975960000
48900,22000,20000,488968000,1000,977960000
49000,17000,20000,489973000,1000,979960000
49100,18000,20000,490972000,1000,981960000
49200,14000,20000,491976000,1000,983960000
49300,21000,20000,492969000,1000,985960000
49400,20000,20000,493970000,1000,987960000
49500,20000,20000,494970000,1000,989960000
49600,21000,20000,495969000,1000,991960000
49700,18000,20000,496972000,1000,993960000
49800,22000,20000,497968000,1000,995960000
49900,18000,20100,498972000,1000,997959900
50000,20000,20000,499970000,1000,999960000
50100,23000,20000,500967000,1000,1001960000
50200,17000,20100,501973000,1000,1003959900
50300,16000,20000,502974000,1000,1005960000
50400,19000,20000,503971000,1000,1007960000
50500,23000,20100,504967000,1000,1009959900
50600,22000,20000,505968000,1000,1011960000
50700,22000,20000,506968000,1000,1013960000
50800,21000,20100,507969000,1000,1015959900
50900,18000,20000,508972000,1000,1017960000
51000,18000,20000,509972000,1000,1019960000
51100,17000,20000,510973000,1000,1021960000
51200,23000,20000,511967000,1000,1023960000
51300,19000,20000,512971000,1000,1025960000
51400,20000,20000,513970000,1000,1027960000
51500,22000,20000,514968000,1000,1029960000
51600,24000,20000,515966000,1000,1031960000
51700,20000,20000,516970000,1000,1033960000
51800,15000,20000,517975000,1000,1035960000
51900,23000,20000,518967000,1000,1037960000
52000,20000,20100,519970000,1000,1039959900
52100,21000,20000,520969000,1000,1041960000
52200,18000,20000,521972000,1000,1043960000
52300,23000,20000,522967000,1000,1045960000
52400,20000,20000,523970000,1000,1047960000
52500,23000,20000,524967000,1000,1049960000
52600,20000,20000,525970000,1000,1051960000
52700,20000,20000,526970000,1000,1053960000
52800,21000,20000,527969000,1000,1055960000
52900,22000,20000,528968000,1000,1057960000
53000,22000,20000,529968000,1000,1059960000
53100,22000,20100,530968000,1000,1061959900
53200,24000,20000,531966000,1000,1063960000
53300,18000,20000,532972000,1000,1065960000
53400,17000,20200,533973000,1000,1067959800
53500,24000,20000,534966000,1000,1069960000
53600,23000,20000,535967000,1000,1071960000
53700,25000,20100,536965000,1000,1073959900
53800,21000,20100,537969000,1000,1075959900
53900,20000,20000,538970000,1000,1077960000
54000,17000,20000,539973000,1000,1079960000
54100,23000,20000,540967000,1000,1081960000
54200,22000,20000,541968000,1000,1083960000
54300,19000,20100,542971000,1000,1085959900
54400,20000,20000,543970000,1000,1087960000
54500,24000,20000,544966000,1000,1089960000
54600,19000,20000,545971000,1000,1091960000
54700,18000,20000,546972000,1000,1093960000
54800,21000,20000,547969000,1000,1095960000
54900,17000,20000,548973000,1000,1097960000
55000,17000,20000,549973000,1000,1099960000
55100,22000,20000,550968000,1000,1101960000
55200,21000,20000,551969000,1000,1103960000
55300,19000,20000,552971000,1000,1105960000
55400,22000,20100,553968000,1000,1107959900
55500,19000,20000,554971000,1000,1109960000
55600,23000,20000,555967000,1000,1111960000
55700,25000,20000,556965000,1000,1113960000
55800,24000,20000,557966000,1000,1115960000
55900,19000,20000,558971000,1000,1117960000
56000,20000,20000,559970000,1000,1119960000
56100,19000,20000,560971000,1000,1121960000
56200,15000,20000,561975000,1000,1123960000
56300,19000,20000,562971000,1000,1125960000
56400,22000,20000,563968000,1000,1127960000
56500,20000,20100,564970000,1000,1129959900
56600,22000,20000,565968000,1000,1131960000
56700,22000,20000,566968000,1000,1133960000
56800,26000,20000,567964000,1000,1135960000
56900,17000,20000,568973000,1000,1137960000
57000,21000,20000,569969000,1000,1139960000
57100,20000,20000,570970000,1000,1141960000
57200,17000,20000,571973000,1000,1143960000
57300,22000,20000,572968000,1000,1145960000
57400,25000,20100,573965000,1000,1147959900
57500,19000,20000,574971000,1000,1149960000
57600,16000,20000,575974000,1000,1151960000
57700,21000,20000,576969000,1000,1153960000
57800,23000,20200,577967000,1000,1155959800
57900,21000,20000,578969000,1000,1157960000
58000,21000,20000,579969000,1000,1159960000
58100,24000,20000,580966000,1000,1161960000
58200,24000,20000,581966000,1000,1163960000
58300,18000,20000,582972000,1000,1165960000
58400,17000,20000,583973000,1000,1167960000
58500,26000,20000,584964000,1000,1169960000
58600,21000,20000,585969000,1000,1171960000
58700,20000,20000,586970000,1000,1173960000
58800,22000,20000,587968000,1000,1175960000
58900,22000,20000,588968000,1000,1177960000
59000,25000,20200,589965000,1000,1179959800
59100,20000,20100,590970000,1000,1181959900
59200,23000,20100,591967000,1000,1183959900
59300,16000,20000,592974000,1000,1185960000
59400,19000,20000,593971000,1000,1187960000
59500,22000,20000,594968000,1000,1189960000
59600,25000,20000,595965000,1000,1191960000
59700,26000,20000,596964000,1000,1193960000
59800,19000,20000,597971000,1000,1195960000
59900,23000,20000,598967000,1000,1197960000
60000,23000,20000,599967000,1000,1199960000
