Time,E,S,ES,P
0,100,100000,0,0
10,47,99843,53,104
20,47,99720,53,227
30,65,99617,35,348
40,60,99503,40,457
50,59,99384,41,575
60,58,99260,42,698
70,52,99130,48,822
80,50,99010,50,940
90,56,98906,44,1050
100,43,98770,57,1173
110,47,98645,53,1302
120,45,98529,55,1416
130,44,98396,56,1548
140,54,98277,46,1677
150,60,98164,40,1796
160,33,98034,67,1899
170,56,97931,44,2025
180,57,97832,43,2125
190,47,97698,53,2249
200,62,97577,38,2385
210,51,97451,49,2500
220,46,97319,54,2627
230,61,97224,39,2737
240,45,97095,55,2850
250,60,96985,40,2975
260,59,96878,41,3081
270,49,96759,51,3190
280,57,96639,43,3318
290,56,96520,44,3436
300,36,96393,64,3543
310,62,96275,38,3687
320,63,96158,37,3805
330,37,96013,63,3924
340,41,95876,59,4065
350,51,95751,49,4200
360,54,95629,46,4325
370,42,95503,58,4439
380,56,95389,44,4567
390,48,95254,52,4694
400,54,95135,46,4819
410,61,95021,39,4940
420,63,94902,37,5061
430,47,94770,53,5177
440,47,94657,53,5290
450,58,94522,42,5436
460,53,94382,47,5571
470,55,94255,45,5700
480,55,94153,45,5802
490,69,94051,31,5918
500,40,93921,60,6019
510,67,93837,33,6130
520,62,93706,38,6256
530,49,93584,51,6365
540,51,93474,49,6477
550,57,93353,43,6604
560,45,93213,55,6732
570,46,93091,54,6855
580,48,92980,52,6968
590,44,92846,56,7098
600,40,92717,60,7223
610,47,92589,53,7358
620,45,92459,55,7486
630,54,92352,46,7602
640,43,92214,57,7729
650,40,92111,60,7829
660,61,92006,39,7955
670,64,91884,36,8080
680,42,91763,58,8179
690,45,91641,55,8304
700,62,91534,38,8428
710,49,91398,51,8551
720,55,91286,45,8669
730,61,91192,39,8769
740,44,91077,56,8867
750,57,90962,43,8995
760,52,90830,48,9122
770,58,90691,42,9267
780,56,90570,44,9386
790,49,90439,51,9510
800,45,90319,55,9626
810,64,90205,36,9759
820,54,90083,46,9871
830,49,89960,51,9989
840,64,89861,36,10103
850,54,89757,46,10197
860,56,89639,44,10317
870,63,89535,37,10428
880,60,89420,40,10540
890,49,89277,51,10672
900,61,89169,39,10792
910,64,89039,36,10925
920,53,88898,47,11055
930,56,88798,44,11158
940,56,88680,44,11276
950,39,88558,61,11381
960,56,88462,44,11494
970,55,88349,45,11606
980,57,88243,43,11714
990,50,88126,50,11824
1000,43,88000,57,11943
1010,52,87898,48,12054
1020,61,87777,39,12184
1030,41,87645,59,12296
1040,64,87554,36,12410
1050,53,87420,47,12533
1060,46,87291,54,12655
1070,43,87168,57,12775
1080,58,87043,42,12915
1090,38,86906,62,13032
1100,55,86803,45,13152
1110,54,86673,46,13281
1120,61,86574,39,13387
1130,55,86464,45,13491
1140,55,86331,45,13624
1150,67,86238,33,13729
1160,56,86122,44,13834
1170,61,85995,39,13966
1180,57,85873,43,14084
1190,52,85755,48,14197
1200,47,85645,53,14302
1210,69,85551,31,14418
1220,65,85440,35,14525
1230,63,85334,37,14629
1240,53,85222,47,14731
1250,60,85101,40,14859
1260,70,85000,30,14970
1270,62,84886,38,15076
1280,58,84769,42,15189
1290,52,84649,48,15303
1300,51,84539,49,15412
1310,42,84436,58,15506
1320,61,84320,39,15641
1330,53,84210,47,15743
1340,57,84107,43,15850
1350,56,83996,44,15960
1360,57,83878,43,16079
1370,41,83753,59,16188
1380,52,83641,48,16311
1390,63,83533,37,16430
1400,53,83419,47,16534
1410,63,83315,37,16648
1420,66,83202,34,16764
1430,52,83047,48,16905
1440,54,82944,46,17010
1450,53,82826,47,17127
1460,46,82709,54,17237
1470,59,82602,41,17357
1480,63,82471,37,17492
1490,48,82337,52,17611
1500,63,82222,37,17741
1510,43,82084,57,17859
1520,56,81983,44,17973
1530,51,81864,49,18087
1540,52,81738,48,18214
1550,44,81613,56,18331
1560,59,81500,41,18459
1570,46,81389,54,18557
1580,54,81266,46,18688
1590,39,81127,61,18812
1600,66,81031,34,18935
1610,56,80923,44,19033
1620,51,80832,49,19119
1630,58,80740,42,19218
1640,44,80625,56,19319
1650,62,80519,38,19443
1660,65,80401,35,19564
1670,48,80297,52,19651
1680,52,80185,48,19767
1690,44,80057,56,19887
1700,51,79941,49,20010
1710,60,79845,40,20115
1720,52,79732,48,20220
1730,48,79635,52,20313
1740,49,79522,51,20427
1750,56,79426,44,20530
1760,61,79324,39,20637
1770,45,79195,55,20750
1780,41,79082,59,20859
1790,54,78988,46,20966
1800,60,78883,40,21077
1810,55,78762,45,21193
1820,55,78646,45,21309
1830,46,78517,54,21429
1840,61,78406,39,21555
1850,54,78280,46,21674
1860,54,78156,46,21798
1870,60,78038,40,21922
1880,60,77929,40,22031
1890,59,77823,41,22136
1900,61,77714,39,22247
1910,46,77590,54,22356
1920,47,77474,53,22473
1930,50,77352,50,22598
1940,57,77250,43,22707
1950,59,77141,41,22818
1960,56,77031,44,22925
1970,62,76920,38,23042
1980,66,76809,34,23157
1990,49,76688,51,23261
2000,57,76592,43,23365
2010,68,76489,32,23479
2020,66,76375,34,23591
2030,67,76248,33,23719
2040,55,76124,45,23831
2050,49,76019,51,23930
2060,53,75920,47,24033
2070,62,75833,38,24129
2080,47,75704,53,24243
2090,62,75612,38,24350
2100,53,75496,47,24457
2110,49,75394,51,24555
2120,68,75318,32,24650
2130,55,75197,45,24758
2140,47,75074,53,24873
2150,58,74957,42,25001
2160,54,74846,46,25108
2170,55,74739,45,25216
2180,52,74630,48,25322
2190,49,74512,51,25437
2200,56,74410,44,25546
2210,53,74287,47,25666
2220,57,74182,43,25775
2230,52,74055,48,25897
2240,62,73937,38,26025
2250,52,73814,48,26138
2260,48,73695,52,26253
2270,67,73601,33,26366
2280,56,73476,44,26480
2290,64,73378,36,26586
2300,60,73269,40,26691
2310,68,73166,32,26802
2320,63,73042,37,26921
2330,49,72926,51,27023
2340,52,72816,48,27136
2350,53,72698,47,27255
2360,50,72582,50,27368
2370,70,72486,30,27484
2380,60,72371,40,27589
2390,59,72270,41,27689
2400,60,72149,40,27811
2410,59,72055,41,27904
2420,63,71960,37,28003
2430,50,71843,50,28107
2440,55,71729,45,28226
2450,53,71623,47,28330
2460,66,71512,34,28454
2470,52,71380,48,28572
2480,47,71277,53,28670
2490,61,71176,39,28785
2500,48,71054,52,28894
2510,58,70961,42,28997
2520,69,70878,31,29091
2530,62,70776,38,29186
2540,46,70659,54,29287
2550,57,70564,43,29393
2560,63,70456,37,29507
2570,53,70356,47,29597
2580,64,70249,36,29715
2590,58,70150,42,29808
2600,49,70030,51,29919
2610,50,69923,50,30027
2620,62,69834,38,30128
2630,63,69728,37,30235
2640,53,69607,47,30346
2650,65,69497,35,30468
2660,50,69384,50,30566
2670,65,69300,35,30665
2680,58,69190,42,30768
2690,51,69055,49,30896
2700,49,68949,51,31000
2710,71,68869,29,31102
2720,64,68769,36,31195
2730,43,68643,57,31300
2740,70,68570,30,31400
2750,62,68450,38,31512
2760,64,68352,36,31612
2770,51,68242,49,31709
2780,51,68143,49,31808
2790,66,68048,34,31918
2800,56,67926,44,32030
2810,62,67825,38,32137
2820,60,67712,40,32248
2830,49,67616,51,32333
2840,64,67520,36,32444
2850,60,67409,40,32551
2860,62,67294,38,32668
2870,69,67185,31,32784
2880,63,67073,37,32890
2890,49,66959,51,32990
2900,60,66855,40,33105
2910,67,66750,33,33217
2920,61,66635,39,33326
2930,55,66534,45,33421
2940,65,66435,35,33530
2950,61,66336,39,33625
2960,71,66230,29,33741
2970,60,66138,40,33822
2980,68,66036,32,33932
2990,68,65934,32,34034
3000,71,65827,29,34144
3010,66,65712,34,34254
3020,72,65605,28,34367
3030,76,65507,24,34469
3040,65,65391,35,34574
3050,51,65292,49,34659
3060,40,65180,60,34760
3070,55,65075,45,34880
3080,54,64962,46,34992
3090,52,64864,48,35088
3100,52,64755,48,35197
3110,47,64633,53,35314
3120,62,64538,38,35424
3130,70,64452,30,35518
3140,50,64332,50,35618
3150,61,64243,39,35718
3160,55,64139,45,35816
3170,51,64034,49,35917
3180,54,63930,46,36024
3190,60,63828,40,36132
3200,64,63728,36,36236
3210,53,63605,47,36348
3220,52,63495,48,36457
3230,65,63405,35,36560
3240,62,63295,38,36667
3250,59,63207,41,36752
3260,65,63109,35,36856
3270,61,62996,39,36965
3280,59,62894,41,37065
3290,60,62788,40,37172
3300,62,62697,38,37265
3310,56,62591,44,37365
3320,61,62506,39,37455
3330,56,62385,44,37571
3340,53,62267,47,37686
3350,69,62182,31,37787
3360,65,62081,35,37884
3370,61,61974,39,37987
3380,51,61872,49,38079
3390,63,61769,37,38194
3400,61,61659,39,38302
3410,55,61562,45,38393
3420,58,61477,42,38481
3430,57,61381,43,38576
3440,52,61259,48,38693
3450,70,61176,30,38794
3460,62,61055,38,38907
3470,49,60950,51,38999
3480,62,60870,38,39092
3490,54,60763,46,39191
3500,63,60661,37,39302
3510,73,60548,27,39425
3520,68,60454,32,39514
3530,60,60342,40,39618
3540,75,60244,25,39731
3550,56,60144,44,39812
3560,72,60068,28,39904
3570,70,59959,30,40011
3580,69,59864,31,40105
3590,64,59770,36,40194
3600,68,59659,32,40309
3610,67,59552,33,40415
3620,67,59445,33,40522
3630,56,59345,44,40611
3640,68,59244,32,40724
3650,53,59139,47,40814
3660,47,59031,53,40916
3670,70,58964,30,41006
3680,63,58849,37,41114
3690,67,58760,33,41207
3700,61,58653,39,41308
3710,57,58558,43,41399
3720,67,58467,33,41500
3730,62,58388,38,41574
3740,53,58295,47,41658
3750,49,58187,51,41762
3760,71,58110,29,41861
3770,72,58008,28,41964
3780,70,57931,30,42039
3790,61,57831,39,42130
3800,52,57724,48,42228
3810,65,57641,35,42324
3820,70,57547,30,42423
3830,64,57435,36,42529
3840,66,57352,34,42614
3850,61,57253,39,42708
3860,52,57147,48,42805
3870,71,57067,29,42904
3880,66,56985,34,42981
3890,53,56889,47,43064
3900,63,56799,37,43164
3910,68,56712,32,43256
3920,69,56617,31,43352
3930,60,56520,40,43440
3940,66,56433,34,43533
3950,66,56326,34,43640
3960,66,56229,34,43737
3970,62,56127,38,43835
3980,56,56034,44,43922
3990,55,55948,45,44007
4000,62,55850,38,44112
4010,58,55758,42,44200
4020,54,55678,46,44276
4030,65,55592,35,44373
4040,64,55503,36,44461
4050,68,55405,32,44563
4060,55,55303,45,44652
4070,67,55210,33,44757
4080,65,55116,35,44849
4090,66,55025,34,44941
4100,70,54915,30,45055
4110,70,54826,30,45144
4120,55,54721,45,45234
4130,69,54628,31,45341
4140,61,54501,39,45460
4150,65,54407,35,45558
4160,70,54308,30,45662
4170,65,54219,35,45746
4180,65,54114,35,45851
4190,56,54011,44,45945
4200,65,53925,35,46040
4210,63,53826,37,46137
4220,70,53728,30,46242
4230,66,53652,34,46314
4240,66,53547,34,46419
4250,55,53440,45,46515
4260,66,53342,34,46624
4270,70,53257,30,46713
4280,63,53149,37,46814
4290,80,53073,20,46907
4300,57,52974,43,46983
4310,64,52878,36,47086
4320,66,52790,34,47176
4330,73,52704,27,47269
4340,64,52610,36,47354
4350,55,52518,45,47437
4360,64,52448,36,47516
4370,74,52347,26,47627
4380,63,52242,37,47721
4390,64,52153,36,47811
4400,61,52063,39,47898
4410,63,51952,37,48011
4420,68,51867,32,48101
4430,61,51772,39,48189
4440,69,51682,31,48287
4450,67,51590,33,48377
4460,71,51507,29,48464
4470,63,51412,37,48551
4480,51,51311,49,48640
4490,68,51227,32,48741
4500,73,51140,27,48833
4510,73,51064,27,48909
4520,68,50984,32,48984
4530,71,50909,29,49062
4540,49,50794,51,49155
4550,68,50725,32,49243
4560,65,50639,35,49326
4570,69,50543,31,49426
4580,63,50461,37,49502
4590,65,50352,35,49613
4600,58,50242,42,49716
4610,68,50154,32,49814
4620,74,50079,26,49895
4630,74,49985,26,49989
4640,73,49899,27,50074
4650,75,49818,25,50157
4660,61,49714,39,50247
4670,74,49627,26,50347
4680,64,49546,36,50418
4690,72,49458,28,50514
4700,58,49365,42,50593
4710,67,49273,33,50694
4720,60,49186,40,50774
4730,69,49114,31,50855
4740,65,49030,35,50935
4750,71,48946,29,51025
4760,70,48861,30,51109
4770,68,48776,32,51192
4780,56,48675,44,51281
4790,60,48591,40,51369
4800,61,48501,39,51460
4810,62,48408,38,51554
4820,73,48325,27,51648
4830,69,48240,31,51729
4840,53,48144,47,51809
4850,66,48053,34,51913
4860,66,47960,34,52006
4870,55,47880,45,52075
4880,70,47814,30,52156
4890,62,47713,38,52249
4900,59,47628,41,52331
4910,57,47545,43,52412
4920,75,47480,25,52495
4930,73,47385,27,52588
4940,72,47287,28,52685
4950,64,47199,36,52765
4960,71,47123,29,52848
4970,58,47017,42,52941
4980,68,46938,32,53030
4990,71,46842,29,53129
5000,63,46751,37,53212
5010,72,46682,28,53290
5020,77,46610,23,53367
5030,72,46539,28,53433
5040,70,46444,30,53526
5050,65,46355,35,53610
5060,59,46266,41,53693
5070,63,46190,37,53773
5080,69,46099,31,53870
5090,63,46007,37,53956
5100,66,45925,34,54041
5110,65,45839,35,54126
5120,58,45763,42,54195
5130,73,45689,27,54284
5140,62,45581,38,54381
5150,70,45498,30,54472
5160,66,45414,34,54552
5170,64,45337,36,54627
5180,74,45256,26,54718
5190,74,45179,26,54795
5200,61,45096,39,54865
5210,75,45026,25,54949
5220,61,44928,39,55033
5230,62,44847,38,55115
5240,76,44763,24,55213
5250,65,44665,35,55300
5260,59,44571,41,55388
5270,56,44491,44,55465
5280,72,44424,28,55548
5290,72,44330,28,55642
5300,56,44211,44,55745
5310,66,44127,34,55839
5320,69,44051,31,55918
5330,72,43964,28,56008
5340,75,43882,25,56093
5350,61,43773,39,56188
5360,64,43704,36,56260
5370,74,43636,26,56338
5380,66,43531,34,56435
5390,81,43459,19,56522
5400,79,43379,21,56600
5410,75,43292,25,56683
5420,72,43215,28,56757
5430,68,43133,32,56835
5440,74,43069,26,56905
5450,73,42986,27,56987
5460,66,42888,34,57078
5470,75,42809,25,57166
5480,71,42724,29,57247
5490,70,42642,30,57328
5500,66,42537,34,57429
5510,70,42458,30,57512
5520,73,42377,27,57596
5530,67,42304,33,57663
5540,66,42218,34,57748
5550,61,42128,39,57833
5560,70,42047,30,57923
5570,61,41947,39,58014
5580,74,41878,26,58096
5590,73,41803,27,58170
5600,73,41724,27,58249
5610,70,41626,30,58344
5620,63,41535,37,58428
5630,69,41456,31,58513
5640,72,41371,28,58601
5650,61,41273,39,58688
5660,80,41211,20,58769
5670,71,41116,29,58855
5680,58,41020,42,58938
5690,77,40959,23,59018
5700,66,40876,34,59090
5710,71,40792,29,59179
5720,76,40708,24,59268
5730,58,40609,42,59349
5740,63,40525,37,59438
5750,69,40458,31,59511
5760,74,40376,26,59598
5770,73,40312,27,59661
5780,72,40235,28,59737
5790,63,40151,37,59812
5800,65,40063,35,59902
5810,70,39976,30,59994
5820,80,39908,20,60072
5830,76,39833,24,60143
5840,68,39745,32,60223
5850,72,39678,28,60294
5860,82,39598,18,60384
5870,65,39512,35,60453
5880,73,39441,27,60532
5890,72,39369,28,60603
5900,68,39291,32,60677
5910,69,39219,31,60750
5920,66,39126,34,60840
5930,66,39048,34,60918
5940,70,38971,30,60999
5950,79,38885,21,61094
5960,74,38802,26,61172
5970,68,38719,32,61249
5980,77,38645,23,61332
5990,69,38554,31,61415
6000,73,38481,27,61492
6010,70,38402,30,61568
6020,73,38347,27,61626
6030,77,38267,23,61710
6040,75,38186,25,61789
6050,68,38097,32,61871
6060,69,38022,31,61947
6070,64,37938,36,62026
6080,65,37862,35,62103
6090,75,37790,25,62185
6100,68,37702,32,62266
6110,75,37630,25,62345
6120,75,37555,25,62420
6130,67,37472,33,62495
6140,62,37392,38,62570
6150,81,37338,19,62643
6160,69,37253,31,62716
6170,71,37187,29,62784
6180,70,37106,30,62864
6190,80,37035,20,62945
6200,68,36960,32,63008
6210,77,36895,23,63082
6220,80,36817,20,63163
6230,66,36745,34,63221
6240,60,36660,40,63300
6250,64,36593,36,63371
6260,67,36513,33,63454
6270,72,36421,28,63551
6280,72,36345,28,63627
6290,73,36270,27,63703
6300,78,36197,22,63781
6310,69,36127,31,63842
6320,69,36046,31,63923
6330,71,35967,29,64004
6340,74,35889,26,64085
6350,69,35792,31,64177
6360,82,35724,18,64258
6370,58,35627,42,64331
6380,70,35571,30,64399
6390,67,35495,33,64472
6400,66,35423,34,64543
6410,69,35348,31,64621
6420,83,35290,17,64693
6430,69,35212,31,64757
6440,69,35155,31,64814
6450,75,35100,25,64875
6460,76,35010,24,64966
6470,59,34919,41,65040
6480,79,34841,21,65138
6490,56,34759,44,65197
6500,75,34691,25,65284
6510,72,34619,28,65353
6520,74,34556,26,65418
6530,75,34489,25,65486
6540,67,34415,33,65552
6550,73,34350,27,65623
6560,69,34286,31,65683
6570,79,34240,21,65739
6580,79,34163,21,65816
6590,70,34088,30,65882
6600,75,34011,25,65964
6610,68,33929,32,66039
6620,77,33863,23,66114
6630,71,33774,29,66197
6640,70,33708,30,66262
6650,66,33617,34,66349
6660,66,33549,34,66417
6670,73,33471,27,66502
6680,67,33396,33,66571
6690,82,33343,18,66639
6700,73,33265,27,66708
6710,74,33192,26,66782
6720,72,33137,28,66835
6730,70,33061,30,66909
6740,66,32995,34,66971
6750,60,32907,40,67053
6760,70,32837,30,67133
6770,71,32769,29,67202
6780,67,32689,33,67278
6790,69,32618,31,67351
6800,74,32563,26,67411
6810,76,32490,24,67486
6820,81,32425,19,67556
6830,77,32366,23,67611
6840,69,32304,31,67665
6850,79,32243,21,67736
6860,69,32169,31,67800
6870,74,32100,26,67874
6880,78,32039,22,67939
6890,82,31987,18,67995
6900,70,31913,30,68057
6910,66,31831,34,68135
6920,71,31769,29,68202
6930,62,31693,38,68269
6940,81,31635,19,68346
6950,78,31565,22,68413
6960,67,31489,33,68478
6970,78,31439,22,68539
6980,70,31354,30,68616
6990,81,31283,19,68698
7000,67,31208,33,68759
7010,76,31138,24,68838
7020,85,31085,15,68900
7030,77,31012,23,68965
7040,71,30946,29,69025
7050,71,30888,29,69083
7060,75,30825,25,69150
7070,74,30753,26,69221
7080,75,30692,25,69283
7090,76,30637,24,69339
7100,67,30560,33,69407
7110,76,30497,24,69479
7120,67,30418,33,69549
7130,72,30357,28,69615
7140,75,30300,25,69675
7150,79,30234,21,69745
7160,68,30176,32,69792
7170,76,30117,24,69859
7180,72,30044,28,69928
7190,71,29980,29,69991
7200,80,29921,20,70059
7210,79,29847,21,70132
7220,73,29780,27,70193
7230,80,29713,20,70267
7240,72,29641,28,70331
7250,74,29575,26,70399
7260,76,29510,24,70466
7270,68,29429,32,70539
7280,68,29363,32,70605
7290,76,29307,24,70669
7300,66,29236,34,70730
7310,64,29158,36,70806
7320,70,29085,30,70885
7330,70,29023,30,70947
7340,74,28969,26,71005
7350,85,28919,15,71066
7360,75,28839,25,71136
7370,75,28766,25,71209
7380,75,28706,25,71269
7390,82,28648,18,71334
7400,77,28575,23,71402
7410,77,28520,23,71457
7420,74,28451,26,71523
7430,72,28389,28,71583
7440,80,28335,20,71645
7450,63,28264,37,71699
7460,73,28212,27,71761
7470,69,28144,31,71825
7480,76,28087,24,71889
7490,74,28027,26,71947
7500,72,27966,28,72006
7510,76,27896,24,72080
7520,83,27839,17,72144
7530,70,27769,30,72201
7540,74,27707,26,72267
7550,78,27656,22,72322
7560,83,27601,17,72382
7570,73,27543,27,72430
7580,80,27483,20,72497
7590,74,27417,26,72557
7600,72,27359,28,72613
7610,70,27282,30,72688
7620,68,27220,32,72748
7630,74,27148,26,72826
7640,83,27098,17,72885
7650,72,27031,28,72941
7660,69,26965,31,73004
7670,82,26926,18,73056
7680,82,26880,18,73102
7690,89,26829,11,73160
7700,79,26760,21,73219
7710,81,26713,19,73268
7720,83,26666,17,73317
7730,72,26597,28,73375
7740,66,26538,34,73428
7750,78,26474,22,73504
7760,82,26413,18,73569
7770,79,26343,21,73636
7780,75,26272,25,73703
7790,79,26209,21,73770
7800,77,26138,23,73839
7810,86,26096,14,73890
7820,80,26043,20,73937
7830,75,25982,25,73993
7840,83,25926,17,74057
7850,70,25860,30,74110
7860,78,25801,22,74177
7870,80,25733,20,74247
7880,71,25678,29,74293
7890,76,25620,24,74356
7900,65,25554,35,74411
7910,77,25513,23,74464
7920,78,25468,22,74510
7930,76,25418,24,74558
7940,78,25348,22,74630
7950,79,25273,21,74706
7960,71,25211,29,74760
7970,64,25144,36,74820
7980,81,25098,19,74883
7990,82,25036,18,74946
8000,80,24975,20,75005
8010,82,24920,18,75062
8020,79,24863,21,75116
8030,73,24795,27,75178
8040,81,24737,19,75244
8050,82,24678,18,75304
8060,74,24605,26,75369
8070,74,24555,26,75419
8080,81,24499,19,75482
8090,80,24440,20,75540
8100,85,24382,15,75603
8110,85,24333,15,75652
8120,80,24278,20,75702
8130,83,24223,17,75760
8140,79,24166,21,75813
8150,82,24117,18,75865
8160,78,24053,22,75925
8170,87,24004,13,75983
8180,73,23939,27,76034
8190,85,23899,15,76086
8200,77,23828,23,76149
8210,73,23772,27,76201
8220,82,23719,18,76263
8230,72,23657,28,76315
8240,74,23603,26,76371
8250,76,23558,24,76418
8260,79,23510,21,76469
8270,75,23446,25,76529
8280,76,23391,24,76585
8290,75,23336,25,76639
8300,82,23290,18,76692
8310,71,23234,29,76737
8320,85,23194,15,76791
8330,79,23141,21,76838
8340,80,23085,20,76895
8350,73,23024,27,76949
8360,76,22968,24,77008
8370,73,22896,27,77077
8380,81,22857,19,77124
8390,78,22806,22,77172
8400,73,22742,27,77231
8410,84,22687,16,77297
8420,87,22647,13,77340
8430,77,22576,23,77401
8440,75,22520,25,77455
8450,87,22477,13,77510
8460,79,22417,21,77562
8470,82,22378,18,77604
8480,80,22326,20,77654
8490,79,22271,21,77708
8500,83,22228,17,77755
8510,79,22183,21,77796
8520,86,22137,14,77849
8530,73,22079,27,77894
8540,81,22023,19,77958
8550,88,21980,12,78008
8560,81,21927,19,78054
8570,81,21871,19,78110
8580,83,21827,17,78156
8590,85,21783,15,78202
8600,77,21722,23,78255
8610,83,21668,17,78315
8620,82,21613,18,78369
8630,83,21563,17,78420
8640,92,21502,8,78490
8650,76,21425,24,78551
8660,72,21367,28,78605
8670,80,21316,20,78664
8680,80,21276,20,78704
8690,83,21239,17,78744
8700,82,21195,18,78787
8710,81,21144,19,78837
8720,80,21087,20,78893
8730,71,21025,29,78946
8740,77,20984,23,78993
8750,72,20933,28,79039
8760,75,20877,25,79098
8770,76,20828,24,79148
8780,76,20776,24,79200
8790,77,20722,23,79255
8800,87,20677,13,79310
8810,79,20623,21,79356
8820,75,20570,25,79405
8830,85,20517,15,79468
8840,80,20460,20,79520
8850,82,20414,18,79568
8860,83,20364,17,79619
8870,94,20311,6,79683
8880,83,20250,17,79733
8890,80,20205,20,79775
8900,87,20163,13,79824
8910,80,20116,20,79864
8920,85,20076,15,79909
8930,81,20028,19,79953
8940,88,19994,12,79994
8950,83,19936,17,80047
8960,86,19895,14,80091
8970,80,19841,20,80139
8980,87,19792,13,80195
8990,85,19748,15,80237
9000,81,19698,19,80283
9010,76,19653,24,80323
9020,79,19611,21,80368
9030,83,19568,17,80415
9040,84,19525,16,80459
9050,82,19477,18,80505
9060,83,19425,17,80558
9070,79,19378,21,80601
9080,79,19335,21,80644
9090,86,19285,14,80701
9100,80,19235,20,80745
9110,81,19192,19,80789
9120,79,19141,21,80838
9130,86,19094,14,80892
9140,78,19043,22,80935
9150,84,19003,16,80981
9160,76,18962,24,81014
9170,75,18903,25,81072
9180,80,18857,20,81123
9190,73,18806,27,81167
9200,81,18760,19,81221
9210,83,18721,17,81262
9220,79,18666,21,81313
9230,74,18609,26,81365
9240,87,18558,13,81429
9250,84,18516,16,81468
9260,85,18474,15,81511
9270,79,18430,21,81549
9280,82,18396,18,81586
9290,85,18352,15,81633
9300,86,18311,14,81675
9310,86,18274,14,81712
9320,73,18221,27,81752
9330,75,18172,25,81803
9340,77,18122,23,81855
9350,73,18067,27,81906
9360,79,18025,21,81954
9370,87,17977,13,82010
9380,73,17927,27,82046
9390,82,17877,18,82105
9400,85,17827,15,82158
9410,84,17780,16,82204
9420,77,17731,23,82246
9430,87,17687,13,82300
9440,82,17638,18,82344
9450,84,17595,16,82389
9460,85,17544,15,82441
9470,88,17490,12,82498
9480,73,17438,27,82535
9490,79,17395,21,82584
9500,85,17360,15,82625
9510,83,17309,17,82674
9520,88,17273,12,82715
9530,83,17224,17,82759
9540,82,17179,18,82803
9550,82,17139,18,82843
9560,83,17102,17,82881
9570,78,17055,22,82923
9580,79,17013,21,82966
9590,78,16980,22,82998
9600,78,16926,22,83052
9610,86,16888,14,83098
9620,83,16845,17,83138
9630,78,16797,22,83181
9640,85,16760,15,83225
9650,87,16724,13,83263
9660,85,16668,15,83317
9670,86,16626,14,83360
9680,83,16588,17,83395
9690,84,16546,16,83438
9700,82,16502,18,83480
9710,88,16455,12,83533
9720,76,16400,24,83576
9730,89,16373,11,83616
9740,82,16332,18,83650
9750,89,16304,11,83685
9760,75,16249,25,83726
9770,78,16214,22,83764
9780,85,16175,15,83810
9790,84,16134,16,83850
9800,88,16103,12,83885
9810,79,16046,21,83933
9820,80,16004,20,83976
9830,87,15967,13,84020
9840,88,15930,12,84058
9850,92,15884,8,84108
9860,80,15835,20,84145
9870,88,15818,12,84170
9880,86,15773,14,84213
9890,86,15721,14,84265
9900,86,15685,14,84301
9910,85,15632,15,84353
9920,88,15594,12,84394
9930,82,15548,18,84434
9940,87,15510,13,84477
9950,72,15455,28,84517
9960,82,15419,18,84563
9970,78,15370,22,84608
9980,83,15336,17,84647
9990,83,15294,17,84689
10000,87,15265,13,84722
10010,79,15222,21,84757
10020,83,15184,17,84799
10030,85,15144,15,84841
10040,84,15104,16,84880
10050,81,15066,19,84915
10060,85,15032,15,84953
10070,83,14998,17,84985
10080,82,14950,18,85032
10090,85,14912,15,85073
10100,92,14879,8,85113
10110,84,14840,16,85144
10120,86,14809,14,85177
10130,91,14772,9,85219
10140,84,14726,16,85258
10150,89,14690,11,85299
10160,82,14644,18,85338
10170,84,14600,16,85384
10180,85,14564,15,85421
10190,83,14528,17,85455
10200,87,14493,13,85494
10210,86,14455,14,85531
10220,86,14415,14,85571
10230,85,14381,15,85604
10240,86,14339,14,85647
10250,93,14316,7,85677
10260,90,14275,10,85715
10270,87,14234,13,85753
10280,89,14190,11,85799
10290,82,14155,18,85827
10300,81,14120,19,85861
10310,92,14097,8,85895
10320,91,14059,9,85932
10330,88,14027,12,85961
10340,87,13995,13,85992
10350,77,13949,23,86028
10360,87,13918,13,86069
10370,86,13880,14,86106
10380,90,13835,10,86155
10390,84,13779,16,86205
10400,86,13749,14,86237
10410,87,13718,13,86269
10420,83,13681,17,86302
10430,86,13637,14,86349
10440,81,13598,19,86383
10450,92,13565,8,86427
10460,87,13521,13,86466
10470,92,13495,8,86497
10480,81,13463,19,86518
10490,88,13434,12,86554
10500,87,13392,13,86595
10510,79,13349,21,86630
10520,86,13319,14,86667
10530,87,13289,13,86698
10540,84,13245,16,86739
10550,90,13208,10,86782
10560,82,13164,18,86818
10570,89,13135,11,86854
10580,85,13095,15,86890
10590,83,13060,17,86923
10600,90,13036,10,86954
10610,82,12998,18,86984
10620,82,12956,18,87026
10630,89,12930,11,87059
10640,88,12893,12,87095
10650,88,12860,12,87128
10660,86,12819,14,87167
10670,93,12792,7,87201
10680,83,12748,17,87235
10690,89,12719,11,87270
10700,87,12684,13,87303
10710,87,12647,13,87340
10720,80,12616,20,87364
10730,86,12575,14,87411
10740,90,12553,10,87437
10750,84,12516,16,87468
10760,89,12487,11,87502
10770,89,12450,11,87539
10780,83,12419,17,87564
10790,86,12389,14,87597
10800,84,12350,16,87634
10810,81,12314,19,87667
10820,89,12295,11,87694
10830,87,12255,13,87732
10840,85,12213,15,87772
10850,90,12184,10,87806
10860,84,12147,16,87837
10870,89,12121,11,87868
10880,87,12090,13,87897
10890,91,12064,9,87927
10900,88,12034,12,87954
10910,90,12004,10,87986
10920,88,11964,12,88024
10930,90,11927,10,88063
10940,83,11889,17,88094
10950,86,11864,14,88122
10960,91,11841,9,88150
10970,92,11819,8,88173
10980,88,11785,12,88203
10990,88,11757,12,88231
11000,82,11718,18,88264
11010,81,11685,19,88296
11020,89,11649,11,88340
11030,92,11628,8,88364
11040,85,11592,15,88393
11050,83,11556,17,88427
11060,84,11522,16,88462
11070,93,11504,7,88489
11080,92,11473,8,88519
11090,87,11440,13,88547
11100,87,11402,13,88585
11110,86,11370,14,88616
11120,87,11336,13,88651
11130,89,11298,11,88691
11140,92,11275,8,88717
11150,89,11240,11,88749
11160,88,11210,12,88778
11170,81,11172,19,88809
11180,92,11150,8,88842
11190,88,11122,12,88866
11200,86,11085,14,88901
11210,89,11058,11,88931
11220,82,11022,18,88960
11230,84,10977,16,89007
11240,92,10944,8,89048
11250,90,10904,10,89086
11260,87,10870,13,89117
11270,91,10839,9,89152
11280,91,10809,9,89182
11290,90,10784,10,89206
11300,85,10742,15,89243
11310,84,10718,16,89266
11320,94,10689,6,89305
11330,86,10654,14,89332
11340,91,10625,9,89366
11350,90,10603,10,89387
11360,90,10571,10,89419
11370,87,10537,13,89450
11380,87,10504,13,89483
11390,90,10482,10,89508
11400,86,10444,14,89542
11410,90,10408,10,89582
11420,92,10372,8,89620
11430,86,10338,14,89648
11440,88,10309,12,89679
11450,85,10279,15,89706
11460,89,10241,11,89748
11470,91,10220,9,89771
11480,86,10187,14,89799
11490,92,10160,8,89832
11500,91,10138,9,89853
11510,85,10107,15,89878
11520,90,10084,10,89906
11530,86,10049,14,89937
11540,87,10023,13,89964
11550,89,9993,11,89996
11560,91,9963,9,90028
11570,93,9938,7,90055
11580,91,9905,9,90086
11590,92,9881,8,90111
11600,84,9845,16,90139
11610,90,9818,10,90172
11620,89,9784,11,90205
11630,91,9756,9,90235
11640,89,9735,11,90254
11650,89,9711,11,90278
11660,84,9676,16,90308
11670,86,9658,14,90328
11680,91,9627,9,90364
11690,86,9598,14,90388
11700,85,9566,15,90419
11710,96,9548,4,90448
11720,94,9521,6,90473
11730,90,9494,10,90496
11740,86,9466,14,90520
11750,84,9432,16,90552
11760,93,9413,7,90580
11770,90,9393,10,90597
11780,85,9364,15,90621
11790,92,9338,8,90654
11800,91,9307,9,90684
11810,90,9272,10,90718
11820,88,9243,12,90745
11830,92,9223,8,90769
11840,93,9205,7,90788
11850,90,9172,10,90818
11860,88,9139,12,90849
11870,86,9113,14,90873
11880,92,9093,8,90899
11890,92,9069,8,90923
11900,85,9026,15,90959
11910,92,8999,8,90993
11920,85,8969,15,91016
11930,91,8943,9,91048
11940,94,8920,6,91074
11950,90,8889,10,91101
11960,85,8865,15,91120
11970,94,8842,6,91152
11980,87,8809,13,91178
11990,88,8773,12,91215
12000,90,8749,10,91241
12010,90,8722,10,91268
12020,90,8698,10,91292
12030,93,8683,7,91310
12040,94,8661,6,91333
12050,92,8637,8,91355
12060,90,8605,10,91385
12070,86,8576,14,91410
12080,92,8558,8,91434
12090,91,8529,9,91462
12100,87,8502,13,91485
12110,95,8488,5,91507
12120,93,8467,7,91526
12130,89,8440,11,91549
12140,88,8415,12,91573
12150,89,8389,11,91600
12160,89,8368,11,91621
12170,90,8337,10,91653
12180,93,8311,7,91682
12190,93,8281,7,91712
12200,95,8257,5,91738
12210,90,8231,10,91759
12220,94,8213,6,91781
12230,91,8188,9,91803
12240,88,8162,12,91826
12250,93,8139,7,91854
12260,84,8105,16,91879
12270,92,8091,8,91901
12280,90,8069,10,91921
12290,93,8049,7,91944
12300,93,8022,7,91971
12310,95,8004,5,91991
12320,92,7983,8,92009
12330,92,7963,8,92029
12340,83,7931,17,92052
12350,87,7908,13,92079
12360,90,7887,10,92103
12370,88,7862,12,92126
12380,93,7843,7,92150
12390,94,7823,6,92171
12400,90,7800,10,92190
12410,93,7786,7,92207
12420,93,7767,7,92226
12430,95,7747,5,92248
12440,93,7724,7,92269
12450,92,7703,8,92289
12460,93,7679,7,92314
12470,93,7655,7,92338
12480,92,7629,8,92363
12490,94,7617,6,92377
12500,96,7600,4,92396
12510,91,7573,9,92418
12520,90,7554,10,92436
12530,95,7533,5,92462
12540,93,7509,7,92484
12550,91,7482,9,92509
12560,90,7459,10,92531
12570,92,7440,8,92552
12580,91,7423,9,92568
12590,87,7390,13,92597
12600,87,7370,13,92617
12610,94,7356,6,92638
12620,92,7331,8,92661
12630,93,7318,7,92675
12640,85,7290,15,92695
12650,91,7271,9,92720
12660,92,7244,8,92748
12670,93,7228,7,92765
12680,94,7214,6,92780
12690,94,7194,6,92800
12700,91,7176,9,92815
12710,91,7157,9,92834
12720,88,7135,12,92853
12730,94,7121,6,92873
12740,90,7094,10,92896
12750,90,7069,10,92921
12760,88,7046,12,92942
12770,97,7037,3,92960
12780,91,7015,9,92976
12790,89,6992,11,92997
12800,92,6969,8,93023
12810,94,6950,6,93044
12820,94,6924,6,93070
12830,93,6904,7,93089
12840,91,6884,9,93107
12850,96,6873,4,93123
12860,89,6851,11,93138
12870,93,6834,7,93159
12880,93,6813,7,93180
12890,94,6788,6,93206
12900,97,6769,3,93228
12910,90,6742,10,93248
12920,95,6724,5,93271
12930,90,6698,10,93292
12940,95,6685,5,93310
12950,92,6666,8,93326
12960,90,6641,10,93349
12970,85,6614,15,93371
12980,86,6595,14,93391
12990,96,6577,4,93419
13000,92,6559,8,93433
13010,89,6528,11,93461
13020,97,6514,3,93483
13030,92,6497,8,93495
13040,93,6482,7,93511
13050,94,6464,6,93530
13060,91,6447,9,93544
13070,94,6423,6,93571
13080,92,6404,8,93588
13090,94,6387,6,93607
13100,96,6373,4,93623
13110,97,6347,3,93650
13120,85,6325,15,93660
13130,96,6310,4,93686
13140,90,6294,10,93696
13150,92,6277,8,93715
13160,87,6257,13,93730
13170,93,6245,7,93748
13180,94,6223,6,93771
13190,96,6207,4,93789
13200,93,6194,7,93799
13210,94,6178,6,93816
13220,92,6154,8,93838
13230,92,6138,8,93854
13240,95,6126,5,93869
13250,94,6107,6,93887
13260,89,6089,11,93900
13270,91,6071,9,93920
13280,91,6053,9,93938
13290,94,6030,6,93964
13300,90,6007,10,93983
13310,93,5995,7,93998
13320,92,5974,8,94018
13330,90,5953,10,94037
13340,92,5940,8,94052
13350,93,5925,7,94068
13360,98,5917,2,94081
13370,93,5898,7,94095
13380,89,5880,11,94109
13390,89,5862,11,94127
13400,87,5841,13,94146
13410,90,5826,10,94164
13420,94,5816,6,94178
13430,96,5804,4,94192
13440,96,5784,4,94212
13450,96,5771,4,94225
13460,87,5743,13,94244
13470,91,5723,9,94268
13480,96,5712,4,94284
13490,96,5691,4,94305
13500,95,5676,5,94319
13510,97,5654,3,94343
13520,94,5635,6,94359
13530,92,5611,8,94381
13540,89,5593,11,94396
13550,87,5574,13,94413
13560,98,5568,2,94430
13570,91,5545,9,94446
13580,94,5533,6,94461
13590,93,5523,7,94470
13600,96,5510,4,94486
13610,88,5488,12,94500
13620,94,5472,6,94522
13630,94,5447,6,94547
13640,95,5430,5,94565
13650,94,5407,6,94587
13660,94,5389,6,94605
13670,97,5380,3,94617
13680,96,5355,4,94641
13690,93,5333,7,94660
13700,93,5317,7,94676
13710,97,5306,3,94691
13720,92,5287,8,94705
13730,91,5269,9,94722
13740,93,5257,7,94736
13750,92,5237,8,94755
13760,92,5215,8,94777
13770,90,5200,10,94790
13780,91,5179,9,94812
13790,94,5167,6,94827
13800,91,5145,9,94846
13810,90,5126,10,94864
13820,94,5103,6,94891
13830,94,5092,6,94902
13840,95,5083,5,94912
13850,92,5067,8,94925
13860,94,5052,6,94942
13870,95,5031,5,94964
13880,95,5015,5,94980
13890,96,5007,4,94989
13900,98,4994,2,95004
13910,94,4975,6,95019
13920,95,4963,5,95032
13930,92,4948,8,95044
13940,97,4941,3,95056
13950,93,4925,7,95068
13960,96,4913,4,95083
13970,97,4900,3,95097
13980,93,4886,7,95107
13990,92,4874,8,95118
14000,93,4861,7,95132
14010,92,4845,8,95147
14020,96,4834,4,95162
14030,99,4828,1,95171
14040,97,4815,3,95182
14050,90,4797,10,95193
14060,95,4785,5,95210
14070,94,4766,6,95228
14080,96,4754,4,95242
14090,95,4738,5,95257
14100,95,4722,5,95273
14110,93,4711,7,95282
14120,96,4694,4,95302
14130,94,4677,6,95317
14140,86,4663,14,95323
14150,94,4649,6,95345
14160,89,4630,11,95359
14170,98,4618,2,95380
14180,98,4604,2,95394
14190,93,4589,7,95404
14200,95,4576,5,95419
14210,96,4560,4,95436
14220,92,4544,8,95448
14230,94,4531,6,95463
14240,96,4526,4,95470
14250,95,4510,5,95485
14260,96,4498,4,95498
14270,99,4493,1,95506
14280,95,4478,5,95517
14290,91,4462,9,95529
14300,94,4446,6,95548
14310,100,4436,0,95564
14320,96,4424,4,95572
14330,94,4410,6,95584
14340,97,4395,3,95602
14350,95,4380,5,95615
14360,93,4365,7,95628
14370,97,4357,3,95640
14380,93,4345,7,95648
14390,99,4344,1,95655
14400,94,4327,6,95667
14410,96,4319,4,95677
14420,97,4310,3,95687
14430,95,4299,5,95696
14440,96,4288,4,95708
14450,92,4271,8,95721
14460,94,4259,6,95735
14470,94,4236,6,95758
14480,96,4221,4,95775
14490,96,4207,4,95789
14500,98,4202,2,95796
14510,89,4184,11,95805
14520,97,4178,3,95819
14530,97,4171,3,95826
14540,96,4160,4,95836
14550,97,4154,3,95843
14560,92,4145,8,95847
14570,93,4125,7,95868
14580,96,4111,4,95885
14590,93,4098,7,95895
14600,92,4078,8,95914
14610,92,4068,8,95924
14620,96,4061,4,95935
14630,97,4053,3,95944
14640,98,4038,2,95960
14650,94,4023,6,95971
14660,97,4010,3,95987
14670,92,3997,8,95995
14680,98,3984,2,96014
14690,95,3974,5,96021
14700,93,3960,7,96033
14710,97,3957,3,96040
14720,95,3941,5,96054
14730,98,3928,2,96070
14740,96,3920,4,96076
14750,95,3905,5,96090
14760,96,3895,4,96101
14770,97,3881,3,96116
14780,96,3872,4,96124
14790,95,3861,5,96134
14800,96,3841,4,96155
14810,99,3832,1,96167
14820,96,3824,4,96172
14830,95,3810,5,96185
14840,96,3801,4,96195
14850,94,3789,6,96205
14860,97,3784,3,96213
14870,95,3775,5,96220
14880,96,3763,4,96233
14890,95,3747,5,96248
14900,95,3741,5,96254
14910,96,3728,4,96268
14920,94,3711,6,96283
14930,95,3699,5,96296
14940,96,3688,4,96308
14950,95,3680,5,96315
14960,94,3673,6,96321
14970,94,3661,6,96333
14980,94,3649,6,96345
14990,99,3644,1,96355
15000,95,3633,5,96362
15010,92,3622,8,96370
15020,93,3609,7,96384
15030,100,3608,0,96392
15040,96,3595,4,96401
15050,98,3584,2,96414
15060,95,3571,5,96424
15070,98,3562,2,96436
15080,96,3548,4,96448
15090,89,3533,11,96456
15100,96,3529,4,96467
15110,96,3519,4,96477
15120,98,3510,2,96488
15130,94,3498,6,96496
15140,97,3491,3,96506
15150,94,3479,6,96515
15160,95,3470,5,96525
15170,95,3459,5,96536
15180,97,3452,3,96545
15190,96,3439,4,96557
15200,95,3430,5,96565
15210,98,3423,2,96575
15220,95,3412,5,96583
15230,95,3403,5,96592
15240,97,3397,3,96600
15250,94,3382,6,96612
15260,90,3370,10,96620
15270,98,3370,2,96628
15280,98,3362,2,96636
15290,93,3343,7,96650
15300,94,3330,6,96664
15310,97,3327,3,96670
15320,97,3314,3,96683
15330,93,3301,7,96692
15340,98,3296,2,96702
15350,94,3286,6,96708
15360,96,3281,4,96715
15370,99,3274,1,96725
15380,95,3258,5,96737
15390,98,3249,2,96749
15400,98,3244,2,96754
15410,99,3236,1,96763
15420,96,3224,4,96772
15430,98,3214,2,96784
15440,96,3201,4,96795
15450,98,3190,2,96808
15460,97,3174,3,96823
15470,95,3159,5,96836
15480,95,3148,5,96847
15490,98,3141,2,96857
15500,93,3128,7,96865
15510,98,3122,2,96876
15520,97,3114,3,96883
15530,95,3107,5,96888
15540,96,3092,4,96904
15550,97,3084,3,96913
15560,98,3075,2,96923
15570,100,3067,0,96933
15580,92,3051,8,96941
15590,93,3035,7,96958
15600,97,3026,3,96971
15610,94,3016,6,96978
15620,99,3011,1,96988
15630,95,2999,5,96996
15640,98,2993,2,97005
15650,96,2985,4,97011
15660,94,2973,6,97021
15670,100,2966,0,97034
15680,97,2955,3,97042
15690,97,2951,3,97046
15700,97,2943,3,97054
15710,94,2932,6,97062
15720,96,2922,4,97074
15730,95,2910,5,97085
15740,93,2893,7,97100
15750,93,2879,7,97114
15760,96,2874,4,97122
15770,98,2864,2,97134
15780,92,2852,8,97140
15790,96,2844,4,97152
15800,98,2840,2,97158
15810,97,2830,3,97167
15820,96,2823,4,97173
15830,98,2818,2,97180
15840,96,2811,4,97185
15850,94,2796,6,97198
15860,95,2786,5,97209
15870,97,2779,3,97218
15880,97,2768,3,97229
15890,99,2760,1,97239
15900,97,2753,3,97244
15910,96,2746,4,97250
15920,95,2737,5,97258
15930,94,2733,6,97261
15940,98,2730,2,97268
15950,98,2724,2,97274
15960,97,2716,3,97281
15970,97,2712,3,97285
15980,97,2700,3,97297
15990,99,2691,1,97308
16000,97,2687,3,97310
16010,98,2680,2,97318
16020,97,2673,3,97324
16030,99,2665,1,97334
16040,98,2652,2,97346
16050,97,2643,3,97354
16060,98,2634,2,97364
16070,100,2626,0,97374
16080,95,2611,5,97384
16090,98,2603,2,97395
16100,97,2588,3,97409
16110,96,2583,4,97413
16120,95,2574,5,97421
16130,96,2568,4,97428
16140,98,2561,2,97437
16150,96,2554,4,97442
16160,98,2547,2,97451
16170,97,2538,3,97459
16180,98,2532,2,97466
16190,97,2528,3,97469
16200,99,2526,1,97473
16210,98,2517,2,97481
16220,94,2504,6,97490
16230,95,2489,5,97506
16240,98,2483,2,97515
16250,100,2481,0,97519
16260,98,2470,2,97528
16270,92,2459,8,97533
16280,98,2459,2,97539
16290,99,2453,1,97546
16300,99,2451,1,97548
16310,97,2438,3,97559
16320,95,2427,5,97568
16330,94,2420,6,97574
16340,98,2413,2,97585
16350,98,2406,2,97592
16360,97,2400,3,97597
16370,100,2397,0,97603
16380,99,2386,1,97613
16390,98,2382,2,97616
16400,98,2371,2,97627
16410,96,2363,4,97633
16420,98,2358,2,97640
16430,97,2350,3,97647
16440,98,2340,2,97658
16450,98,2334,2,97664
16460,98,2327,2,97671
16470,96,2319,4,97677
16480,97,2314,3,97683
16490,95,2306,5,97689
16500,99,2300,1,97699
16510,94,2287,6,97707
16520,96,2280,4,97716
16530,99,2274,1,97725
16540,97,2269,3,97728
16550,99,2263,1,97736
16560,95,2253,5,97742
16570,96,2245,4,97751
16580,97,2236,3,97761
16590,100,2232,0,97768
16600,98,2225,2,97773
16610,94,2216,6,97778
16620,96,2207,4,97789
16630,99,2199,1,97800
16640,98,2192,2,97806
16650,98,2184,2,97814
16660,97,2176,3,97821
16670,96,2165,4,97831
16680,97,2159,3,97838
16690,96,2149,4,97847
16700,95,2143,5,97852
16710,99,2141,1,97858
16720,95,2132,5,97863
16730,95,2127,5,97868
16740,92,2117,8,97875
16750,97,2112,3,97885
16760,99,2109,1,97890
16770,98,2103,2,97895
16780,98,2101,2,97897
16790,96,2094,4,97902
16800,98,2091,2,97907
16810,97,2082,3,97915
16820,96,2074,4,97922
16830,99,2069,1,97930
16840,97,2064,3,97933
16850,97,2058,3,97939
16860,99,2051,1,97948
16870,99,2046,1,97953
16880,100,2043,0,97957
16890,100,2041,0,97959
16900,99,2036,1,97963
16910,98,2030,2,97968
16920,99,2026,1,97973
16930,97,2018,3,97979
16940,98,2013,2,97985
16950,94,2003,6,97991
16960,97,1999,3,97998
16970,97,1989,3,98008
16980,96,1984,4,98012
16990,98,1982,2,98016
17000,99,1977,1,98022
17010,99,1975,1,98024
17020,97,1966,3,98031
17030,94,1954,6,98040
17040,95,1952,5,98043
17050,99,1948,1,98051
17060,98,1942,2,98056
17070,98,1936,2,98062
17080,98,1931,2,98067
17090,99,1925,1,98074
17100,99,1922,1,98077
17110,96,1916,4,98080
17120,99,1910,1,98089
17130,94,1895,6,98099
17140,97,1892,3,98105
17150,99,1892,1,98107
17160,99,1890,1,98109
17170,97,1883,3,98114
17180,99,1881,1,98118
17190,98,1877,2,98121
17200,99,1872,1,98127
17210,100,1871,0,98129
17220,98,1865,2,98133
17230,100,1862,0,98138
17240,97,1852,3,98145
17250,98,1849,2,98149
17260,98,1846,2,98152
17270,97,1843,3,98154
17280,99,1841,1,98158
17290,100,1834,0,98166
17300,99,1830,1,98169
17310,98,1824,2,98174
17320,96,1817,4,98179
17330,99,1810,1,98189
17340,100,1803,0,98197
17350,99,1799,1,98200
17360,96,1791,4,98205
17370,100,1787,0,98213
17380,96,1779,4,98217
17390,97,1773,3,98224
17400,94,1766,6,98228
17410,99,1765,1,98234
17420,96,1755,4,98241
17430,98,1752,2,98246
17440,99,1750,1,98249
17450,98,1745,2,98253
17460,99,1742,1,98257
17470,97,1737,3,98260
17480,99,1734,1,98265
17490,98,1730,2,98268
17500,96,1723,4,98273
17510,94,1713,6,98281
17520,99,1711,1,98288
17530,99,1704,1,98295
17540,96,1696,4,98300
17550,99,1694,1,98305
17560,100,1691,0,98309
17570,98,1687,2,98311
17580,98,1680,2,98318
17590,97,1673,3,98324
17600,100,1673,0,98327
17610,100,1668,0,98332
17620,100,1666,0,98334
17630,98,1662,2,98336
17640,96,1653,4,98343
17650,96,1648,4,98348
17660,98,1646,2,98352
17670,99,1642,1,98357
17680,98,1639,2,98359
17690,100,1633,0,98367
17700,93,1622,7,98371
17710,96,1616,4,98380
17720,97,1614,3,98383
17730,96,1608,4,98388
17740,98,1603,2,98395
17750,98,1599,2,98399
17760,96,1590,4,98406
17770,100,1589,0,98411
17780,99,1582,1,98417
17790,97,1577,3,98420
17800,99,1573,1,98426
17810,97,1568,3,98429
17820,100,1562,0,98438
17830,97,1556,3,98441
17840,96,1551,4,98445
17850,98,1541,2,98457
17860,98,1538,2,98460
17870,97,1533,3,98464
17880,100,1527,0,98473
17890,99,1521,1,98478
17900,97,1517,3,98480
17910,98,1515,2,98483
17920,99,1512,1,98487
17930,99,1506,1,98493
17940,97,1503,3,98494
17950,98,1498,2,98500
17960,100,1498,0,98502
17970,99,1492,1,98507
17980,99,1484,1,98515
17990,99,1477,1,98522
18000,98,1476,2,98522
18010,98,1472,2,98526
18020,97,1467,3,98530
18030,97,1464,3,98533
18040,97,1458,3,98539
18050,98,1455,2,98543
18060,97,1454,3,98543
18070,97,1450,3,98547
18080,98,1447,2,98551
18090,100,1447,0,98553
18100,97,1438,3,98559
18110,97,1432,3,98565
18120,100,1431,0,98569
18130,97,1427,3,98570
18140,99,1424,1,98575
18150,98,1420,2,98578
18160,99,1413,1,98586
18170,100,1413,0,98587
18180,99,1410,1,98589
18190,98,1407,2,98591
18200,100,1408,0,98592
18210,97,1400,3,98597
18220,97,1394,3,98603
18230,100,1395,0,98605
18240,99,1391,1,98608
18250,98,1387,2,98611
18260,99,1384,1,98615
18270,97,1377,3,98620
18280,97,1367,3,98630
18290,100,1366,0,98634
18300,96,1355,4,98641
18310,98,1349,2,98649
18320,100,1347,0,98653
18330,96,1339,4,98657
18340,99,1335,1,98664
18350,98,1330,2,98668
18360,99,1328,1,98671
18370,99,1326,1,98673
18380,96,1322,4,98674
18390,98,1320,2,98678
18400,98,1314,2,98684
18410,99,1308,1,98691
18420,98,1305,2,98693
18430,100,1305,0,98695
18440,99,1301,1,98698
18450,100,1295,0,98705
18460,99,1289,1,98710
18470,96,1279,4,98717
18480,98,1276,2,98722
18490,97,1269,3,98728
18500,98,1264,2,98734
18510,99,1259,1,98740
18520,98,1251,2,98747
18530,98,1246,2,98752
18540,100,1245,0,98755
18550,98,1240,2,98758
18560,97,1235,3,98762
18570,100,1233,0,98767
18580,97,1225,3,98772
18590,99,1225,1,98774
18600,100,1221,0,98779
18610,99,1214,1,98785
18620,99,1213,1,98786
18630,97,1207,3,98790
18640,99,1203,1,98796
18650,97,1199,3,98798
18660,99,1195,1,98804
18670,98,1193,2,98805
18680,98,1191,2,98807
18690,98,1188,2,98810
18700,100,1185,0,98815
18710,97,1179,3,98818
18720,98,1177,2,98821
18730,100,1176,0,98824
18740,99,1172,1,98827
18750,99,1172,1,98827
18760,97,1167,3,98830
18770,99,1165,1,98834
18780,99,1162,1,98837
18790,100,1157,0,98843
18800,98,1152,2,98846
18810,100,1149,0,98851
18820,100,1146,0,98854
18830,96,1140,4,98856
18840,99,1138,1,98861
18850,99,1136,1,98863
18860,98,1128,2,98870
18870,99,1127,1,98872
18880,100,1127,0,98873
18890,99,1122,1,98877
18900,99,1120,1,98879
18910,100,1118,0,98882
18920,100,1115,0,98885
18930,98,1110,2,98888
18940,97,1106,3,98891
18950,97,1102,3,98895
18960,97,1099,3,98898
18970,98,1094,2,98904
18980,99,1091,1,98908
18990,98,1088,2,98910
19000,97,1082,3,98915
19010,97,1079,3,98918
19020,98,1076,2,98922
19030,99,1074,1,98925
19040,99,1071,1,98928
19050,98,1067,2,98931
19060,98,1061,2,98937
19070,99,1059,1,98940
19080,97,1054,3,98943
19090,99,1051,1,98948
19100,100,1050,0,98950
19110,99,1044,1,98955
19120,100,1043,0,98957
19130,97,1037,3,98960
19140,98,1034,2,98964
19150,99,1031,1,98968
19160,99,1029,1,98970
19170,99,1026,1,98973
19180,100,1023,0,98977
19190,96,1015,4,98981
19200,99,1013,1,98986
19210,98,1012,2,98986
19220,99,1007,1,98992
19230,98,1006,2,98992
19240,96,1001,4,98995
19250,100,1001,0,98999
19260,100,999,0,99001
19270,100,996,0,99004
19280,100,994,0,99006
19290,98,991,2,99007
19300,98,990,2,99008
19310,98,987,2,99011
19320,96,983,4,99013
19330,100,984,0,99016
19340,100,979,0,99021
19350,99,974,1,99025
19360,100,975,0,99025
19370,99,972,1,99027
19380,100,972,0,99028
19390,98,968,2,99030
19400,99,967,1,99032
19410,99,961,1,99038
19420,100,961,0,99039
19430,99,960,1,99039
19440,100,958,0,99042
19450,100,958,0,99042
19460,100,954,0,99046
19470,98,952,2,99046
19480,100,947,0,99053
19490,100,947,0,99053
19500,98,941,2,99057
19510,99,940,1,99059
19520,100,938,0,99062
19530,97,932,3,99065
19540,100,929,0,99071
19550,99,927,1,99072
19560,99,925,1,99074
19570,97,919,3,99078
19580,98,914,2,99084
19590,100,914,0,99086
19600,99,913,1,99086
19610,98,910,2,99088
19620,98,905,2,99093
19630,98,903,2,99095
19640,99,902,1,99097
19650,99,899,1,99100
19660,100,895,0,99105
19670,100,893,0,99107
19680,99,891,1,99108
19690,100,888,0,99112
19700,97,882,3,99115
19710,98,879,2,99119
19720,99,877,1,99122
19730,98,874,2,99124
19740,99,872,1,99127
19750,99,871,1,99128
19760,98,868,2,99130
19770,100,865,0,99135
19780,100,862,0,99138
19790,99,859,1,99140
19800,100,858,0,99142
19810,99,856,1,99143
19820,100,854,0,99146
19830,98,848,2,99150
19840,99,847,1,99152
19850,99,845,1,99154
19860,100,844,0,99156
19870,99,841,1,99158
19880,99,836,1,99163
19890,99,834,1,99165
19900,100,832,0,99168
19910,98,828,2,99170
19920,99,824,1,99175
19930,98,821,2,99177
19940,98,817,2,99181
19950,100,815,0,99185
19960,97,809,3,99188
19970,99,807,1,99192
19980,99,805,1,99194
19990,99,804,1,99195
20000,99,804,1,99195
