Time\ information,r2_1_100,Time\ infoAddUp,r2_1_100,Time\ entropy,r2_1_100
0,3.136963030026546,0,3.136963030026546,0,3.6939153784163583
10,3.4262730456405492,10,42.29012151945915,10,3.686610063144035
20,4.556593622426422,20,90.72141989024263,20,3.6770190640795555
30,4.473734504540194,30,128.37905124317223,30,3.668985195556773
40,3.014041179044753,40,165.34612965903102,40,3.6596980937529313
50,3.022643917692433,50,201.1803341394172,50,3.6512438114545285
60,2.930823774440457,60,241.8109186700862,60,3.6419319576526337
70,2.926348328606995,70,276.77486801404496,70,3.6328642627503505
80,2.9391415795950837,80,314.7915924072586,80,3.62475110695756
90,2.92341874555619,90,346.7664511850829,90,3.617090356720024
100,3.4112835056807738,100,380.22965029778834,100,3.609270290301142
110,2.8958484656428203,110,413.8449954482242,110,3.6015573262579736
120,4.489560862342538,120,451.40616007874894,120,3.595136040588429
130,4.546435883722151,130,486.9552522889098,130,3.5883909036286306
140,4.627302729019309,140,529.5109494517721,140,3.5790039563614626
150,2.940331704052096,150,560.010919797373,150,3.5718475566762726
160,3.666380096834553,160,596.2758696879336,160,3.5651001359025667
170,2.965012270436321,170,633.2869655295139,170,3.557253777831337
180,4.233364612672221,180,669.5457361222979,180,3.5491412924648356
190,3.7368621270555016,190,702.8512748439065,190,3.5397861520749005
200,3.0366496833833407,200,735.4349381048926,200,3.531109193302447
210,3.8293064297654236,210,766.4517028422351,210,3.5239239625747416
220,3.3651529711521677,220,806.0575864792941,220,3.5155783926214754
230,3.4322865188384677,230,843.9692812408247,230,3.506138656314835
240,3.990768641201887,240,880.559057355298,240,3.498121192941247
250,4.049010163229847,250,914.8437200454032,250,3.4893040238985
260,2.864202605810109,260,951.8379621985191,260,3.481849092222505
270,3.5809090898065565,270,982.0784928399751,270,3.474640962171445
280,3.627867801004946,280,1015.7275932908494,280,3.46546155262389
290,3.0811511834307255,290,1047.797741113465,290,3.4584288363454965
300,5.911648486260745,300,1082.597317461874,300,3.4513353435768104
310,3.7502108543091555,310,1112.8350546377858,310,3.442872205828186
320,3.2923499687464477,320,1151.9775421690872,320,3.433659110683886
330,8.342575591885794,330,1187.7886431119286,330,3.425010070000351
340,2.7481324314928903,340,1221.170713288135,340,3.415592008405023
350,2.7511977639215868,350,1251.525787691318,350,3.4070899939234223
360,2.857780616978652,360,1282.0347315589336,360,3.4005684890543435
370,4.05263946905876,370,1314.205555399227,370,3.3930672079063404
380,4.847209065919259,380,1353.5471535377771,380,3.3851447413579496
390,4.151993109082025,390,1388.7483074016416,390,3.378089387848956
400,2.763097383487068,400,1421.8983472343025,400,3.3696602592292266
410,3.08908278686563,410,1456.2851804741113,410,3.3610216089392186
420,2.649113592598535,420,1485.135763235665,420,3.3547245280728357
430,2.8072795238333166,430,1514.1469315055265,430,3.347764921366593
440,4.427618400231182,440,1549.4152035270329,440,3.339134821181348
450,3.562758186235708,450,1584.1704195378247,450,3.329407906793947
460,2.6469531405845395,460,1623.8119912494556,460,3.3212110299441213
470,2.865533694218821,470,1655.8790120976835,470,3.3136974274720856
480,3.321099414066234,480,1689.0125597532844,480,3.304949175071604
490,3.357967070134236,490,1723.5373123314869,490,3.295973182972323
500,3.391350445539008,500,1757.9837537199105,500,3.288084959869231
510,2.9400385134082945,510,1792.7268418459191,510,3.2802512224458553
520,2.651905256581795,520,1821.0336148560655,520,3.2730130623256257
530,2.72125925729625,530,1853.3642317559572,530,3.264620371362336
540,2.9992662161017627,540,1885.3946931135258,540,3.2577867553952937
550,2.671069578783622,550,1914.7706112985268,550,3.249646487952556
560,2.679339501584094,560,1945.7920878024947,560,3.2417017657070595
570,3.6471617255389623,570,1975.6292724008815,570,3.2333932175190756
580,2.605184255038772,580,2014.4654131479704,580,3.2228470132411178
590,2.5182919050425703,590,2041.2916511981816,590,3.215350738407872
600,2.573630073671667,600,2070.2657280108456,600,3.2096812577063134
610,3.6935399321702986,610,2101.9924879636965,610,3.200583131083388
620,2.5110162271753804,620,2133.7986803727326,620,3.1919753703902027
630,3.5896465483670488,630,2164.4502015921134,630,3.182970113745896
640,3.962918977999502,640,2193.837316043837,640,3.175233280472232
650,4.015818632564983,650,2223.828526036216,650,3.1661861707485977
660,3.453443321539271,660,2253.5150336579777,660,3.158747624451789
670,2.731410352238485,670,2281.2126418685407,670,3.151866016010162
680,2.8435825499807335,680,2312.3638447061485,680,3.146348237675393
690,2.691063619622219,690,2338.6706981826733,690,3.13999389969651
700,5.171039751640754,700,2371.505252055832,700,3.1311709606769513
710,2.530248257959187,710,2403.661117533011,710,3.1222465704425026
720,4.327482185636486,720,2433.7586538196515,720,3.115855531813007
730,2.406263718766119,730,2459.80440629485,730,3.1092453709051022
740,3.597493084006624,740,2489.594963538228,740,3.1007346746252153
750,2.9851426157091483,750,2521.2103720194295,750,3.0924685006302366
760,2.5279500388823366,760,2548.096633861781,760,3.08565437301419
770,2.3789268424382906,770,2575.1850340023043,770,3.078261421127426
780,0.0,780,2599.154159512108,780,3.0714942996617243
790,2.9999826627244173,790,2625.760653759681,790,3.066248053085896
800,4.70625866627117,800,2657.1464503133893,800,3.059904977052834
810,3.1138213249148072,810,2687.532628282072,810,3.0515441957758127
820,3.9731053011034434,820,2720.2628754779234,820,3.0443562575522614
830,2.6273276163123436,830,2750.011642031235,830,3.038375117713249
840,2.3968163367172592,840,2776.473166091049,840,3.030694679110576
850,2.3820075803431977,850,2802.8061235880305,850,3.0234932691300935
860,3.2440765965148346,860,2836.6985181464725,860,3.014723701078412
870,4.099447155966923,870,2870.606970163511,870,3.0047125300881166
880,2.723870872393296,880,2896.5892370939496,880,2.9970691706054353
890,4.183416852858994,890,2923.297461306965,890,2.9901241524461795
900,2.302975564961229,900,2960.2052444042306,900,2.97958671229815
910,2.753368188102963,910,2988.248029229091,910,2.97267832443023
920,2.2801380696987636,920,3017.3916745226225,920,2.9645052167090484
930,2.368089826848705,930,3047.3319048884787,930,2.957458138221048
940,2.371695766601995,940,3073.305557359622,940,2.9505493962180083
950,2.375261609133389,950,3096.4337504068917,950,2.9444009410346896
960,2.8411359103947604,960,3123.588038158585,960,2.935916892397915
970,2.49849009429762,970,3146.9730643934513,970,2.9288088466557354
980,2.3918460852816095,980,3172.080523210547,980,2.9209973574626646
990,2.906093496172164,990,3200.6830686922603,990,2.9113874016597525
1000,3.716750685484085,1000,3234.119089510739,1000,2.902524551506101
1010,2.957013969890565,1010,3260.7499451901067,1010,2.893336993990494
1020,2.194536924313025,1020,3287.016769928545,1020,2.8862615528936497
1030,2.9962346133409024,1030,3310.9576392126587,1030,2.880015969870872
1040,2.184919624253118,1040,3336.5422911239793,1040,2.872588500489486
1050,0.0,1050,3357.6950270989737,1050,2.868051361374708
1060,2.454245462271497,1060,3382.181097573536,1060,2.8616534342218425
1070,2.464253507531706,1070,3407.6677333930493,1070,2.854043087722963
1080,5.087860282841629,1080,3436.197098400595,1080,2.8486933901850073
1090,2.9592863786594417,1090,3464.1792385323097,1090,2.8416583359382335
1100,2.1668103712869526,1100,3484.7608235352304,1100,2.836931786841458
1110,2.50345309841743,1110,3519.4875361280288,1110,2.8269091174134746
1120,2.876985703769,1120,3544.469201229687,1120,2.8211218525929698
1130,2.2112015562243634,1130,3568.764848052504,1130,2.8135806900800113
1140,4.189243486357427,1140,3595.5389788324906,1140,2.808429236782884
1150,2.1584007512714174,1150,3616.105026409031,1150,2.8020024048617787
1160,2.5501396282433912,1160,3633.5499516023783,1160,2.7985191246527727
1170,4.279269753422393,1170,3658.303730917131,1170,2.791755884473702
1180,2.157513539452379,1180,3680.096909701231,1180,2.783152587023783
1190,2.5906421716042294,1190,3703.689586550165,1190,2.776250425262886
1200,2.680988235856357,1200,3730.8890807350995,1200,2.768507062664742
1210,4.4457640956251145,1210,3757.4406330995403,1210,2.7617317088690667
1220,2.1023494797117186,1220,3781.9356791656596,1220,2.7535736555523527
1230,2.1629277594740937,1230,3807.0922734754995,1230,2.7458618561614387
1240,2.5750702030197647,1240,3830.284226429527,1240,2.7375308187802583
1250,2.551872091342553,1250,3856.8639265247934,1250,2.730472476852889
1260,2.699759933796953,1260,3880.9348639225886,1260,2.723348086893444
1270,2.498826775976882,1270,3907.727771198091,1270,2.713929895833301
1280,2.7397483767909954,1280,3931.760339549275,1280,2.7058037401564103
1290,2.7597691616393822,1290,3955.868185782863,1290,2.697305270594655
1300,2.0143321875530016,1300,3978.9982875332466,1300,2.690437705607261
1310,2.4077000022878203,1310,3998.205997771821,1310,2.684087730057739
1320,2.8126877390511567,1320,4024.2645800954174,1320,2.6756358848598145
1330,2.358334055835916,1330,4052.338414262984,1330,2.6670896106430853
1340,3.824063164699904,1340,4081.8921848055193,1340,2.6587465153981866
1350,2.3071947070959076,1350,4106.36257679057,1350,2.6487955374852543
1360,2.900544483183057,1360,4129.428476797452,1360,2.641782871878919
1370,1.9558233229517372,1370,4152.108602751375,1370,2.633158360638194
1380,0.0,1380,4175.135664363464,1380,2.625688108605718
1390,1.943365154843422,1390,4198.079065064661,1390,2.6178286935933253
1400,2.2533076302118036,1400,4218.328114671714,1400,2.6118014322853513
1410,2.1922220616750314,1410,4237.829768396457,1410,2.604763110813708
1420,1.92871844564853,1420,4263.381427856359,1420,2.597335570684524
1430,2.2768642216622177,1430,4283.022813158051,1430,2.5904909559615774
1440,2.141615812111007,1440,4302.270690923691,1440,2.583915457395294
1450,2.120578130907181,1450,4328.524315553183,1450,2.5749489947962667
1460,2.1051171056970213,1460,4349.993452221099,1460,2.56823964081785
1470,1.909384295731472,1470,4364.062656431743,1470,2.5635083292570404
1480,2.3220642677124763,1480,4389.150320564146,1480,2.5543014558758355
1490,2.334722792555733,1490,4415.6408613970225,1490,2.544984280739439
1500,3.2081732055761867,1500,4437.215091044235,1500,2.5373092280403653
1510,2.3555452346977948,1510,4455.173012404087,1510,2.530265758237306
1520,1.8928236676038601,1520,4482.201580149936,1520,2.5195800233663666
1530,6.016488094444145,1530,4506.286321249779,1530,2.511650007392346
1540,2.398596404229276,1540,4529.539915839659,1540,2.5018067630042524
1550,1.9565983596241114,1550,4545.147806550557,1550,2.4977608903046
1560,1.9438085572983148,1560,4563.873515080537,1560,2.491095112661186
1570,2.42487678501404,1570,4582.662301291499,1570,2.4854968294705015
1580,3.416718266401184,1580,4609.84707862209,1580,2.47455938508266
1590,1.8847847228855859,1590,4633.698464212971,1590,2.4642381976857455
1600,1.8847671763858296,1600,4659.20234117799,1600,2.4545599711318693
1610,0.0,1610,4679.555830338064,1610,2.4459442774077083
1620,2.504799692956185,1620,4699.062251748807,1620,2.439619080493057
1630,3.5584355579428615,1630,4715.4384195141965,1630,2.4344425558372857
1640,2.5324426520825174,1640,4737.929917970762,1640,2.4247966017136844
1650,1.8146402221484332,1650,4757.839471183916,1650,2.4166682580648167
1660,1.8900465038690706,1660,4779.555831851642,1660,2.408456420747872
1670,1.8924192980982733,1670,4803.937896976282,1670,2.398071814231231
1680,2.6013486732376605,1680,4825.347847344768,1680,2.3896663105869846
1690,1.7619526258011406,1690,4845.6782844613135,1690,2.381598903553405
1700,1.9000139282540318,1700,4870.025171145099,1700,2.3725873445458583
1710,0.0,1710,4886.2453844218635,1710,2.3652179072302837
1720,1.7289581297071512,1720,4906.132216187293,1720,2.3577807433587683
1730,1.9079183516098563,1730,4922.204307457389,1730,2.352047101433557
1740,0.0,1740,4933.855203288006,1740,2.346718325829903
1750,0.0,1750,4951.312700892716,1750,2.3395585276425543
1760,0.0,1760,4964.979316247483,1760,2.3341470616467137
1770,2.7286229434976996,1770,4980.023485755611,1770,2.3300647644173975
1780,3.9841457082342724,1780,4998.375334636727,1780,2.322756572594926
1790,5.580352797508435,1790,5015.353518644931,1790,2.3167702006223005
1800,0.0,1800,5033.697762548685,1800,2.307474142227325
1810,1.9365101122907853,1810,5060.8975564426755,1810,2.2971254533697825
1820,2.8233698754282837,1820,5083.645146616075,1820,2.289038675490239
1830,1.6363115332686766,1830,5104.786434569817,1830,2.280388935759235
1840,0.0,1840,5123.76974116956,1840,2.271647775523979
1850,1.9596127210181715,1850,5148.438976261514,1850,2.2628134619094022
1860,1.6123093979192138,1860,5161.446524615696,1860,2.2568712912751465
1870,1.9689307245213057,1870,5177.38559245268,1870,2.2503857035614976
1880,1.6017069109964095,1880,5187.089916175908,1880,2.2458659385821194
1890,1.5913635417873198,1890,5210.361144089616,1890,2.2347135582917437
1900,1.9899594081844367,1900,5233.9703989759655,1900,2.224444489278088
1910,1.997135569538965,1910,5251.66630161296,1910,2.2161378277282124
1920,2.005073373517156,1920,5270.277438384167,1920,2.207221241718219
1930,1.5615283977679066,1930,5286.18104960574,1930,2.1998067398705463
1940,0.0,1940,5299.401260662125,1940,2.1933992813376806
1950,0.0,1950,5315.343755248136,1950,2.1864027314278474
1960,6.377349284566344,1960,5328.872363400174,1960,2.1831539898168897
1970,4.622134375967104,1970,5350.435185865399,1970,2.1722342941072275
1980,1.535128971039328,1980,5364.256400382478,1980,2.1645063527166335
1990,2.057469817248471,1990,5386.52907479869,1990,2.1539053310669583
2000,1.5220242673911017,2000,5405.641516874028,2000,2.144875229362166
2010,1.5180737229793422,2010,5420.417679403845,2010,2.138611472966641
2020,0.0,2020,5435.055860915437,2020,2.1311495728734493
2030,1.5083921473342423,2030,5454.31460918933,2030,2.1224586665245924
2040,4.8937010246089425,2040,5478.138935411936,2040,2.1125021599796288
2050,1.4995802680923391,2050,5488.642679256822,2050,2.1065914914750405
2060,3.328835908051957,2060,5505.625505707007,2060,2.0994451641510667
2070,1.49249380885717,2070,5517.340843438622,2070,2.0928423877795335
2080,3.3698167639234042,2080,5535.136313818785,2080,2.085581854059812
2090,2.152643454481059,2090,5558.448677020089,2090,2.072728935289638
2100,2.1654871315651034,2100,5578.073452125767,2100,2.0628081373262104
2110,1.4749167760752238,2110,5595.445156186779,2110,2.0534045993490238
2120,2.1880877053455667,2120,5611.179288487952,2120,2.0458088606324147
2130,0.0,2130,5620.697889770349,2130,2.039428803085222
2140,0.0,2140,5627.293444905387,2140,2.0355785712369197
2150,1.4671560140353694,2150,5635.368119136911,2150,2.0323572145445685
2160,2.2146141446534893,2160,5647.590320675818,2160,2.026529130054132
2170,2.2303314926801443,2170,5670.613756699692,2170,2.01541516154307
2180,0.0,2180,5683.843062313226,2180,2.0074856919821578
2190,2.2573420419720565,2190,5706.898141059798,2190,1.9968023991673853
2200,0.0,2200,5724.188074826498,2200,1.9866697817141776
2210,0.0,2210,5732.465853290213,2210,1.9819018201794543
2220,1.4512028976332714,2220,5749.381868486715,2220,1.9736689504322924
2230,0.0,2230,5757.477363449557,2230,1.9688314975440577
2240,0.0,2240,5772.221438023977,2240,1.96117706292964
2250,1.4482565824897002,2250,5780.912752139417,2250,1.9576762521922828
2260,1.4466266990319854,2260,5799.800516876673,2260,1.947091978622264
2270,5.732427112890035,2270,5816.3313871190185,2270,1.9399666632963408
2280,2.362567204701011,2280,5832.445712785432,2280,1.929173086010192
2290,1.4437553225215274,2290,5843.887133747931,2290,1.9219058262511177
2300,1.4433425851926556,2300,5852.973870284423,2300,1.9167841846979938
2310,1.442806069538681,2310,5868.5230564952635,2310,1.9086776356109765
2320,1.4425031965286093,2320,5879.580441915025,2320,1.9027366962074816
2330,1.442170775390245,2330,5897.6715577527375,2330,1.8930001358427446
2340,0.0,2340,5909.8775569490845,2340,1.8854399134029765
2350,2.4510145954933336,2350,5926.998334929758,2350,1.8770516458594253
2360,1.4422217268434976,2360,5940.876311752225,2360,1.8685867597687154
2370,1.4424028144323087,2370,5950.555384409572,2370,1.8631595603167668
2380,1.4428143872048418,2380,5964.813936005577,2380,1.8545666328708534
2390,0.0,2390,5978.661929158435,2390,1.8458937826294226
2400,6.265442387038632,2400,5999.032670028299,2400,1.8379389192779814
2410,2.5423725204368197,2410,6014.600558212568,2410,1.8266874117870964
2420,4.258451918620548,2420,6031.430177546388,2420,1.817751411114219
2430,0.0,2430,6039.7833788435155,2430,1.8103765308590973
2440,2.589011605059924,2440,6056.491267597885,2440,1.8021140501858834
2450,2.6051362235539774,2450,6070.072180636818,2450,1.7937787422037388
2460,0.0,2460,6082.8543525570785,2460,1.784524436586369
2470,0.0,2470,6098.1790060128715,2470,1.7760324770687237
2480,0.0,2480,6106.638179274694,2480,1.7709006966456111
2490,0.0,2490,6118.353645185155,2490,1.764015076277535
2500,1.457448229479522,2500,6128.060737016683,2500,1.7588180821188328
2510,0.0,2510,6136.570650340817,2510,1.7527190142689295
2520,2.6975312293813296,2520,6147.798115388141,2520,1.7474601503259208
2530,2.708379024640366,2530,6156.133177580129,2530,1.7421722931189758
2540,1.4648913605110219,2540,6171.82151743691,2540,1.731508466336842
2550,0.0,2550,6183.750720550627,2550,1.7234323607982467
2560,1.4690894247980184,2560,6194.059408325382,2560,1.7180104830974225
2570,1.471493728757048,2570,6205.645765503356,2570,1.7107336655736505
2580,0.0,2580,6215.789781869627,2580,1.703401727670121
2590,1.4766573763911286,2590,6230.1848709037195,2590,1.6960139288513112
2600,1.4794209837167176,2600,6241.722451691811,2600,1.688569513707944
2610,2.8402312820412368,2610,6256.725074260066,2610,1.6801259122474785
2620,1.4864862451263556,2620,6269.847849146372,2620,1.6706575839166506
2630,1.489271909126731,2630,6280.631350424926,2630,1.6639747356449661
2640,0.0,2640,6292.3675065748985,2640,1.6553149209226143
2650,0.0,2650,6298.34207230585,2650,1.651441425605717
2660,1.4969023994122308,2660,6307.3169008823415,2660,1.6465779659977167
2670,2.9395924521597507,2670,6325.696618308026,2670,1.6357929147691088
2680,0.0,2680,6341.157292630759,2680,1.6238911819306918
2690,1.510673818531941,2690,6351.676583368228,2690,1.6178860837031206
2700,0.0,2700,6366.711404022631,2700,1.606781185873931
2710,1.5180078966318373,2710,6372.780209977288,2710,1.6037308555449639
2720,1.524097974998221,2720,6389.44996741247,2720,1.592465441484574
2730,0.0,2730,6403.775083236679,2730,1.5821122391732263
2740,0.0,2740,6416.044208028195,2740,1.5737515444814025
2750,0.0,2750,6429.940972862859,2750,1.5642613344080283
2760,0.0,2760,6437.6806783498905,2760,1.5589498293292974
2770,5.305916409826099,2770,6449.164650382818,2770,1.5546802517099974
2780,1.5515178882384926,2780,6458.509807440353,2780,1.5460861741949512
2790,0.0,2790,6467.886144782684,2790,1.5385055476095653
2800,0.0,2800,6474.115797886542,2800,1.5341479648752736
2810,0.0,2810,6480.421484752343,2810,1.5297714377357248
2820,1.5701932655068815,2820,6499.441591886365,2820,1.5176370832893245
2830,3.242679900527644,2830,6510.636362604828,2830,1.5109563519671805
2840,5.527581162116988,2840,6522.5715999050435,2840,1.5042311893277516
2850,0.0,2850,6530.595845462292,2850,1.4951942597053591
2860,1.591711806486702,2860,6544.2354306225,2860,1.4872203424781758
2870,0.0,2870,6554.048755083657,2870,1.479183326620099
2880,1.60113831400908,2880,6562.045746466351,2880,1.4745620655152392
2890,0.0,2890,6573.556657196135,2890,1.4652561430303257
2900,0.0,2900,6580.140101770805,2900,1.460571128067111
2910,1.6174339714771278,2910,6591.596884107614,2910,1.4535030323040539
2920,1.626002864231162,2920,6607.433897590344,2920,1.4428083697225924
2930,3.4559408271623395,2930,6626.100447000233,2930,1.4307928683491917
2940,0.0,2940,6632.658076156442,2940,1.423515389785803
2950,1.646099906955179,2950,6640.8782093631025,2950,1.4186349171826544
2960,0.0,2960,6647.4730902511765,2960,1.4125015478662277
2970,0.0,2970,6661.338566135795,2970,1.402611451503659
2980,3.569972652095256,2980,6683.0139791555985,2980,1.39011379290768
2990,1.6791522879804819,2990,6693.071561753827,2990,1.3812744755415538
3000,0.0,3000,6703.171094717445,3000,1.372358885638174
3010,1.6934186025076274,3010,6713.313502793262,3010,1.365943229499671
3020,0.0,3020,6724.5996818138265,3020,1.3568940072661775
3030,1.707053107269769,3030,6733.385788464069,3030,1.3516873296445624
3040,1.7147223758303538,3040,6744.7758462317415,3040,1.3438279908582205
3050,0.0,3050,6748.209179154574,3050,1.3398758987299757
3060,0.0,3060,6759.101618023845,3060,1.3319263341271017
3070,0.0,3070,6766.301586703259,3070,1.326592659709132
3080,0.0,3080,6776.438033261839,3080,1.319886894725333
3090,1.7401373860808813,3090,6779.91692636459,3090,1.3185405437925894
3100,1.752800264633117,3100,6796.24813737666,3100,1.3063444612336708
3110,1.7673633460908424,3110,6815.707202713285,3110,1.2926238854343768
3120,0.0,3120,6824.566411720281,3120,1.284304176423146
3130,0.0,3130,6836.832776844963,3130,1.275917729150714
3140,1.7949484060782193,3140,6850.977318186919,3140,1.2674635203972657
3150,1.811074003736711,3150,6870.660703206869,3150,1.2532197309568522
3160,0.0,3160,6887.769415091613,3160,1.2387797702017815
3170,1.829507793052331,3170,6891.426723938118,3170,1.237324784992071
3180,0.0,3180,6895.090884932055,3180,1.2329476922092657
3190,0.0,3190,6904.281598936878,3190,1.2256117544746619
3200,4.088627091496043,3200,6913.905696682207,3200,1.2211854798189266
3210,0.0,3210,6919.467927783523,3210,1.2137666832696237
3220,0.0,3220,6925.046454694921,3220,1.2092901512176402
3230,0.0,3230,6944.974488411615,3230,1.1942293081888191
3240,1.8895239362140581,3240,6954.815925518371,3240,1.1881441146870044
3250,0.0,3250,6958.600789749125,3250,1.1835570342057726
3260,0.0,3260,6966.193988681375,3260,1.1774096911566052
3270,0.0,3270,6971.909657818091,3270,1.1727755339564694
3280,0.0,3280,6975.730106828125,3280,1.1696747369878542
3290,0.0,3290,6990.037601524167,3290,1.1587495568053563
3300,1.9380748112565231,3300,7002.0803211635875,3300,1.150875971772056
3310,0.0,3310,7009.853907884762,3310,1.1429431747500571
3320,0.0,3320,7018.119536534213,3320,1.1365537116938031
3330,0.0,3330,7030.825644074485,3330,1.126896389711972
3340,1.9730020994432829,3340,7034.769401546926,3340,1.1252782098271166
3350,0.0,3350,7046.6550877731,3350,1.1138809546526582
3360,0.0,3360,7048.644064060337,3360,1.1122426836080197
3370,0.0,3370,7050.635358201901,3370,1.110601866256224
3380,0.0,3380,7057.105708051132,3380,1.1056640572360006
3390,0.0,3390,7061.109385676265,3390,1.102359307242438
3400,0.0,3400,7067.132723847583,3400,1.0973827047146527
3410,0.0,3410,7077.71271822637,3410,1.089035879253647
3420,0.0,3420,7082.264104636167,3420,1.0856785835030456
3430,2.034615663982809,3430,7088.360495253585,3430,1.082310577067891
3440,0.0,3440,7094.479374764454,3440,1.0755421559400198
3450,2.057469451246149,3450,7108.3970980923505,3450,1.0670201393190022
3460,2.0678961319138316,3460,7116.652989761531,3460,1.0601526344875383
3470,0.0,3470,7126.585972299882,3470,1.051504923938723
3480,2.0811702845962956,3480,7128.667142584479,3480,1.051504923938723
3490,0.0,3490,7134.926822801599,3490,1.0445353567682254
3500,0.0,3500,7139.113528565207,3500,1.0410332285094848
3510,2.097462237256315,3510,7141.210990802463,3510,1.0410332285094848
3520,0.0,3520,7161.967505944992,3520,1.0251281064381985
3530,0.0,3530,7171.023292724207,3530,1.0179813920230458
3540,4.845884180348848,3540,7182.280459934406,3540,1.012589363287032
3550,0.0,3550,7186.581123809719,3550,1.0053567818062634
3560,0.0,3560,7191.456001952614,3560,1.0017217749891991
3570,0.0,3570,7196.345529547411,3570,0.9980741717442482
3580,0.0,3580,7203.424085829995,3580,0.9925789499704398
3590,0.0,3590,7209.961487490446,3590,0.9870548713202904
3600,0.0,3600,7209.961487490446,3600,0.9870548713202904
3610,2.194766795639908,3610,7218.721681253367,3610,0.9815016192876013
3620,0.0,3620,7223.120734061959,3620,0.9759188713849786
3630,0.0,3630,7227.532571973851,3630,0.9721804908239504
3640,0.0,3640,7231.957307583241,3640,0.9684287561286788
3650,2.223789070347602,3650,7238.618843970287,3650,0.9646635670984886
3660,0.0,3660,7245.310047934771,3660,0.9570924187204054
3670,2.24378889284825,3670,7252.03131788918,3670,0.9532862523855582
3680,0.0,3680,7252.03131788918,3680,0.951377975233612
3690,0.0,3690,7256.5290680941835,3690,0.947550966343311
3700,0.0,3700,7263.301354501178,3700,0.9417841140222923
3710,0.0,3710,7278.747390289939,3710,0.9301542252543342
3720,0.0,3720,7281.032835886437,3720,0.9282032781494253
3730,0.0,3730,7283.321856826349,3730,0.9262486836218808
3740,0.0,3740,7288.527863537554,3740,0.9223284940240435
3750,0.0,3750,7288.527863537554,3750,0.9223284940240435
3760,2.314516552875841,3760,7300.686083308106,3760,0.9144436990397399
3770,0.0,3770,7303.004310362322,3770,0.9104788535641769
3780,0.0,3780,7310.610357760828,3780,0.9045031811630664
3790,0.0,3790,7322.94629023557,3790,0.8944669371128207
3800,0.0,3800,7327.65502144816,3800,0.8904251890683623
3810,0.0,3810,7333.020070720906,3810,0.8863676728368587
3820,0.0,3820,7337.760225773391,3820,0.8822942547493929
3830,5.402000685244042,3830,7343.162226458635,3830,0.8822942547493929
3840,0.0,3840,7345.546300855461,3840,0.8761540143332222
3850,0.0,3850,7345.546300855461,3850,0.8761540143332222
3860,0.0,3860,7350.3266008283235,3860,0.8720402436460524
3870,2.4128023245036596,3870,7362.349167947249,3870,0.863763402350529
3880,0.0,3880,7364.766155947222,3880,0.8596000435978447
3890,0.0,3890,7369.612772679872,3890,0.8554198636324466
3900,0.0,3900,7372.042443666347,3900,0.8533234189990712
3910,0.0,3910,7382.469532374437,3910,0.8448948325758044
3920,0.0,3920,7390.505812633402,3920,0.8385279016230525
3930,0.0,3930,7392.970257612923,3930,0.8363968210644311
3940,0.0,3940,7402.872740368612,3940,0.8278281085043679
3950,2.5053114847538125,3950,7416.035632342955,3950,0.8191873770554371
3960,0.0,3960,7428.632592442057,3960,0.8060882529873492
3970,0.0,3970,7433.704700173287,3970,0.8016843641626625
3980,0.0,3980,7438.796157966798,3980,0.797261414857636
3990,0.0,3990,7438.796157966798,3990,0.797261414857636
4000,0.0,4000,7443.907175948884,4000,0.792819218288824
4010,0.0,4010,7446.470086664243,4010,0.7905908430183282
4020,0.0,4020,7449.037967872641,4020,0.7883575844007994
4030,0.0,4030,7449.037967872641,4030,0.7883575844007994
4040,0.0,4040,7463.363462055618,4040,0.777117183628757
4050,0.0,4050,7469.275049248978,4050,0.7725859731461124
4060,0.0,4060,7477.116699401746,4060,0.7657509631098224
4070,0.0,4070,7479.741112044063,4070,0.7634623362046948
4080,0.0,4080,7487.646359310223,4080,0.7565652093460522
4090,0.0,4090,7492.943505997805,4090,0.7519408124657218
4100,0.0,4100,7501.655824266511,4100,0.7449641892553973
4110,0.0,4110,7507.0081465319545,4110,0.7402860876890034
4120,6.118229328714614,4120,7515.81096779664,4120,0.7379388434870676
4130,0.0,4130,7515.81096779664,4130,0.7332278194098293
4140,0.0,4140,7515.81096779664,4140,0.7332278194098293
4150,2.701688150676413,4150,7518.5126559473165,4150,0.7332278194098293
4160,0.0,4160,7521.220111112227,4160,0.7284945458963659
4170,0.0,4170,7523.933367987629,4170,0.726119488772638
4180,0.0,4180,7523.933367987629,4180,0.726119488772638
4190,0.0,4190,7523.933367987629,4190,0.726119488772638
4200,2.7190936245465824,4200,7526.652461612176,4200,0.726119488772638
4210,0.0,4210,7529.377427372011,4210,0.7213523774432793
4220,0.0,4220,7532.108301005972,4220,0.718960259753625
4230,0.0,4230,7534.84511861089,4230,0.7165623911887422
4240,0.0,4240,7534.84511861089,4240,0.7165623911887422
4250,0.0,4250,7540.3367319434765,4250,0.7117492708868457
4260,0.0,4260,7545.852563512702,4260,0.7069127520798634
4270,0.0,4270,7554.92264995785,4270,0.6996135095921002
4280,0.0,4280,7554.92264995785,4280,0.6996135095921002
4290,0.0,4290,7560.500363151174,4290,0.6947173009965809
4300,0.0,4300,7569.669959457197,4300,0.6873272064588389
4310,0.0,4310,7572.487506733466,4310,0.6848514874751256
4320,0.0,4320,7587.4367454692265,4320,0.6723785477669846
4330,0.0,4330,7587.4367454692265,4330,0.6723785477669846
4340,2.857130272922509,4340,7590.293875742149,4340,0.6723785477669846
4350,0.0,4350,7598.905949098599,4350,0.6622846484307483
4360,2.8913374566275953,4360,7604.681690407197,4360,0.6597447910702421
4370,0.0,4370,7607.580008606666,4370,0.6546451268674863
4380,0.0,4380,7613.397778511555,4380,0.6495185794886925
4390,0.0,4390,7625.900762566622,4390,0.6391834362494936
4400,2.9633589280276245,4400,7634.768599920664,4400,0.6339741198972384
4410,0.0,4410,7634.768599920664,4410,0.6313588636284174
4420,0.0,4420,7640.717822326099,4420,0.6261069172128608
4430,0.0,4430,7643.703793803235,4430,0.6234701302212784
4440,0.0,4440,7643.703793803235,4440,0.6234701302212784
4450,0.0,4450,7649.698732331062,4450,0.6181746820067432
4460,0.0,4460,7652.707811454596,4460,0.6155159202495321
4470,0.0,4470,7655.724706376179,4470,0.6128497319704692
4480,0.0,4480,7662.579345567465,4480,0.6074948676412333
4490,0.0,4490,7665.620037778812,4490,0.6048060858023474
4500,0.0,4500,7668.668781561702,4500,0.6021096658378713
4510,0.0,4510,7671.725637778565,4510,0.5994055531077777
4520,0.0,4520,7674.790668089652,4520,0.5966936922488622
4530,0.0,4530,7674.790668089652,4530,0.5966936922488622
4540,0.0,4540,7674.790668089652,4540,0.5966936922488622
4550,0.0,4550,7677.863934968838,4550,0.5939740271604892
4560,0.0,4560,7680.94550171984,4560,0.591246500989704
4570,0.0,4570,7684.035432492866,4570,0.5885110561161477
4580,0.0,4580,7687.133792301722,4580,0.5857676341364919
4590,0.0,4590,7687.133792301722,4590,0.5857676341364919
4600,0.0,4600,7690.2406470413725,4600,0.5830161758483728
4610,0.0,4610,7690.2406470413725,4610,0.5830161758483728
4620,3.132743987084066,4620,7699.612853394564,4620,0.5774889094435994
4630,0.0,4630,7699.612853394564,4630,0.5747129787772267
4640,0.0,4640,7702.7543650723355,4640,0.5719287666678387
4650,0.0,4650,7705.9047150224105,4650,0.5691362096624274
4660,0.0,4660,7716.228820930109,4660,0.5607078210533383
4670,0.0,4670,7719.415250053082,4670,0.5578812315462214
4680,0.0,4680,7719.415250053082,4680,0.5578812315462214
4690,0.0,4690,7719.415250053082,4690,0.5578812315462214
4700,0.0,4700,7725.815804917549,4700,0.5522019549658057
4710,3.2332424345879303,4710,7735.487049385576,4710,0.5464874152345158
4720,0.0,4720,7741.982425069116,4720,0.537848225744777
4730,0.0,4730,7749.349202981878,4730,0.532042975983127
4740,0.0,4740,7749.349202981878,4740,0.532042975983127
4750,0.0,4750,7755.9234265563455,4750,0.526200373451856
4760,0.0,4760,7759.2256725276375,4760,0.5232648657342153
4770,0.0,4770,7765.860887395546,4770,0.5173650278393159
4780,7.608948602760948,4780,7786.865796754083,4780,0.5054476834559358
4790,3.397593152510248,4790,7790.263389906593,4790,0.4994287662735332
4800,0.0,4800,7797.0919790612315,4800,0.49032300666300793
4810,0.0,4810,7803.965829754095,4810,0.48419978180016665
4820,0.0,4820,7807.4200070400475,4820,0.48112205312181994
4830,0.0,4830,7821.354438297332,4830,0.46870125080153746
4840,0.0,4840,7821.354438297332,4840,0.46870125080153746
4850,0.0,4850,7821.354438297332,4850,0.46870125080153746
4860,0.0,4860,7824.868078579999,4860,0.46556803470238206
4870,0.0,4870,7828.393980493731,4870,0.46242338778418707
4880,3.550812935627237,4880,7835.483085408221,4880,0.45926719399577903
4890,0.0,4890,7839.046552721051,4890,0.4529196903438007
4900,0.0,4900,7839.046552721051,4900,0.4529196903438007
4910,0.0,4910,7839.046552721051,4910,0.4529196903438007
4920,0.0,4920,7839.046552721051,4920,0.4529196903438007
4930,0.0,4930,7839.046552721051,4930,0.4529196903438007
4940,0.0,4940,7839.046552721051,4940,0.4529196903438007
4950,0.0,4950,7842.622810434343,4950,0.4497281369197493
4960,0.0,4960,7842.622810434343,4960,0.4497281369197493
4970,0.0,4970,7842.622810434343,4970,0.4497281369197493
4980,3.589186816768065,4980,7846.211997251111,4980,0.4497281369197493
4990,0.0,4990,7846.211997251111,4990,0.44652454936622693
5000,0.0,5000,7846.211997251111,5000,0.44652454936622693
5010,0.0,5010,7849.814254634118,5010,0.4433087997587857
5020,0.0,5020,7849.814254634118,5020,0.4433087997587857
5030,0.0,5030,7849.814254634118,5030,0.4433087997587857
5040,0.0,5040,7849.814254634118,5040,0.4433087997587857
5050,0.0,5050,7853.429726889087,5050,0.44008075758094944
5060,0.0,5060,7857.058561251293,5060,0.4368402896447771
5070,0.0,5070,7864.35692043087,5070,0.43032152988928124
5080,0.0,5080,7868.026755196714,5080,0.427042957575623
5090,0.0,5090,7871.710572166507,5090,0.42375139833172415
5100,0.0,5100,7875.40853465317,5100,0.4204467043008979
5110,0.0,5110,7875.40853465317,5110,0.4204467043008979
5120,0.0,5120,7875.40853465317,5120,0.4204467043008979
5130,0.0,5130,7879.120809500192,5130,0.41712872440362947
5140,0.0,5140,7879.120809500192,5140,0.41712872440362947
5150,0.0,5150,7882.847567197385,5150,0.4137973042311903
5160,0.0,5160,7882.847567197385,5160,0.4137973042311903
5170,0.0,5170,7882.847567197385,5170,0.4137973042311903
5180,0.0,5180,7886.588982001765,5180,0.4104522859346647
5190,0.0,5190,7890.345232063832,5190,0.40709350810893485
5200,0.0,5200,7890.345232063832,5200,0.40709350810893485
5210,0.0,5210,7890.345232063832,5210,0.40709350810893485
5220,0.0,5220,7890.345232063832,5220,0.40709350810893485
5230,0.0,5230,7890.345232063832,5230,0.40709350810893485
5240,0.0,5240,7890.345232063832,5240,0.40709350810893485
5250,0.0,5250,7890.345232063832,5250,0.40709350810893485
5260,0.0,5260,7894.116499559557,5260,0.4037208056713423
5270,0.0,5270,7897.902970828407,5270,0.4003340097349057
5280,0.0,5280,7901.704836517744,5280,0.3969329474754655
5290,0.0,5290,7901.704836517744,5290,0.3969329474754655
5300,0.0,5300,7901.704836517744,5300,0.3969329474754655
5310,0.0,5310,7905.5222917339925,5310,0.3935174419927124
5320,0.0,5320,7909.355536200952,5320,0.390087312164545
5330,0.0,5330,7909.355536200952,5330,0.390087312164545
5340,0.0,5340,7909.355536200952,5340,0.390087312164545
5350,0.0,5350,7909.355536200952,5350,0.390087312164545
5360,0.0,5360,7909.355536200952,5360,0.390087312164545
5370,3.849238224749084,5370,7913.204774425701,5370,0.390087312164545
5380,0.0,5380,7913.204774425701,5380,0.3866423724943615
5390,0.0,5390,7917.070215872543,5390,0.3831824329510279
5400,0.0,5400,7924.850572179805,5400,0.376216770430849
5410,0.0,5410,7924.850572179805,5410,0.376216770430849
5420,0.0,5420,7928.7659324432125,5420,0.3727106431640568
5430,0.0,5430,7928.7659324432125,5430,0.3727106431640568
5440,0.0,5440,7932.698387147322,5440,0.3691887070640164
5450,0.0,5450,7936.648173469991,5450,0.3656507467300659
5460,3.9673613193184685,5460,7940.615534789309,5460,0.3656507467300659
5470,4.00326749294636,5470,7948.603988422925,5470,0.3585258631303893
5480,0.0,5480,7948.603988422925,5480,0.35493847974173537
5490,0.0,5490,7948.603988422925,5490,0.35493847974173537
5500,0.0,5500,7948.603988422925,5500,0.35493847974173537
5510,0.0,5510,7952.625600779035,5510,0.3513341513810182
5520,0.0,5520,7956.665828778005,5520,0.34771263184727463
5530,0.0,5530,7956.665828778005,5530,0.34771263184727463
5540,4.059121995333587,5540,7960.724950773339,5540,0.34771263184727463
5550,0.0,5550,7960.724950773339,5550,0.3440736679913543
5560,0.0,5560,7960.724950773339,5560,0.3440736679913543
5570,0.0,5570,7968.901029988596,5570,0.3367423581707126
5580,4.158056002699902,5580,7981.314285454343,5580,0.32933804599942684
5590,0.0,5590,7981.314285454343,5590,0.32560779825128505
5600,0.0,5600,7981.314285454343,5600,0.32560779825128505
5610,0.0,5610,7985.493084051835,5610,0.32185842340759185
5620,0.0,5620,7989.692966779821,5620,0.31808961027739546
5630,4.243119139551502,5630,7998.157405070333,5630,0.31430103777480106
5640,0.0,5640,7998.157405070333,5640,0.3104923744399151
5650,0.0,5650,7998.157405070333,5650,0.3104923744399151
5660,0.0,5660,8007.632618874278,5660,0.30281339446736877
5670,0.0,5670,8007.632618874278,5670,0.30281339446736877
5680,0.0,5680,8011.943440575325,5680,0.29894235827330806
5690,0.0,5690,8016.277640822109,5690,0.29504979093127925
5700,0.0,5700,8016.277640822109,5700,0.29504979093127925
5710,0.0,5710,8016.277640822109,5710,0.29504979093127925
5720,0.0,5720,8016.277640822109,5720,0.29504979093127925
5730,0.0,5730,8020.635648570363,5730,0.29113530072947574
5740,0.0,5740,8025.017907960238,5740,0.28719848194664704
5750,0.0,5750,8033.857039132978,5750,0.27925616106213347
5760,0.0,5760,8038.314882812922,5760,0.2752497703017455
5770,0.0,5770,8038.314882812922,5770,0.2752497703017455
5780,0.0,5780,8038.314882812922,5780,0.2752497703017455
5790,0.0,5790,8047.309696047441,5790,0.26716417713029994
5800,0.0,5800,8047.309696047441,5800,0.26716417713029994
5810,0.0,5810,8047.309696047441,5810,0.26716417713029994
5820,0.0,5820,8051.847754075802,5820,0.26308397825090213
5830,0.0,5830,8051.847754075802,5830,0.26308397825090213
5840,0.0,5840,8056.413675202377,5840,0.2589781463938189
5850,0.0,5850,8061.008060453906,5850,0.25484613072307016
5860,0.0,5860,8061.008060453906,5860,0.25484613072307016
5870,0.0,5870,8065.631536165045,5870,0.2506873569346344
5880,0.0,5880,8065.631536165045,5880,0.2506873569346344
5890,0.0,5890,8065.631536165045,5890,0.2506873569346344
5900,0.0,5900,8070.284755611377,5900,0.2465012257251999
5910,0.0,5910,8074.968400786013,5910,0.2422871111247099
5920,0.0,5920,8074.968400786013,5920,0.2422871111247099
5930,0.0,5930,8079.683184335926,5930,0.2380443586772161
5940,4.779331627955957,5940,8089.209183304319,5940,0.23377228345249762
5950,0.0,5950,8089.209183304319,5950,0.22947016786811242
5960,0.0,5960,8094.021997335037,5960,0.22513725929892503
5970,0.0,5970,8098.869152289092,5970,0.22077276744741492
5980,0.0,5980,8108.670139811518,5980,0.21194566664257722
5990,0.0,5990,8118.619947101678,5990,0.20298167146974047
6000,0.0,6000,8118.619947101678,6000,0.20298167146974047
6010,0.0,6010,8123.653332636801,6010,0.19844586892492197
6020,0.0,6020,8123.653332636801,6020,0.19844586892492197
6030,0.0,6030,8123.653332636801,6030,0.19844586892492197
6040,0.0,6040,8123.653332636801,6040,0.19844586892492197
6050,0.0,6050,8123.653332636801,6050,0.19844586892492197
6060,0.0,6060,8123.653332636801,6060,0.19844586892492197
6070,0.0,6070,8123.653332636801,6070,0.19844586892492197
6080,0.0,6080,8123.653332636801,6080,0.19844586892492197
6090,0.0,6090,8123.653332636801,6090,0.19844586892492197
6100,0.0,6100,8128.72725553526,6100,0.1938727639212014
6110,0.0,6110,8128.72725553526,6110,0.1938727639212014
6120,0.0,6120,8128.72725553526,6120,0.1938727639212014
6130,0.0,6130,8128.72725553526,6130,0.1938727639212014
6140,0.0,6140,8128.72725553526,6140,0.1938727639212014
6150,0.0,6150,8128.72725553526,6150,0.1938727639212014
6160,0.0,6160,8128.72725553526,6160,0.1938727639212014
6170,0.0,6170,8128.72725553526,6170,0.1938727639212014
6180,0.0,6180,8128.72725553526,6180,0.1938727639212014
6190,0.0,6190,8128.72725553526,6190,0.1938727639212014
6200,0.0,6200,8128.72725553526,6200,0.1938727639212014
6210,0.0,6210,8139.001784574273,6210,0.18460995178203946
6220,0.0,6220,8139.001784574273,6220,0.18460995178203946
6230,0.0,6230,8139.001784574273,6230,0.18460995178203946
6240,0.0,6240,8139.001784574273,6240,0.18460995178203946
6250,0.0,6250,8144.205125740559,6250,0.1799177095100822
6260,0.0,6260,8149.4544899252905,6260,0.17518307956654208
6270,0.0,6270,8154.751481043175,6270,0.17040457121313837
6280,0.0,6280,8160.097815595807,6280,0.16558058711164336
6290,0.0,6290,8160.097815595807,6290,0.16558058711164336
6300,0.0,6300,8165.495334959018,6300,0.16070941146778137
6310,0.0,6310,8165.495334959018,6310,0.16070941146778137
6320,0.0,6320,8165.495334959018,6320,0.16070941146778137
6330,0.0,6330,8165.495334959018,6330,0.16070941146778137
6340,0.0,6340,8165.495334959018,6340,0.16070941146778137
6350,0.0,6350,8165.495334959018,6350,0.16070941146778137
6360,0.0,6360,8165.495334959018,6360,0.16070941146778137
6370,0.0,6370,8170.946019525941,6370,0.15578919634896188
6380,5.505985543985361,6380,8176.452005069926,6380,0.15578919634896188
6390,0.0,6390,8176.452005069926,6390,0.15081794580999403
6400,0.0,6400,8176.452005069926,6400,0.15081794580999403
6410,0.0,6410,8176.452005069926,6410,0.15081794580999403
6420,0.0,6420,8176.452005069926,6420,0.15081794580999403
6430,0.0,6430,8187.63931654278,6430,0.1407135002593028
6440,0.0,6440,8187.63931654278,6440,0.1407135002593028
6450,0.0,6450,8187.63931654278,6450,0.1407135002593028
6460,0.0,6460,8187.63931654278,6460,0.1407135002593028
6470,0.0,6470,8187.63931654278,6470,0.1407135002593028
6480,0.0,6480,8187.63931654278,6480,0.1407135002593028
6490,0.0,6490,8187.63931654278,6490,0.1407135002593028
6500,0.0,6500,8187.63931654278,6500,0.1407135002593028
6510,0.0,6510,8187.63931654278,6510,0.1407135002593028
6520,0.0,6520,8187.63931654278,6520,0.1407135002593028
6530,0.0,6530,8187.63931654278,6530,0.1407135002593028
6540,0.0,6540,8187.63931654278,6540,0.1407135002593028
6550,0.0,6550,8187.63931654278,6550,0.1407135002593028
6560,0.0,6560,8187.63931654278,6560,0.1407135002593028
6570,0.0,6570,8187.63931654278,6570,0.1407135002593028
6580,0.0,6580,8193.325879178026,6580,0.13557538971446345
6590,0.0,6590,8193.325879178026,6590,0.13557538971446345
6600,0.0,6600,8193.325879178026,6600,0.13557538971446345
6610,0.0,6610,8193.325879178026,6610,0.13557538971446345
6620,0.0,6620,8199.07827357385,6620,0.13037635635496675
6630,0.0,6630,8199.07827357385,6630,0.13037635635496675
6640,0.0,6640,8199.07827357385,6640,0.13037635635496675
6650,0.0,6650,8199.07827357385,6650,0.13037635635496675
6660,0.0,6660,8199.07827357385,6660,0.13037635635496675
6670,0.0,6670,8199.07827357385,6670,0.13037635635496675
6680,0.0,6680,8199.07827357385,6680,0.13037635635496675
6690,0.0,6690,8199.07827357385,6690,0.13037635635496675
6700,0.0,6700,8199.07827357385,6700,0.13037635635496675
6710,5.821501317442117,6710,8204.899774891292,6710,0.13037635635496675
6720,0.0,6720,8204.899774891292,6720,0.1251133094337047
6730,0.0,6730,8204.899774891292,6730,0.1251133094337047
6740,0.0,6740,8204.899774891292,6740,0.1251133094337047
6750,0.0,6750,8204.899774891292,6750,0.1251133094337047
6760,0.0,6760,8204.899774891292,6760,0.1251133094337047
6770,0.0,6770,8204.899774891292,6770,0.1251133094337047
6780,0.0,6780,8204.899774891292,6780,0.1251133094337047
6790,0.0,6790,8204.899774891292,6790,0.1251133094337047
6800,0.0,6800,8210.793994412908,6800,0.11978283232979378
6810,0.0,6810,8210.793994412908,6810,0.11978283232979378
6820,0.0,6820,8216.764934098264,6820,0.11438112812809885
6830,0.0,6830,8222.817053624556,6830,0.1089039523601023
6840,0.0,6840,8222.817053624556,6840,0.1089039523601023
6850,0.0,6850,8222.817053624556,6850,0.1089039523601023
6860,0.0,6860,8222.817053624556,6860,0.1089039523601023
6870,0.0,6870,8228.95535370185,6870,0.10334652888014213
6880,0.0,6880,8228.95535370185,6880,0.10334652888014213
6890,0.0,6890,8228.95535370185,6890,0.10334652888014213
6900,0.0,6900,8228.95535370185,6900,0.10334652888014213
6910,0.0,6910,8228.95535370185,6910,0.10334652888014213
6920,0.0,6920,8228.95535370185,6920,0.10334652888014213
6930,0.0,6930,8228.95535370185,6930,0.10334652888014213
6940,0.0,6940,8228.95535370185,6940,0.10334652888014213
6950,0.0,6950,8228.95535370185,6950,0.10334652888014213
6960,0.0,6960,8228.95535370185,6960,0.10334652888014213
6970,0.0,6970,8235.18548092229,6970,0.09770344323361954
6980,0.0,6980,8235.18548092229,6980,0.09770344323361954
6990,0.0,6990,8235.18548092229,6990,0.09770344323361954
7000,0.0,7000,8235.18548092229,7000,0.09770344323361954
7010,0.0,7010,8235.18548092229,7010,0.09770344323361954
7020,0.0,7020,8241.513861584042,7020,0.09196850544300941
7030,0.0,7030,8241.513861584042,7030,0.09196850544300941
7040,0.0,7040,8247.947875246478,7040,0.086134570389505
7050,0.0,7050,8247.947875246478,7050,0.086134570389505
7060,0.0,7060,8247.947875246478,7060,0.086134570389505
7070,0.0,7070,8247.947875246478,7070,0.086134570389505
7080,0.0,7080,8247.947875246478,7080,0.086134570389505
7090,0.0,7090,8247.947875246478,7090,0.086134570389505
7100,0.0,7100,8247.947875246478,7100,0.086134570389505
7110,0.0,7110,8247.947875246478,7110,0.086134570389505
7120,0.0,7120,8247.947875246478,7120,0.086134570389505
7130,0.0,7130,8247.947875246478,7130,0.086134570389505
7140,0.0,7140,8247.947875246478,7140,0.086134570389505
7150,0.0,7150,8247.947875246478,7150,0.086134570389505
7160,0.0,7160,8247.947875246478,7160,0.086134570389505
7170,0.0,7170,8247.947875246478,7170,0.086134570389505
7180,0.0,7180,8247.947875246478,7180,0.086134570389505
7190,0.0,7190,8247.947875246478,7190,0.086134570389505
7200,0.0,7200,8247.947875246478,7200,0.086134570389505
7210,0.0,7210,8247.947875246478,7210,0.086134570389505
7220,0.0,7220,8247.947875246478,7220,0.086134570389505
7230,0.0,7230,8247.947875246478,7230,0.086134570389505
7240,0.0,7240,8247.947875246478,7240,0.086134570389505
7250,0.0,7250,8247.947875246478,7250,0.086134570389505
7260,0.0,7260,8247.947875246478,7260,0.086134570389505
7270,0.0,7270,8247.947875246478,7270,0.086134570389505
7280,0.0,7280,8247.947875246478,7280,0.086134570389505
7290,0.0,7290,8247.947875246478,7290,0.086134570389505
7300,0.0,7300,8254.496083952108,7300,0.08019329801764045
7310,0.0,7310,8254.496083952108,7310,0.08019329801764045
7320,0.0,7320,8254.496083952108,7320,0.08019329801764045
7330,0.0,7330,8254.496083952108,7330,0.08019329801764045
7340,0.0,7340,8254.496083952108,7340,0.08019329801764045
7350,0.0,7350,8254.496083952108,7350,0.08019329801764045
7360,0.0,7360,8254.496083952108,7360,0.08019329801764045
7370,0.0,7370,8254.496083952108,7370,0.08019329801764045
7380,0.0,7380,8254.496083952108,7380,0.08019329801764045
7390,0.0,7390,8254.496083952108,7390,0.08019329801764045
7400,0.0,7400,8254.496083952108,7400,0.08019329801764045
7410,0.0,7410,8254.496083952108,7410,0.08019329801764045
7420,0.0,7420,8254.496083952108,7420,0.08019329801764045
7430,0.0,7430,8254.496083952108,7430,0.08019329801764045
7440,0.0,7440,8254.496083952108,7440,0.08019329801764045
7450,0.0,7450,8254.496083952108,7450,0.08019329801764045
7460,0.0,7460,8261.168541394602,7460,0.07413482582012575
7470,0.0,7470,8261.168541394602,7470,0.07413482582012575
7480,0.0,7480,8261.168541394602,7480,0.07413482582012575
7490,0.0,7490,8267.977220244631,7490,0.06794730938054411
7500,0.0,7500,8267.977220244631,7500,0.06794730938054411
7510,0.0,7510,8267.977220244631,7510,0.06794730938054411
7520,0.0,7520,8267.977220244631,7520,0.06794730938054411
7530,0.0,7530,8267.977220244631,7530,0.06794730938054411
7540,0.0,7540,8267.977220244631,7540,0.06794730938054411
7550,0.0,7550,8267.977220244631,7550,0.06794730938054411
7560,0.0,7560,8267.977220244631,7560,0.06794730938054411
7570,0.0,7570,8267.977220244631,7570,0.06794730938054411
7580,0.0,7580,8267.977220244631,7580,0.06794730938054411
7590,0.0,7590,8274.936620100898,7590,0.06161625693722355
7600,0.0,7600,8274.936620100898,7600,0.06161625693722355
7610,0.0,7610,8274.936620100898,7610,0.06161625693722355
7620,0.0,7620,8274.936620100898,7620,0.06161625693722355
7630,0.0,7630,8274.936620100898,7630,0.06161625693722355
7640,0.0,7640,8274.936620100898,7640,0.06161625693722355
7650,0.0,7650,8274.936620100898,7650,0.06161625693722355
7660,0.0,7660,8274.936620100898,7660,0.06161625693722355
7670,0.0,7670,8274.936620100898,7670,0.06161625693722355
7680,0.0,7680,8274.936620100898,7680,0.06161625693722355
7690,0.0,7690,8274.936620100898,7690,0.06161625693722355
7700,0.0,7700,8274.936620100898,7700,0.06161625693722355
7710,0.0,7710,8274.936620100898,7710,0.06161625693722355
7720,0.0,7720,8274.936620100898,7720,0.06161625693722355
7730,0.0,7730,8274.936620100898,7730,0.06161625693722355
7740,0.0,7740,8274.936620100898,7740,0.06161625693722355
7750,7.128042799506865,7750,8282.064662900404,7750,0.06161625693722355
7760,0.0,7760,8282.064662900404,7760,0.05512352762836087
7770,0.0,7770,8282.064662900404,7770,0.05512352762836087
7780,0.0,7780,8282.064662900404,7780,0.05512352762836087
7790,0.0,7790,8282.064662900404,7790,0.05512352762836087
7800,0.0,7800,8282.064662900404,7800,0.05512352762836087
7810,0.0,7810,8282.064662900404,7810,0.05512352762836087
7820,0.0,7820,8282.064662900404,7820,0.05512352762836087
7830,0.0,7830,8289.384068748657,7830,0.04844574937314091
7840,0.0,7840,8289.384068748657,7840,0.04844574937314091
7850,0.0,7850,8289.384068748657,7850,0.04844574937314091
7860,0.0,7860,8289.384068748657,7860,0.04844574937314091
7870,0.0,7870,8289.384068748657,7870,0.04844574937314091
7880,0.0,7880,8289.384068748657,7880,0.04844574937314091
7890,0.0,7890,8289.384068748657,7890,0.04844574937314091
7900,0.0,7900,8289.384068748657,7900,0.04844574937314091
7910,0.0,7910,8289.384068748657,7910,0.04844574937314091
7920,0.0,7920,8289.384068748657,7920,0.04844574937314091
7930,0.0,7930,8289.384068748657,7930,0.04844574937314091
7940,0.0,7940,8289.384068748657,7940,0.04844574937314091
7950,0.0,7950,8289.384068748657,7950,0.04844574937314091
7960,0.0,7960,8289.384068748657,7960,0.04844574937314091
7970,0.0,7970,8296.924585018056,7970,0.041551662580838256
7980,0.0,7980,8296.924585018056,7980,0.041551662580838256
7990,0.0,7990,8296.924585018056,7990,0.041551662580838256
8000,0.0,8000,8296.924585018056,8000,0.041551662580838256
8010,0.0,8010,8296.924585018056,8010,0.041551662580838256
8020,0.0,8020,8304.726853722104,8020,0.034397284086144696
8030,0.0,8030,8304.726853722104,8030,0.034397284086144696
8040,0.0,8040,8304.726853722104,8040,0.034397284086144696
8050,0.0,8050,8304.726853722104,8050,0.034397284086144696
8060,0.0,8060,8304.726853722104,8060,0.034397284086144696
8070,0.0,8070,8304.726853722104,8070,0.034397284086144696
8080,0.0,8080,8304.726853722104,8080,0.034397284086144696
8090,0.0,8090,8304.726853722104,8090,0.034397284086144696
8100,0.0,8100,8304.726853722104,8100,0.034397284086144696
8110,0.0,8110,8304.726853722104,8110,0.034397284086144696
8120,0.0,8120,8304.726853722104,8120,0.034397284086144696
8130,0.0,8130,8304.726853722104,8130,0.034397284086144696
8140,0.0,8140,8304.726853722104,8140,0.034397284086144696
8150,0.0,8150,8304.726853722104,8150,0.034397284086144696
8160,0.0,8160,8304.726853722104,8160,0.034397284086144696
8170,0.0,8170,8304.726853722104,8170,0.034397284086144696
8180,0.0,8180,8304.726853722104,8180,0.034397284086144696
8190,0.0,8190,8304.726853722104,8190,0.034397284086144696
8200,0.0,8200,8304.726853722104,8200,0.034397284086144696
8210,0.0,8210,8304.726853722104,8210,0.034397284086144696
8220,0.0,8220,8304.726853722104,8220,0.034397284086144696
8230,0.0,8230,8304.726853722104,8230,0.034397284086144696
8240,0.0,8240,8304.726853722104,8240,0.034397284086144696
8250,0.0,8250,8304.726853722104,8250,0.034397284086144696
8260,0.0,8260,8304.726853722104,8260,0.034397284086144696
8270,0.0,8270,8304.726853722104,8270,0.034397284086144696
8280,0.0,8280,8304.726853722104,8280,0.034397284086144696
8290,0.0,8290,8304.726853722104,8290,0.034397284086144696
8300,0.0,8300,8312.849768578862,8300,0.026916047199215615
8310,0.0,8310,8312.849768578862,8310,0.026916047199215615
8320,0.0,8320,8312.849768578862,8320,0.026916047199215615
8330,0.0,8330,8312.849768578862,8330,0.026916047199215615
8340,0.0,8340,8312.849768578862,8340,0.026916047199215615
8350,0.0,8350,8312.849768578862,8350,0.026916047199215615
8360,0.0,8360,8312.849768578862,8360,0.026916047199215615
8370,0.0,8370,8312.849768578862,8370,0.026916047199215615
8380,0.0,8380,8312.849768578862,8380,0.026916047199215615
8390,0.0,8390,8312.849768578862,8390,0.026916047199215615
8400,0.0,8400,8312.849768578862,8400,0.026916047199215615
8410,0.0,8410,8312.849768578862,8410,0.026916047199215615
8420,0.0,8420,8312.849768578862,8420,0.026916047199215615
8430,0.0,8430,8312.849768578862,8430,0.026916047199215615
8440,0.0,8440,8312.849768578862,8440,0.026916047199215615
8450,0.0,8450,8312.849768578862,8450,0.026916047199215615
8460,0.0,8460,8312.849768578862,8460,0.026916047199215615
8470,0.0,8470,8312.849768578862,8470,0.026916047199215615
8480,0.0,8480,8312.849768578862,8480,0.026916047199215615
8490,0.0,8490,8312.849768578862,8490,0.026916047199215615
8500,0.0,8500,8312.849768578862,8500,0.026916047199215615
8510,0.0,8510,8312.849768578862,8510,0.026916047199215615
8520,0.0,8520,8312.849768578862,8520,0.026916047199215615
8530,0.0,8530,8321.386439021728,8530,0.018994924153105535
8540,0.0,8540,8321.386439021728,8540,0.018994924153105535
8550,0.0,8550,8321.386439021728,8550,0.018994924153105535
8560,0.0,8560,8321.386439021728,8560,0.018994924153105535
8570,0.0,8570,8321.386439021728,8570,0.018994924153105535
8580,0.0,8580,8321.386439021728,8580,0.018994924153105535
8590,0.0,8590,8321.386439021728,8590,0.018994924153105535
8600,0.0,8600,8321.386439021728,8600,0.018994924153105535
8610,0.0,8610,8321.386439021728,8610,0.018994924153105535
8620,0.0,8620,8321.386439021728,8620,0.018994924153105535
8630,0.0,8630,8321.386439021728,8630,0.018994924153105535
8640,0.0,8640,8321.386439021728,8640,0.018994924153105535
8650,0.0,8650,8321.386439021728,8650,0.018994924153105535
8660,0.0,8660,8321.386439021728,8660,0.018994924153105535
8670,0.0,8670,8321.386439021728,8670,0.018994924153105535
8680,0.0,8680,8321.386439021728,8680,0.018994924153105535
8690,0.0,8690,8321.386439021728,8690,0.018994924153105535
8700,0.0,8700,8321.386439021728,8700,0.018994924153105535
8710,0.0,8710,8321.386439021728,8710,0.018994924153105535
8720,0.0,8720,8321.386439021728,8720,0.018994924153105535
8730,0.0,8730,8321.386439021728,8730,0.018994924153105535
8740,0.0,8740,8321.386439021728,8740,0.018994924153105535
8750,0.0,8750,8321.386439021728,8750,0.018994924153105535
8760,0.0,8760,8321.386439021728,8760,0.018994924153105535
8770,0.0,8770,8321.386439021728,8770,0.018994924153105535
8780,0.0,8780,8321.386439021728,8780,0.018994924153105535
8790,0.0,8790,8321.386439021728,8790,0.018994924153105535
8800,0.0,8800,8321.386439021728,8800,0.018994924153105535
8810,0.0,8810,8321.386439021728,8810,0.018994924153105535
8820,0.0,8820,8321.386439021728,8820,0.018994924153105535
8830,0.0,8830,8321.386439021728,8830,0.018994924153105535
8840,0.0,8840,8321.386439021728,8840,0.018994924153105535
8850,0.0,8850,8321.386439021728,8850,0.018994924153105535
8860,0.0,8860,8321.386439021728,8860,0.018994924153105535
8870,0.0,8870,8321.386439021728,8870,0.018994924153105535
8880,0.0,8880,8321.386439021728,8880,0.018994924153105535
8890,0.0,8890,8321.386439021728,8890,0.018994924153105535
8900,0.0,8900,8321.386439021728,8900,0.018994924153105535
8910,0.0,8910,8321.386439021728,8910,0.018994924153105535
8920,0.0,8920,8321.386439021728,8920,0.018994924153105535
8930,0.0,8930,8321.386439021728,8930,0.018994924153105535
8940,0.0,8940,8321.386439021728,8940,0.018994924153105535
8950,0.0,8950,8321.386439021728,8950,0.018994924153105535
8960,0.0,8960,8321.386439021728,8960,0.018994924153105535
8970,0.0,8970,8321.386439021728,8970,0.018994924153105535
8980,0.0,8980,8321.386439021728,8980,0.018994924153105535
8990,0.0,8990,8321.386439021728,8990,0.018994924153105535
9000,0.0,9000,8321.386439021728,9000,0.018994924153105535
9010,0.0,9010,8321.386439021728,9010,0.018994924153105535
9020,0.0,9020,8321.386439021728,9020,0.018994924153105535
9030,0.0,9030,8321.386439021728,9030,0.018994924153105535
9040,0.0,9040,8321.386439021728,9040,0.018994924153105535
9050,0.0,9050,8321.386439021728,9050,0.018994924153105535
9060,0.0,9060,8321.386439021728,9060,0.018994924153105535
9070,0.0,9070,8321.386439021728,9070,0.018994924153105535
9080,0.0,9080,8321.386439021728,9080,0.018994924153105535
9090,0.0,9090,8321.386439021728,9090,0.018994924153105535
9100,0.0,9100,8321.386439021728,9100,0.018994924153105535
9110,0.0,9110,8321.386439021728,9110,0.018994924153105535
9120,0.0,9120,8321.386439021728,9120,0.018994924153105535
9130,0.0,9130,8321.386439021728,9130,0.018994924153105535
9140,0.0,9140,8321.386439021728,9140,0.018994924153105535
9150,0.0,9150,8321.386439021728,9150,0.018994924153105535
9160,0.0,9160,8321.386439021728,9160,0.018994924153105535
9170,0.0,9170,8321.386439021728,9170,0.018994924153105535
9180,0.0,9180,8321.386439021728,9180,0.018994924153105535
9190,0.0,9190,8321.386439021728,9190,0.018994924153105535
9200,0.0,9200,8321.386439021728,9200,0.018994924153105535
9210,0.0,9210,8321.386439021728,9210,0.018994924153105535
9220,0.0,9220,8321.386439021728,9220,0.018994924153105535
9230,0.0,9230,8321.386439021728,9230,0.018994924153105535
9240,0.0,9240,8321.386439021728,9240,0.018994924153105535
9250,0.0,9250,8321.386439021728,9250,0.018994924153105535
9260,0.0,9260,8330.506790081148,9260,0.010395763193319911
9270,0.0,9270,8330.506790081148,9270,0.010395763193319911
9280,0.0,9280,8330.506790081148,9280,0.010395763193319911
9290,0.0,9290,8330.506790081148,9290,0.010395763193319911
9300,0.0,9300,8330.506790081148,9300,0.010395763193319911
9310,0.0,9310,8330.506790081148,9310,0.010395763193319911
9320,0.0,9320,8330.506790081148,9320,0.010395763193319911
9330,0.0,9330,8330.506790081148,9330,0.010395763193319911
9340,0.0,9340,8330.506790081148,9340,0.010395763193319911
9350,0.0,9350,8330.506790081148,9350,0.010395763193319911
9360,0.0,9360,8330.506790081148,9360,0.010395763193319911
9370,0.0,9370,8330.506790081148,9370,0.010395763193319911
9380,0.0,9380,8330.506790081148,9380,0.010395763193319911
9390,0.0,9390,8330.506790081148,9390,0.010395763193319911
9400,0.0,9400,8330.506790081148,9400,0.010395763193319911
9410,0.0,9410,8330.506790081148,9410,0.010395763193319911
9420,0.0,9420,8330.506790081148,9420,0.010395763193319911
9430,0.0,9430,8330.506790081148,9430,0.010395763193319911
9440,0.0,9440,8330.506790081148,9440,0.010395763193319911
9450,0.0,9450,8330.506790081148,9450,0.010395763193319911
9460,0.0,9460,8330.506790081148,9460,0.010395763193319911
9470,0.0,9470,8330.506790081148,9470,0.010395763193319911
9480,0.0,9480,8330.506790081148,9480,0.010395763193319911
9490,0.0,9490,8330.506790081148,9490,0.010395763193319911
9500,0.0,9500,8330.506790081148,9500,0.010395763193319911
9510,0.0,9510,8330.506790081148,9510,0.010395763193319911
9520,0.0,9520,8330.506790081148,9520,0.010395763193319911
9530,0.0,9530,8330.506790081148,9530,0.010395763193319911
9540,0.0,9540,8330.506790081148,9540,0.010395763193319911
9550,0.0,9550,8330.506790081148,9550,0.010395763193319911
9560,0.0,9560,8330.506790081148,9560,0.010395763193319911
9570,0.0,9570,8330.506790081148,9570,0.010395763193319911
9580,0.0,9580,8330.506790081148,9580,0.010395763193319911
9590,0.0,9590,8330.506790081148,9590,0.010395763193319911
9600,0.0,9600,8330.506790081148,9600,0.010395763193319911
9610,0.0,9610,8330.506790081148,9610,0.010395763193319911
9620,0.0,9620,8330.506790081148,9620,0.010395763193319911
9630,0.0,9630,8330.506790081148,9630,0.010395763193319911
9640,0.0,9640,8330.506790081148,9640,0.010395763193319911
9650,0.0,9650,8330.506790081148,9650,0.010395763193319911
9660,0.0,9660,8330.506790081148,9660,0.010395763193319911
9670,0.0,9670,8330.506790081148,9670,0.010395763193319911
9680,0.0,9680,8330.506790081148,9680,0.010395763193319911
9690,0.0,9690,8330.506790081148,9690,0.010395763193319911
9700,0.0,9700,8330.506790081148,9700,0.010395763193319911
9710,0.0,9710,8330.506790081148,9710,0.010395763193319911
9720,0.0,9720,8330.506790081148,9720,0.010395763193319911
9730,0.0,9730,8330.506790081148,9730,0.010395763193319911
9740,0.0,9740,8330.506790081148,9740,0.010395763193319911
9750,0.0,9750,8330.506790081148,9750,0.010395763193319911
9760,0.0,9760,8330.506790081148,9760,0.010395763193319911
9770,0.0,9770,8330.506790081148,9770,0.010395763193319911
9780,0.0,9780,8330.506790081148,9780,0.010395763193319911
9790,0.0,9790,8330.506790081148,9790,0.010395763193319911
9800,0.0,9800,8330.506790081148,9800,0.010395763193319911
9810,0.0,9810,8330.506790081148,9810,0.010395763193319911
9820,0.0,9820,8330.506790081148,9820,0.010395763193319911
9830,0.0,9830,8330.506790081148,9830,0.010395763193319911
9840,0.0,9840,8330.506790081148,9840,0.010395763193319911
9850,0.0,9850,8330.506790081148,9850,0.010395763193319911
9860,0.0,9860,8330.506790081148,9860,0.010395763193319911
9870,0.0,9870,8330.506790081148,9870,0.010395763193319911
9880,0.0,9880,8330.506790081148,9880,0.010395763193319911
9890,0.0,9890,8330.506790081148,9890,0.010395763193319911
9900,0.0,9900,8330.506790081148,9900,0.010395763193319911
9910,0.0,9910,8330.506790081148,9910,0.010395763193319911
9920,0.0,9920,8330.506790081148,9920,0.010395763193319911
9930,0.0,9930,8330.506790081148,9930,0.010395763193319911
9940,0.0,9940,8330.506790081148,9940,0.010395763193319911
9950,0.0,9950,8330.506790081148,9950,0.010395763193319911
9960,0.0,9960,8330.506790081148,9960,0.010395763193319911
9970,0.0,9970,8330.506790081148,9970,0.010395763193319911
9980,0.0,9980,8330.506790081148,9980,0.010395763193319911
9990,0.0,9990,8330.506790081148,9990,0.010395763193319911
10000,0.0,10000,8330.506790081148,10000,0.010395763193319911
