Time,S,S1,S1_sum,E,I,I_d,R
0,10000000,0,0,0,20,0,0
1,10000094,2,98,4,20,0,0
2,10000093,100,100,7,18,2,0
3,10000190,101,199,9,17,3,0
4,10000386,3,397,11,16,3,1
5,10000383,100,400,17,15,4,1
6,10000481,100,500,19,12,6,2
7,10000679,1,699,20,9,7,4
8,10000776,2,798,22,9,7,4
9,10000877,1,899,22,8,8,4
10,10000877,100,900,23,8,8,4
11,10000974,101,999,25,8,8,4
12,10001073,101,1099,26,8,8,4
13,10001170,102,1198,28,8,8,4
14,10001369,2,1398,29,8,8,4
15,10001371,100,1400,29,8,8,4
16,10001469,102,1498,29,6,10,4
17,10001667,4,1696,29,6,10,4
18,10001771,0,1800,29,6,10,4
19,10001868,2,1898,30,6,10,4
20,10001869,100,1900,31,3,12,5
21,10001969,100,2000,31,3,12,5
22,10002168,1,2199,31,3,12,5
23,10002269,0,2300,31,2,13,5
24,10002366,2,2398,32,2,13,5
25,10002466,2,2498,32,2,13,5
26,10002469,100,2500,31,3,13,4
27,10002567,101,2599,32,3,13,4
28,10002766,2,2798,32,3,13,4
29,10002866,0,2900,33,3,14,4
30,10002864,100,2900,34,2,14,6
31,10003063,1,3099,32,4,14,6
32,10003062,100,3100,32,6,14,6
33,10003159,102,3198,33,5,14,7
34,10003260,101,3299,34,5,14,6
35,10003458,2,3498,35,4,15,6
36,10003559,0,3600,36,4,15,6
37,10003559,100,3600,37,4,15,5
38,10003755,2,3798,39,4,15,5
39,10003757,100,3800,39,4,15,5
40,10003856,100,3900,40,4,15,5
41,10004054,2,4098,40,4,15,5
42,10004155,0,4200,41,4,15,5
43,10004253,2,4298,40,5,15,5
44,10004354,1,4399,41,5,15,4
45,10004454,1,4499,39,7,15,4
46,10004454,100,4500,40,7,15,4
47,10004651,1,4699,41,8,15,4
48,10004752,1,4799,40,9,15,3
49,10004848,2,4898,42,9,16,3
50,10004850,100,4900,42,9,16,3
51,10005051,0,5100,42,9,16,2
52,10005050,100,5100,43,7,18,2
53,10005147,102,5198,44,7,18,2
54,10005246,101,5299,46,7,18,2
55,10005345,100,5400,47,8,18,2
56,10005543,0,5600,48,9,18,2
57,10005641,0,5700,50,8,19,2
58,10005739,1,5799,50,9,19,2
59,10005836,2,5898,51,9,19,3
60,10005937,0,6000,52,7,21,3
61,10005936,100,6000,53,7,21,3
62,10006032,101,6099,55,8,21,3
63,10006130,101,6199,55,10,21,3
64,10006228,102,6298,56,8,21,5
65,10006328,100,6400,56,9,22,5
66,10006425,101,6499,57,9,23,5
67,10006624,0,6700,58,10,23,5
68,10006620,100,6700,62,10,23,5
69,10006813,3,6897,64,10,24,6
70,10006914,1,6999,65,10,24,6
71,10007015,0,7100,65,10,24,6
72,10007112,1,7199,67,9,25,6
73,10007209,1,7299,69,10,25,6
74,10007308,0,7400,69,12,25,6
75,10007307,100,7400,69,11,26,7
76,10007406,100,7500,70,9,27,8
77,10007504,102,7598,70,9,27,8
78,10007602,103,7697,71,9,27,8
79,10007803,1,7899,70,11,27,8
80,10007801,100,7900,73,11,27,8
81,10007999,2,8098,72,11,28,8
82,10008102,1,8199,72,10,28,7
83,10008199,1,8299,72,12,28,8
84,10008300,0,8400,72,11,29,8
85,10008397,1,8499,74,10,30,8
86,10008494,1,8599,76,11,30,8
87,10008593,0,8700,77,12,30,8
88,10008686,5,8795,79,13,30,7
89,10008789,0,8900,81,13,30,7
90,10008886,1,8999,82,13,30,8
91,10008885,100,9000,85,12,30,8
92,10009080,4,9196,86,12,30,8
93,10009081,100,9200,89,11,30,9
94,10009178,100,9300,91,10,32,9
95,10009376,1,9499,91,11,32,9
96,10009473,1,9599,90,13,33,10
97,10009573,0,9700,90,11,35,11
98,10009572,100,9700,91,11,35,11
99,10009669,101,9799,93,10,36,11
100,10009767,101,9899,95,10,36,11
101,10009868,100,10000,96,10,36,10
102,10009966,101,10099,98,10,36,9
103,10010164,1,10299,99,10,37,9
104,10010260,3,10397,101,10,37,9
105,10010259,100,10400,104,11,37,9
106,10010456,0,10600,104,14,37,9
107,10010455,100,10600,103,14,39,9
108,10010650,2,10798,105,14,40,9
109,10010649,100,10800,107,15,40,9
110,10010845,1,10999,110,14,41,9
111,10010845,100,11000,109,15,41,10
112,10010942,1,11099,110,14,43,10
113,10010941,100,11100,112,11,45,11
114,10011138,3,11297,110,11,46,12
115,10011140,100,11300,110,11,47,12
116,10011238,100,11400,110,12,47,13
117,10011433,3,11597,113,11,48,12
118,10011535,0,11700,113,12,48,12
119,10011534,100,11700,111,15,48,12
120,10011731,1,11899,113,15,48,12
121,10011828,2,11998,113,18,48,11
122,10011827,100,12000,115,18,49,11
123,10011924,103,12097,115,18,49,11
124,10012019,104,12196,116,20,49,12
125,10012218,1,12399,119,21,49,12
126,10012317,0,12500,120,21,49,13
127,10012312,100,12500,125,20,49,14
128,10012411,100,12600,125,19,51,14
129,10012603,2,12798,130,20,51,14
130,10012704,0,12900,130,18,54,14
131,10012798,2,12998,134,17,55,14
132,10012896,2,13098,134,17,57,14
133,10012991,1,13199,138,18,57,15
134,10012989,100,13200,139,19,57,16
135,10013084,102,13298,141,17,58,18
136,10013283,1,13499,141,19,58,18
137,10013379,3,13597,143,17,60,18
138,10013381,100,13600,142,16,62,19
139,10013575,2,13798,144,17,63,19
140,10013675,0,13900,146,15,63,21
141,10013771,1,13999,149,15,64,20
142,10013865,4,14096,153,15,64,19
143,10013966,1,14199,155,15,65,18
144,10013962,100,14200,159,14,67,18
145,10014060,102,14298,157,16,67,18
146,10014159,102,14398,157,17,67,18
147,10014259,101,14499,159,14,70,17
148,10014457,1,14699,160,14,70,18
149,10014458,100,14700,156,17,71,18
150,10014557,101,14799,156,16,72,18
151,10014758,0,15000,157,14,74,17
152,10014753,100,15000,161,14,74,18
153,10014853,100,15100,158,15,75,19
154,10014953,101,15199,159,15,75,17
155,10015153,0,15400,158,16,75,18
156,10015150,100,15400,159,18,75,18
157,10015349,0,15600,160,16,77,18
158,10015447,2,15698,160,17,77,17
159,10015541,1,15799,164,18,78,18
160,10015542,100,15800,164,16,80,18
161,10015737,3,15997,164,17,81,18
162,10015737,100,16000,164,17,83,19
163,10015831,102,16098,166,18,84,19
164,10016030,1,16299,167,19,84,19
165,10016128,1,16399,166,20,84,21
166,10016230,0,16500,164,22,85,19
167,10016324,1,16599,167,23,85,20
168,10016321,100,16600,170,23,86,20
169,10016515,5,16795,170,23,87,20
170,10016615,1,16899,173,22,88,21
171,10016711,1,16999,176,23,88,21
172,10016706,100,17000,182,23,88,21
173,10016800,104,17096,184,23,89,20
174,10016902,100,17200,187,22,90,19
175,10016997,101,17299,190,22,91,19
176,10017192,1,17499,193,22,92,20
177,10017289,0,17600,196,22,93,20
178,10017286,100,17600,195,25,94,20
179,10017382,100,17700,195,29,94,20
180,10017477,101,17799,197,31,94,20
181,10017570,101,17899,204,29,96,20
182,10017667,100,18000,206,29,97,21
183,10017764,101,18099,207,28,99,21
184,10017858,100,18200,211,30,100,21
185,10018047,1,18399,216,32,100,24
186,10018140,1,18499,220,32,101,26
187,10018234,1,18599,225,34,101,25
188,10018227,100,18600,233,33,101,26
189,10018416,6,18794,231,35,105,27
190,10018516,3,18897,236,33,106,26
191,10018515,100,18900,239,30,110,26
192,10018608,102,18998,244,29,112,25
193,10018805,1,19199,250,29,112,23
194,10018901,0,19300,253,28,114,24
195,10018998,1,19399,254,29,114,24
196,10018994,100,19400,257,30,114,25
197,10019091,101,19499,260,29,114,25
198,10019286,1,19699,265,26,118,24
199,10019285,100,19700,266,28,118,23
200,10019381,101,19799,268,26,120,24
201,10019476,102,19898,268,30,120,24
202,10019674,1,20099,272,29,120,24
203,10019667,100,20100,277,32,120,24
204,10019765,101,20199,279,30,121,24
205,10019959,5,20395,277,33,123,23
206,10019958,100,20400,282,31,126,23
207,10020046,103,20497,289,30,129,23
208,10020146,102,20598,288,31,129,24
209,10020343,1,20799,288,34,130,24
210,10020437,3,20897,291,32,133,24
211,10020532,1,20999,298,31,133,25
212,10020530,100,21000,296,31,135,28
213,10020720,2,21198,299,34,137,28
214,10020716,100,21200,302,35,138,29
215,10020903,4,21396,306,39,139,29
216,10021002,1,21499,307,40,141,29
217,10021094,2,21598,314,38,144,28
218,10021194,0,21700,314,39,145,28
219,10021188,100,21700,317,38,148,29
220,10021376,4,21896,322,38,149,31
221,10021371,100,21900,325,43,150,31
222,10021466,101,21999,328,37,154,34
223,10021565,101,22099,329,38,155,32
224,10021662,101,22199,330,40,155,32
225,10021851,3,22397,333,42,157,34
226,10021850,100,22400,335,41,159,35
227,10022036,1,22599,345,43,161,34
228,10022133,0,22700,346,45,163,33
229,10022128,100,22700,351,43,165,33
230,10022217,101,22799,359,42,167,34
231,10022306,101,22899,362,49,169,33
232,10022494,2,23098,370,48,172,34
233,10022588,2,23198,372,50,172,36
234,10022680,2,23298,375,50,175,38
235,10022776,1,23399,378,50,176,39
236,10022766,100,23400,386,50,178,40
237,10022956,2,23598,392,50,178,42
238,10023051,0,23700,398,50,179,42
239,10023146,0,23800,398,49,181,46
240,10023140,100,23800,399,51,183,47
241,10023234,100,23900,406,51,185,44
242,10023324,100,24000,413,52,186,45
243,10023518,1,24199,413,53,189,46
244,10023509,100,24200,419,55,191,46
245,10023601,101,24299,425,51,197,45
246,10023793,3,24497,425,54,200,45
247,10023889,1,24599,430,52,202,46
248,10023982,1,24699,433,51,204,49
249,10024071,2,24798,439,50,208,50
250,10024068,100,24800,435,59,209,49
251,10024258,0,25000,443,58,213,48
252,10024348,1,25099,450,61,214,46
253,10024341,100,25100,455,61,217,46
254,10024432,102,25198,462,61,218,45
255,10024621,1,25399,468,61,220,49
256,10024612,100,25400,475,63,222,48
257,10024795,4,25596,482,64,226,49
258,10024793,100,25600,485,63,231,48
259,10024889,100,25700,483,62,236,50
260,10024978,2,25798,487,61,239,53
261,10024967,100,25800,495,63,241,54
262,10025160,0,26000,497,68,241,54
263,10025153,100,26000,501,66,245,55
264,10025342,0,26200,505,72,248,53
265,10025432,1,26299,513,64,252,58
266,10025421,100,26300,518,67,254,60
267,10025514,101,26399,523,62,260,60
268,10025604,101,26499,530,57,267,61
269,10025699,100,26600,536,57,268,60
270,10025889,1,26799,541,57,273,59
271,10025879,100,26800,546,56,277,62
272,10025973,101,26899,547,57,280,62
273,10026167,0,27100,546,61,284,62
274,10026162,100,27100,549,64,287,58
275,10026344,4,27296,559,64,291,58
276,10026333,100,27300,571,64,294,58
277,10026423,102,27398,571,72,296,56
278,10026603,2,27598,588,74,297,56
279,10026698,0,27700,586,79,299,58
280,10026684,100,27700,594,78,303,61
281,10026866,4,27896,605,77,308,60
282,10026952,2,27998,616,78,312,60
283,10026940,100,28000,625,75,318,62
284,10027132,2,28198,629,73,322,62
285,10027121,100,28200,639,73,325,62
286,10027312,0,28400,644,78,328,58
287,10027400,0,28500,648,84,331,57
288,10027486,2,28598,657,76,341,58
289,10027475,100,28600,665,74,346,60
290,10027663,1,28799,671,77,348,60
291,10027749,3,28897,676,80,352,60
292,10027732,100,28900,686,87,354,61
293,10027820,102,28998,692,86,358,62
294,10028005,2,29198,703,83,364,63
295,10027994,100,29200,708,84,368,66
296,10028085,100,29300,714,81,370,70
297,10028171,101,29399,719,82,374,73
298,10028354,2,29598,727,86,378,73
299,10028346,100,29600,730,88,383,73
300,10028524,1,29799,740,96,385,74
301,10028507,100,29800,752,98,389,74
302,10028600,100,29900,750,105,391,74
303,10028787,0,30100,758,109,395,71
304,10028765,100,30100,769,109,400,77
305,10028845,101,30199,784,110,402,78
306,10029025,3,30397,791,112,407,82
307,10029013,100,30400,799,112,411,85
308,10029094,102,30498,812,112,414,86
309,10029181,100,30600,822,115,416,86
310,10029255,101,30699,841,109,426,88
311,10029435,2,30898,848,116,429,90
312,10029414,100,30900,866,120,432,88
313,10029495,100,31000,873,127,436,89
314,10029676,3,31197,886,122,445,88
315,10029765,0,31300,892,123,450,90
316,10029854,0,31400,899,117,459,91
317,10029838,100,31400,909,117,466,90
318,10030023,4,31596,917,110,473,93
319,10030113,1,31699,924,114,477,91
320,10030191,1,31799,939,116,481,92
321,10030275,0,31900,946,120,486,93
322,10030367,0,32000,947,121,490,95
323,10030449,0,32100,961,121,495,94
324,10030427,100,32100,977,118,503,95
325,10030602,4,32296,990,120,511,93
326,10030587,100,32300,1001,123,516,93
327,10030769,1,32499,1016,121,521,92
328,10030853,2,32598,1028,116,528,93
329,10030936,0,32700,1043,110,536,95
330,10031014,2,32798,1056,112,541,95
331,10031091,3,32897,1071,109,549,97
332,10031076,0,32900,1085,115,549,95
333,10031059,100,32900,1089,118,556,98
334,10031137,102,32998,1105,114,564,98
335,10031316,2,33198,1119,111,569,103
336,10031406,1,33299,1119,111,577,106
337,10031485,2,33398,1125,122,579,107
338,10031470,100,33400,1138,120,585,107
339,10031641,3,33597,1157,116,592,111
340,10031629,100,33600,1159,120,599,113
341,10031804,3,33797,1168,124,606,115
342,10031891,0,33900,1174,127,612,116
343,10031878,100,33900,1181,132,616,113
344,10031963,101,33999,1191,131,619,115
345,10032037,100,34100,1207,138,624,114
346,10032212,1,34299,1226,132,633,116
347,10032298,2,34398,1229,129,640,122
348,10032379,1,34499,1237,130,649,124
349,10032355,100,34500,1254,132,655,124
350,10032536,2,34698,1263,129,660,130
351,10032614,1,34799,1279,129,667,130
352,10032699,0,34900,1285,138,671,127
353,10032775,1,34999,1294,144,675,131
354,10032755,100,35000,1311,142,682,130
355,10032930,3,35197,1326,128,693,140
356,10033017,2,35298,1328,138,697,138
357,10032998,100,35300,1343,139,701,139
358,10033165,3,35497,1363,138,709,142
359,10033242,0,35600,1385,136,714,143
360,10033222,100,35600,1393,148,717,140
361,10033391,3,35797,1407,149,729,141
362,10033471,0,35900,1424,151,734,140
363,10033549,0,36000,1445,147,742,137
364,10033624,0,36100,1454,154,749,139
365,10033703,2,36198,1456,159,760,140
366,10033786,1,36299,1463,161,767,142
367,10033761,100,36300,1481,165,770,143
368,10033838,100,36400,1501,158,780,143
369,10033926,100,36500,1506,157,787,144
370,10034004,101,36599,1515,158,796,146
371,10034172,2,36798,1535,158,802,151
372,10034249,0,36900,1542,170,808,151
373,10034321,0,37000,1559,173,816,151
374,10034390,0,37100,1584,168,827,151
375,10034356,100,37100,1606,170,831,157
376,10034424,101,37199,1619,183,834,159
377,10034588,3,37397,1647,185,841,156
378,10034664,1,37499,1655,191,852,157
379,10034733,1,37599,1663,202,861,160
380,10034807,2,37698,1674,211,867,159
381,10034878,0,37800,1691,215,880,156
382,10034951,1,37899,1704,213,892,159
383,10034905,100,37900,1738,218,899,160
384,10034970,100,38000,1756,227,909,158
385,10035135,2,38198,1767,234,922,160
386,10035189,1,38299,1807,223,931,169
387,10035163,100,38300,1820,222,947,168
388,10035221,100,38400,1844,217,960,178
389,10035283,100,38500,1862,225,968,182
390,10035445,3,38697,1890,220,979,183
391,10035412,101,38699,1909,216,994,188
392,10035585,3,38897,1918,224,1006,184
393,10035657,2,38998,1931,234,1016,180
394,10035616,100,39000,1963,228,1031,182
395,10035781,1,39199,1987,233,1038,180
396,10035846,1,39299,2007,226,1057,183
397,10035806,100,39300,2033,230,1066,185
398,10035859,101,39399,2060,226,1084,190
399,10035928,101,39499,2078,233,1092,188
400,10036088,1,39699,2103,238,1098,192
401,10036052,100,39700,2126,235,1105,202
402,10036216,3,39897,2144,232,1120,205
403,10036286,3,39997,2157,241,1134,199
404,10036252,100,40000,2186,235,1149,198
405,10036315,102,40098,2200,242,1159,202
406,10036387,100,40200,2214,253,1165,201
407,10036444,101,40299,2235,253,1180,207
408,10036598,3,40497,2254,257,1198,210
409,10036656,0,40600,2274,265,1210,215
410,10036608,100,40600,2302,269,1222,219
411,10036770,3,40797,2316,277,1236,218
412,10036723,100,40800,2348,279,1248,222
413,10036779,102,40898,2370,283,1259,227
414,10036936,2,41098,2391,293,1269,229
415,10036898,100,41100,2413,297,1280,232
416,10037039,3,41297,2449,302,1293,234
417,10036987,100,41300,2489,299,1312,233
418,10037028,100,41400,2524,306,1326,236
419,10037172,1,41599,2564,303,1340,240
420,10037139,100,41600,2581,309,1355,236
421,10037300,0,41800,2588,322,1370,240
422,10037251,100,41800,2618,327,1386,238
423,10037402,3,41997,2641,335,1401,238
424,10037348,100,42000,2681,338,1416,237
425,10037396,101,42099,2708,335,1436,244
426,10037538,1,42299,2738,343,1451,249
427,10037485,100,42300,2772,337,1466,260
428,10037508,100,42400,2820,340,1485,267
429,10037644,3,42597,2858,337,1503,275
430,10037697,1,42699,2882,340,1518,282
431,10037754,0,42800,2909,343,1528,286
432,10037705,100,42800,2938,351,1537,289
433,10037762,100,42900,2951,374,1543,290
434,10037900,1,43099,2978,387,1559,295
435,10037949,1,43199,3017,377,1580,296
436,10037995,0,43300,3049,384,1597,295
437,10037941,100,43300,3082,387,1611,299
438,10037985,101,43399,3115,381,1634,304
439,10038033,102,43498,3138,384,1653,310
440,10038076,103,43597,3168,390,1671,312
441,10038219,0,43800,3203,391,1688,319
442,10038262,0,43900,3221,401,1707,329
443,10038214,100,43900,3249,399,1730,328
444,10038357,0,44100,3289,410,1747,317
445,10038401,1,44199,3321,405,1770,322
446,10038351,100,44200,3359,393,1791,326
447,10038390,102,44298,3395,397,1808,328
448,10038540,3,44497,3419,391,1834,333
449,10038483,100,44500,3453,388,1855,341
450,10038625,0,44700,3487,384,1874,350
451,10038578,100,44700,3507,402,1893,340
452,10038610,100,44800,3544,411,1910,345
453,10038764,0,45000,3571,409,1930,346
454,10038810,1,45099,3604,409,1950,346
455,10038851,2,45198,3631,402,1978,356
456,10038779,100,45200,3670,410,1997,364
457,10038902,3,45397,3717,423,2012,363
458,10038843,100,45400,3746,426,2035,370
459,10038884,102,45498,3782,429,2057,366
460,10038920,100,45600,3805,440,2085,370
461,10038968,100,45700,3831,443,2104,374
462,10039090,4,45896,3879,435,2130,382
463,10039139,1,45999,3898,445,2152,385
464,10039064,100,46000,3934,457,2171,394
465,10039184,1,46199,3989,457,2196,393
466,10039237,1,46299,4012,465,2215,390
467,10039169,100,46300,4049,455,2247,400
468,10039204,100,46400,4078,457,2277,404
469,10039333,0,46600,4100,477,2296,414
470,10039353,2,46698,4150,476,2321,418
471,10039384,2,46798,4193,477,2342,422
472,10039415,1,46899,4235,483,2366,420
473,10039338,100,46900,4279,496,2385,422
474,10039447,3,47097,4334,510,2406,420
475,10039380,100,47100,4359,519,2439,423
476,10039500,3,47297,4397,527,2468,425
477,10039429,100,47300,4451,518,2495,427
478,10039539,2,47498,4507,518,2522,432
479,10039464,100,47500,4555,526,2541,434
480,10039479,101,47599,4592,544,2569,435
481,10039517,100,47700,4616,548,2601,438
482,10039643,1,47899,4645,568,2624,439
483,10039654,2,47998,4691,572,2657,444
484,10039685,2,48098,4726,574,2682,451
485,10039589,100,48100,4775,587,2712,457
486,10039693,0,48300,4829,591,2741,466
487,10039698,1,48399,4892,597,2771,461
488,10039619,100,48400,4926,602,2804,469
489,10039648,102,48498,4949,611,2838,472
490,10039758,2,48698,5012,602,2873,473
491,10039668,100,48700,5051,605,2909,487
492,10039757,2,48898,5107,618,2945,491
493,10039756,2,48998,5167,617,2975,503
494,10039772,0,49100,5219,615,3006,508
495,10039671,100,49100,5284,614,3040,511
496,10039682,100,49200,5324,621,3078,515
497,10039780,2,49398,5386,630,3109,513
498,10039698,100,49400,5451,607,3146,518
499,10039697,101,49499,5505,614,3173,530
500,10039704,103,49597,5545,625,3211,532
501,10039807,2,49798,5604,627,3245,535
502,10039806,0,49900,5673,632,3275,534
503,10039811,1,49999,5722,645,3304,537
504,10039796,1,50099,5798,641,3341,543
505,10039795,1,50199,5848,656,3369,551
506,10039693,100,50200,5902,673,3391,561
507,10039701,101,50299,5933,701,3420,564
508,10039696,103,50397,5986,716,3459,560
509,10039681,103,50497,6051,722,3492,571
510,10039655,100,50600,6115,753,3526,571
511,10039638,102,50698,6187,754,3562,577
512,10039715,4,50896,6248,777,3593,583
513,10039683,1,50999,6307,805,3634,590
514,10039556,100,51000,6375,811,3673,605
515,10039608,2,51198,6467,820,3723,600
516,10039565,1,51299,6551,836,3756,611
517,10039426,100,51300,6632,850,3797,615
518,10039515,1,51499,6691,854,3835,624
519,10039477,3,51597,6775,832,3880,653
520,10039459,1,51699,6838,841,3918,663
521,10039445,0,51800,6900,836,3966,673
522,10039403,1,51899,6979,856,4004,677
523,10039352,0,52000,7065,873,4039,691
524,10039321,1,52099,7142,866,4084,706
525,10039195,100,52100,7222,855,4135,713
526,10039184,101,52199,7283,862,4174,716
527,10039158,100,52300,7354,872,4212,724
528,10039133,102,52398,7435,863,4254,733
529,10039111,100,52500,7499,883,4294,733
530,10039093,101,52599,7566,889,4332,739
531,10039165,1,52799,7622,895,4374,763
532,10039030,100,52800,7693,904,4414,779
533,10039097,1,52999,7770,918,4460,774
534,10038953,100,53000,7856,927,4500,784
535,10038999,2,53198,7942,959,4535,783
536,10038849,100,53200,8040,947,4595,789
537,10038897,3,53397,8135,940,4650,795
538,10038857,2,53498,8224,938,4692,807
539,10038725,100,53500,8266,979,4735,815
540,10038665,0,53600,8347,1005,4782,821
541,10038527,100,53600,8417,1016,4825,835
542,10038465,100,53700,8524,1022,4871,838
543,10038502,1,53899,8610,1029,4929,849
544,10038433,2,53998,8706,1033,4980,866
545,10038273,100,54000,8800,1032,5032,883
546,10038312,2,54198,8901,1048,5066,891
547,10038149,100,54200,9002,1056,5111,902
548,10038184,0,54400,9089,1071,5167,909
549,10038005,100,54400,9204,1061,5233,917
550,10037949,100,54500,9294,1085,5273,919
551,10037896,100,54600,9383,1101,5321,919
552,10037941,2,54798,9456,1117,5364,940
553,10037777,100,54800,9542,1146,5407,948
554,10037782,1,54999,9656,1165,5455,961
555,10037624,100,55000,9737,1188,5502,969
556,10037550,101,55099,9827,1221,5559,962
557,10037445,102,55198,9959,1228,5619,967
558,10037360,100,55300,10049,1252,5669,990
559,10037386,1,55499,10156,1246,5733,998
560,10037273,1,55599,10286,1252,5802,1006
561,10037074,100,55600,10411,1256,5863,1016
562,10036980,102,55698,10507,1271,5932,1028
563,10036894,100,55800,10617,1255,5998,1056
564,10036903,1,55999,10717,1257,6077,1065
565,10036813,0,56100,10830,1278,6125,1074
566,10036722,1,56199,10928,1283,6213,1073
567,10036643,1,56299,11033,1281,6281,1081
568,10036464,100,56300,11128,1308,6350,1070
569,10036475,4,56496,11244,1330,6395,1072
570,10036295,100,56500,11354,1339,6458,1074
571,10036204,100,56600,11467,1345,6527,1077
572,10036209,1,56799,11577,1359,6589,1085
573,10036024,100,56800,11680,1387,6651,1078
574,10035925,102,56898,11776,1390,6732,1095
575,10035902,0,57100,11909,1402,6789,1118
576,10035681,100,57100,12042,1423,6848,1126
577,10035655,2,57298,12169,1437,6921,1136
578,10035549,1,57399,12278,1465,6990,1137
579,10035432,2,57498,12396,1494,7046,1150
580,10035198,100,57500,12531,1502,7129,1160
581,10035062,100,57600,12660,1518,7199,1181
582,10035009,4,57796,12795,1534,7278,1200
583,10034835,100,57800,12875,1553,7361,1196
584,10034679,101,57899,13015,1572,7435,1218
585,10034626,3,58097,13173,1578,7521,1219
586,10034385,100,58100,13295,1610,7596,1234
587,10034343,4,58296,13454,1608,7661,1250
588,10034176,1,58399,13617,1624,7747,1255
589,10033910,100,58400,13766,1644,7826,1274
590,10033737,100,58500,13924,1656,7908,1295
591,10033594,102,58598,14031,1674,8013,1306
592,10033434,101,58699,14182,1670,8109,1324
593,10033293,101,58799,14295,1693,8198,1340
594,10033157,101,58899,14423,1727,8277,1335
595,10033105,0,59100,14561,1741,8360,1353
596,10032932,0,59200,14690,1778,8452,1368
597,10032702,100,59200,14797,1818,8531,1372
598,10032599,2,59398,14977,1836,8610,1396
599,10032498,1,59499,15064,1854,8697,1406
600,10032298,0,59600,15233,1897,8775,1417
601,10032105,0,59700,15398,1954,8843,1420
602,10031875,2,59798,15609,1942,8947,1445
603,10031604,0,59800,15746,1961,9045,1464
604,10031408,0,59900,15909,1950,9167,1486
605,10031207,1,59999,16092,1941,9263,1516
606,10030890,100,60000,16276,1948,9364,1542
607,10030690,102,60098,16445,1968,9462,1553
608,10030465,100,60200,16612,2033,9539,1571
609,10030240,101,60299,16830,1994,9664,1591
610,10030136,1,60499,17000,2004,9772,1607
611,10029837,100,60500,17152,2067,9851,1613
612,10029750,1,60699,17307,2067,9964,1631
613,10029413,100,60700,17495,2071,10093,1648
614,10029340,3,60897,17641,2069,10208,1659
615,10029024,100,60900,17839,2079,10303,1675
616,10028739,100,61000,18070,2099,10427,1685
617,10028625,1,61199,18240,2134,10517,1703
618,10028412,0,61300,18416,2152,10629,1711
619,10028096,100,61300,18583,2197,10725,1719
620,10027860,100,61400,18766,2214,10840,1740
621,10027711,3,61597,18984,2214,10959,1749
622,10027341,100,61600,19198,2233,11074,1774
623,10027119,100,61700,19370,2205,11217,1809
624,10027016,3,61897,19481,2263,11316,1841
625,10026801,0,62000,19648,2281,11424,1866
626,10026535,0,62100,19837,2299,11553,1896
627,10026288,1,62199,20010,2363,11666,1892
628,10025945,100,62200,20198,2412,11763,1902
629,10025702,100,62300,20368,2468,11854,1928
630,10025478,100,62400,20524,2481,11974,1963
631,10025279,1,62599,20744,2518,12091,1987
632,10024969,1,62699,20981,2527,12211,2031
633,10024698,1,62799,21186,2545,12340,2050
634,10024293,100,62800,21424,2559,12471,2073
635,10024011,100,62900,21639,2577,12600,2093
636,10023850,2,63098,21816,2599,12728,2125
637,10023465,100,63100,21989,2661,12850,2155
638,10023158,102,63198,22204,2693,12969,2194
639,10022818,102,63298,22447,2741,13103,2209
640,10022461,102,63398,22744,2718,13266,2229
641,10022115,102,63498,23045,2707,13410,2241
642,10021873,3,63697,23298,2732,13540,2274
643,10021434,100,63700,23543,2801,13645,2297
644,10021106,100,63800,23810,2794,13795,2315
645,10020853,1,63999,24045,2843,13930,2348
646,10020443,100,64000,24285,2843,14062,2387
647,10020214,1,64199,24516,2881,14200,2408
648,10019757,100,64200,24776,2950,14314,2423
649,10019500,1,64399,25042,2980,14471,2426
650,10019205,1,64499,25224,3024,14615,2451
651,10018812,1,64599,25523,3043,14767,2474
652,10018373,100,64600,25783,3043,14911,2510
653,10018133,2,64798,26027,3076,15045,2537
654,10017684,100,64800,26279,3075,15206,2576
655,10017449,4,64996,26486,3137,15339,2605
656,10016959,100,65000,26779,3148,15501,2633
657,10016585,100,65100,27018,3227,15642,2648
658,10016280,4,65296,27293,3264,15794,2685
659,10015875,1,65399,27593,3303,15923,2725
660,10015394,100,65400,27862,3333,16084,2747
661,10014957,101,65499,28153,3368,16248,2793
662,10014515,100,65600,28449,3450,16386,2820
663,10014095,102,65698,28758,3489,16550,2826
664,10013647,101,65799,29101,3477,16722,2872
665,10013351,0,66000,29361,3510,16904,2894
666,10012810,100,66000,29669,3560,17078,2903
667,10012298,100,66100,30046,3602,17252,2922
668,10011956,3,66297,30343,3609,17434,2975
669,10011526,0,66400,30630,3697,17578,2989
670,10011047,3,66497,30926,3744,17787,3013
671,10010416,100,66500,31293,3786,17979,3046
672,10010056,2,66698,31579,3841,18167,3075
673,10009570,1,66799,31902,3896,18360,3091
674,10009077,0,66900,32226,3903,18574,3140
675,10008597,1,66999,32558,3940,18752,3172
676,10008127,1,67099,32829,4002,18967,3194
677,10007537,100,67100,33142,4002,19171,3268
678,10006994,100,67200,33500,4021,19374,3331
679,10006580,4,67396,33838,4062,19547,3389
680,10006028,2,67498,34176,4135,19740,3439
681,10005417,100,67500,34510,4188,19923,3482
682,10005022,3,67697,34864,4181,20118,3532
683,10004490,0,67800,35220,4176,20360,3574
684,10003935,100,67800,35486,4250,20563,3586
685,10003330,102,67898,35883,4281,20774,3650
686,10002948,5,68095,36199,4279,21004,3685
687,10002410,2,68198,36529,4345,21201,3733
688,10001813,0,68300,36942,4337,21434,3794
689,10001156,100,68300,37315,4380,21640,3829
690,10000649,2,68498,37732,4432,21834,3871
691,9999970,100,68500,38097,4514,22031,3908
692,9999417,2,68698,38528,4554,22251,3968
693,9998839,1,68799,38907,4601,22460,4012
694,9998252,2,68898,39247,4657,22685,4077
695,9997653,1,68999,39662,4659,22934,4111
696,9996953,100,69000,40049,4724,23156,4138
697,9996499,6,69194,40375,4769,23388,4183
698,9995789,100,69200,40790,4784,23637,4220
699,9995261,2,69398,41201,4864,23859,4233
700,9994492,100,69400,41620,4935,24102,4271
701,9993959,1,69599,41978,5001,24351,4330
702,9993211,0,69700,42470,5030,24622,4387
703,9992534,100,69700,42786,5134,24847,4419
704,9991957,4,69896,43221,5198,25090,4450
705,9991308,3,69997,43595,5272,25346,4496
706,9990458,100,70000,44125,5280,25604,4553
707,9989844,104,70096,44460,5393,25855,4564
708,9989155,102,70198,44900,5455,26093,4615
709,9988477,4,70396,45432,5460,26367,4680
710,9987842,1,70499,45813,5541,26629,4694
711,9987157,1,70599,46222,5581,26934,4725
712,9986270,100,70600,46714,5650,27203,4783
713,9985563,103,70697,47178,5687,27479,4810
714,9984904,1,70899,47676,5701,27796,4842
715,9984152,1,70999,48181,5757,28050,4879
716,9983321,100,71000,48612,5804,28339,4944
717,9982654,1,71199,49094,5830,28643,4998
718,9981717,100,71200,49654,5880,28933,5036
719,9980853,102,71298,50249,5903,29250,5063
720,9980089,101,71399,50728,5977,29534,5091
721,9979309,100,71500,51196,6093,29781,5141
722,9978595,5,71695,51689,6140,30113,5178
723,9977853,2,71798,52102,6211,30429,5223
724,9976911,100,71800,52634,6317,30704,5254
725,9976180,3,71997,53160,6415,31011,5251
726,9975218,100,72000,53710,6439,31336,5317
727,9974533,1,72199,54139,6530,31628,5389
728,9973529,100,72200,54724,6572,31948,5447
729,9972652,1,72399,55339,6629,32275,5524
730,9971695,100,72400,55882,6661,32590,5592
731,9970798,100,72500,56359,6831,32895,5637
732,9970020,0,72700,56849,6941,33230,5680
733,9969127,1,72799,57354,7002,33592,5744
734,9968045,100,72800,57978,7004,33946,5847
735,9967052,2,72998,58720,7078,34282,5886
736,9965885,100,73000,59474,7096,34636,5929
737,9964963,2,73198,60108,7171,34991,5985
738,9963840,100,73200,60737,7231,35363,6049
739,9962839,103,73297,61355,7318,35691,6114
740,9961853,4,73496,62068,7394,36050,6151
741,9960801,1,73599,62735,7451,36439,6193
742,9959691,100,73600,63339,7527,36802,6261
743,9958714,100,73700,63954,7522,37208,6322
744,9957641,102,73798,64565,7589,37593,6430
745,9956600,102,73898,65200,7670,37951,6497
746,9955488,102,73998,65864,7723,38366,6577
747,9954440,101,74099,66513,7754,38771,6641
748,9953271,100,74200,67238,7799,39187,6725
749,9952136,100,74300,67968,7859,39595,6762
750,9951244,0,74500,68543,7931,39981,6821
751,9950096,100,74500,69173,8014,40384,6853
752,9949009,100,74600,69807,8156,40748,6900
753,9947972,103,74697,70352,8293,41171,6929
754,9946848,102,74798,71075,8310,41580,7005
755,9945651,100,74900,71812,8432,41995,7030
756,9944465,101,74999,72614,8489,42375,7076
757,9943262,100,75100,73300,8625,42762,7171
758,9942047,100,75200,74004,8703,43206,7260
759,9940744,103,75297,74820,8760,43653,7340
760,9939390,100,75400,75630,8894,44097,7409
761,9938374,2,75598,76181,9042,44534,7487
762,9937070,1,75699,76976,9119,44994,7560
763,9935612,100,75700,77851,9170,45454,7633
764,9934315,101,75799,78647,9279,45871,7707
765,9933172,3,75997,79340,9392,46346,7767
766,9931727,100,76000,80176,9469,46839,7809
767,9930236,100,76100,81142,9488,47335,7919
768,9928895,0,76300,82015,9615,47811,7984
769,9927444,100,76300,82727,9806,48276,8067
770,9926109,103,76397,83487,9909,48776,8136
771,9924809,101,76499,84169,10052,49281,8208
772,9923423,100,76600,84969,10150,49782,8296
773,9922092,101,76699,85718,10281,50265,8363
774,9920718,4,76896,86576,10419,50748,8455
775,9919169,100,76900,87457,10470,51263,8561
776,9917943,0,77100,88178,10593,51763,8643
777,9916516,1,77199,88969,10727,52284,8723
778,9914940,100,77200,89829,10811,52811,8829
779,9913428,101,77299,90757,10939,53273,8922
780,9912092,2,77498,91592,11032,53792,9010
781,9910492,2,77598,92573,11094,54332,9127
782,9908686,100,77600,93670,11180,54848,9236
783,9907127,101,77699,94540,11271,55447,9334
784,9905572,102,77798,95497,11305,56012,9432
785,9904148,2,77998,96317,11379,56641,9533
786,9902605,3,78097,97152,11498,57222,9640
787,9900902,100,78100,98075,11675,57755,9713
788,9899217,101,78199,99109,11735,58343,9815
789,9897657,1,78399,100057,11850,58890,9965
790,9896029,0,78500,100977,11962,59502,10050
791,9894405,2,78598,101939,11967,60120,10187
792,9892607,100,78600,102907,12103,60707,10296
793,9890735,102,78698,104110,12190,61279,10404
794,9889167,2,78898,105059,12310,61861,10521
795,9887210,100,78900,106161,12402,62509,10638
796,9885652,1,79099,107049,12601,63093,10724
797,9883666,0,79200,108321,12670,63724,10839
798,9881836,100,79200,109289,12773,64395,10927
799,9880043,100,79300,110330,12855,65023,11069
800,9878257,104,79396,111315,13082,65615,11147
801,9876644,3,79597,112217,13267,66274,11215
802,9874713,100,79600,113223,13464,66881,11339
803,9872810,100,79700,114323,13543,67562,11482
804,9871043,102,79798,115256,13742,68195,11582
805,9869112,3,79997,116491,13807,68925,11682
806,9867197,1,80099,117595,13900,69616,11811
807,9865250,1,80199,118735,14116,70217,11901
808,9863089,100,80200,119921,14317,70875,12018
809,9860929,1,80399,121313,14433,71584,12160
810,9858564,100,80400,122731,14504,72324,12297
811,9856545,101,80499,123810,14701,73071,12392
812,9854468,101,80599,124940,14854,73842,12515
813,9852252,100,80700,126276,14951,74562,12679
814,9850002,100,80800,127615,15037,75327,12839
815,9848013,4,80996,128788,15202,76061,12952
816,9845678,100,81000,130082,15328,76865,13067
817,9843422,3,81197,131502,15465,77635,13193
818,9841005,1,81299,132976,15519,78439,13380
819,9838890,2,81398,134115,15716,79176,13521
820,9836587,100,81400,135335,15990,79907,13601
821,9834223,0,81600,136849,16067,80708,13773
822,9831905,100,81600,138086,16275,81487,13867
823,9829641,2,81798,139416,16431,82312,14018
824,9827155,100,81800,140806,16621,83117,14121
825,9824661,102,81898,142248,16797,83964,14248
826,9822012,100,82000,143878,16927,84809,14394
827,9819563,103,82097,145302,16989,85637,14626
828,9817286,1,82299,146601,17233,86481,14718
829,9814695,100,82300,148100,17375,87282,14868
830,9812493,2,82498,149327,17591,88101,15006
831,9810219,1,82599,150485,17930,88891,15094
832,9807706,1,82699,151844,18131,89790,15248
833,9804921,1,82799,153520,18291,90665,15422
834,9802242,0,82900,155101,18454,91565,15558
835,9799698,100,82900,156426,18635,92425,15736
836,9797048,101,82999,157901,18897,93347,15826
837,9794492,100,83100,159256,19129,94257,15986
838,9791866,100,83200,160656,19287,95259,16152
839,9789260,3,83397,162179,19393,96301,16284
840,9786296,0,83500,163976,19549,97304,16395
841,9783423,100,83500,165562,19799,98199,16537
842,9780729,1,83699,167142,19907,99252,16689
843,9777615,100,83700,168977,20043,100238,16847
844,9774864,2,83898,170534,20199,101267,17054
845,9772239,3,83997,171810,20548,102189,17231
846,9769322,2,84098,173418,20780,103194,17404
847,9766391,100,84100,174932,21092,104133,17572
848,9763640,4,84296,176494,21381,105097,17704
849,9760826,1,84399,177966,21626,106128,17873
850,9757943,2,84498,179454,21963,107159,17999
851,9754567,100,84500,181373,22085,108286,18209
852,9751518,1,84699,183111,22263,109385,18442
853,9748387,100,84700,184758,22504,110454,18617
854,9745081,101,84799,186750,22650,111582,18756
855,9741933,3,84997,188543,23029,112600,18912
856,9738460,100,85000,190487,23289,113671,19113
857,9735113,2,85198,192492,23520,114781,19312
858,9731825,100,85200,194156,23716,115974,19549
859,9728649,1,85299,195805,24040,117072,19753
860,9725217,100,85300,197619,24307,118193,19984
861,9722040,103,85397,199229,24636,119349,20163
862,9718428,100,85500,201346,24882,120520,20344
863,9714709,0,85700,203649,25128,121707,20527
864,9711023,2,85798,205837,25333,122942,20683
865,9707127,100,85800,208086,25541,124094,20972
866,9703933,1,85999,209887,25784,125230,21185
867,9700263,100,86000,212010,25913,126500,21334
868,9696581,101,86099,214154,25946,127832,21606
869,9692972,6,86294,216298,26189,129071,21784
870,9689199,100,86300,218395,26384,130322,22020
871,9684992,101,86399,221004,26378,131763,22282
872,9681328,2,86598,222993,26715,133093,22489
873,9677269,1,86699,225306,27005,134493,22646
874,9673057,100,86700,227712,27207,135904,22840
875,9669549,100,86800,229539,27561,137135,23036
876,9665421,100,86900,231973,27690,138582,23254
877,9661309,100,87000,234262,27848,140070,23531
878,9657193,0,87200,236763,28083,141414,23767
879,9653616,2,87298,238501,28409,142781,24011
880,9649221,100,87300,241069,28494,144266,24270
881,9645235,2,87498,243341,28667,145723,24552
882,9640800,1,87599,245835,28937,147172,24875
883,9636329,100,87600,248349,29264,148586,25092
884,9632354,0,87800,250579,29467,150082,25338
885,9627719,0,87900,253314,29706,151552,25629
886,9623287,100,87900,255665,30133,152927,25908
887,9618888,104,87996,258126,30441,154426,26135
888,9614577,100,88100,260508,30814,155877,26344
889,9610473,101,88199,262557,31266,157348,26575
890,9605740,102,88298,265234,31451,158940,26953
891,9601324,102,88398,267537,31848,160546,27163
892,9597175,100,88500,269679,32148,162143,27375
893,9592701,101,88599,272200,32341,163741,27636
894,9587993,101,88699,274880,32611,165421,27814
895,9583074,1,88899,277828,32721,167077,28219
896,9578294,1,88999,280446,33180,168563,28536
897,9573341,100,89000,283167,33512,170256,28744
898,9568565,101,89099,285739,33790,171966,29059
899,9563419,102,89198,288734,33980,173611,29474
900,9558567,3,89397,291474,34517,175172,29687
901,9553565,100,89400,294093,35023,176858,29881
902,9548633,103,89497,296807,35232,178677,30168
903,9543620,101,89599,299561,35767,180272,30399
904,9538598,4,89796,302347,36062,182041,30768
905,9533172,0,89900,305443,36398,183832,31075
906,9527819,100,89900,308430,36648,185578,31445
907,9522492,101,89999,311397,36836,187518,31776
908,9517753,2,90198,313771,37481,189272,31941
909,9512454,100,90200,316672,37635,191133,32326
910,9507114,4,90396,319749,38040,192955,32558
911,9501222,100,90400,323169,38225,194854,32950
912,9496002,2,90598,325988,38732,196690,33206
913,9490468,100,90600,328901,39092,198623,33536
914,9485164,3,90797,331740,39616,200530,33767
915,9479574,100,90800,334617,40162,202408,34059
916,9474097,3,90997,337519,40679,204372,34350
917,9468650,100,91000,340295,41097,206273,34705
918,9462978,100,91100,343339,41573,208199,35031
919,9457074,1,91299,346698,42030,210205,35312
920,9450993,100,91300,350027,42519,212152,35629
921,9444851,103,91397,353426,42780,214289,36071
922,9438884,3,91597,356741,43352,216305,36335
923,9432845,1,91699,359997,43801,218430,36646
924,9426546,100,91700,363560,44155,220449,37010
925,9420282,0,91900,367093,44746,222472,37327
926,9414151,0,92000,370304,45397,224546,37622
927,9407610,100,92000,373908,45551,226911,38040
928,9400846,1,92199,377982,45696,229265,38430
929,9394532,100,92200,381352,46059,231529,38748
930,9388152,3,92397,384919,46642,233662,39042
931,9381266,2,92498,388915,46874,236004,39459
932,9374741,0,92600,392508,47139,238305,39927
933,9368616,100,92600,395494,47800,240554,40156
934,9361906,1,92799,399285,48217,242880,40531
935,9355029,0,92900,403066,48892,245099,40834
936,9347984,100,92900,406879,49182,247648,41227
937,9341166,101,92999,410576,49517,250128,41632
938,9334113,100,93100,414438,49866,252689,42014
939,9327156,101,93199,418043,50385,255229,42406
940,9319804,100,93300,422216,50872,257564,42864
941,9312917,0,93500,425955,51231,260109,43308
942,9305022,100,93500,430492,51530,262734,43742
943,9297262,102,93598,434846,51954,265298,44258
944,9290000,100,93700,438620,52449,267914,44737
945,9282223,100,93800,442878,52981,270591,45147
946,9274979,3,93997,446738,53602,273089,45609
947,9267261,100,94000,450935,54272,275594,45958
948,9259960,102,94098,454631,55050,278068,46409
949,9252222,3,94297,459095,55330,280735,46935
950,9244530,1,94399,463214,55770,283590,47315
951,9237588,1,94499,466543,56514,286138,47736
952,9230324,100,94500,470010,57260,288806,48120
953,9222471,100,94600,474376,57564,291680,48529
954,9214686,3,94797,478628,58124,294425,48954
955,9207039,100,94800,482519,58616,297232,49414
956,9199113,100,94900,486802,59153,299920,49932
957,9190995,100,95000,491109,59880,302661,50375
958,9183091,101,95099,495192,60235,305748,50853
959,9175623,4,95296,498835,61019,308590,51249
960,9167997,1,95399,502528,61761,311443,51690
961,9159393,100,95400,507209,62231,314409,52178
962,9150304,100,95500,512485,62445,317495,52791
963,9142058,100,95600,516741,63260,320377,53184
964,9133469,101,95699,521269,63959,323417,53605
965,9124653,0,95900,526188,64536,326395,54148
966,9115818,100,95900,530745,65342,329457,54558
967,9106422,0,96100,536109,65725,332725,55139
968,9097781,100,96100,540369,66237,336086,55647
969,9088649,102,96198,545116,66917,339265,56271
970,9079369,100,96300,550024,67275,342783,56869
971,9070248,101,96399,554797,68211,345920,57243
972,9061580,100,96500,559104,69047,349091,57698
973,9053129,4,96696,563276,69898,352321,58092
974,9043061,100,96700,568943,70089,355823,58804
975,9033087,3,96897,574615,70533,359206,59476
976,9023612,100,96900,579512,71138,362708,59950
977,9014441,102,96998,584304,71485,366273,60515
978,9005237,2,97198,588956,72447,369579,60999
979,8995228,100,97200,594450,72958,373110,61474
980,8985671,101,97299,599200,73685,376598,62165
981,8976294,2,97498,603902,74379,380125,62818
982,8965885,100,97500,609540,74872,383715,63508
983,8956632,100,97600,614073,75713,387235,63967
984,8946408,103,97697,619539,75976,391062,64732
985,8936162,2,97898,625027,76438,394877,65414
986,8926193,2,97998,630195,77241,398495,65894
987,8915723,1,98099,635908,77954,402054,66480
988,8905154,100,98100,641341,78911,405764,66950
989,8894652,2,98298,646835,79433,409778,67620
990,8884967,100,98300,651322,80300,413651,68080
991,8874222,101,98399,657025,80678,417850,68644
992,8862579,1,98599,663718,81011,421963,69348
993,8851771,100,98600,669171,81845,425735,70098
994,8841924,0,98800,674070,82673,429518,70635
995,8830857,0,98900,679742,83613,433340,71368
996,8820659,100,98900,684604,84379,437351,71927
997,8809545,101,98999,690442,84719,441695,72618
998,8798283,101,99099,696283,85209,445950,73394
999,8787514,0,99300,701874,85902,449919,74111
1000,8776144,100,99300,707502,87089,453890,74695
1001,8765190,100,99400,712983,87656,458355,75236
1002,8753882,100,99500,718716,88353,462727,75842
1003,8742262,102,99598,724874,89245,466888,76349
1004,8730382,100,99700,730985,90095,471027,77231
1005,8718466,3,99897,737393,91025,475171,77862
1006,8706418,100,99900,743841,91501,479674,78486
1007,8694446,2,100098,749923,92223,484286,79240
1008,8681321,100,100100,757138,92581,488856,80224
1009,8668479,2,100298,764224,93012,493433,81170
1010,8657320,100,100300,769319,94005,497945,81731
1011,8644952,0,100500,775799,95008,502356,82405
1012,8633581,1,100599,781029,96043,506936,83030
1013,8621014,2,100698,787488,96461,511900,83855
1014,8608451,1,100799,794006,97430,516299,84633
1015,8596028,0,100900,800278,98074,521235,85305
1016,8582580,1,100999,807448,98685,526246,86060
1017,8569671,100,101000,814188,99366,531152,86643
1018,8556454,3,101197,821069,100398,535816,87480
1019,8543093,2,101298,828240,100836,540984,88165
1020,8528743,100,101300,836084,101266,546076,89151
1021,8516176,100,101400,842200,102425,550767,89852
1022,8503164,2,101598,848656,103451,555836,90511
1023,8489837,100,101600,855594,104131,560885,91173
1024,8475890,100,101700,863111,104313,566192,92214
1025,8462673,5,101895,869745,104812,571611,93074
1026,8449261,2,101998,876546,105508,576954,93749
1027,8435820,100,102000,883277,106022,582454,94447
1028,8422112,101,102099,890436,106737,587603,95231
1029,8408882,101,102199,896944,107838,592595,95960
1030,8395325,5,102295,903618,108826,597805,96741
1031,8381682,4,102396,910186,110050,603187,97311
1032,8367535,100,102400,917151,111437,608255,98042
1033,8353626,4,102596,924318,112340,613510,98822
1034,8339191,100,102600,931419,113380,618927,99703
1035,8323881,101,102699,939612,113981,624816,100429
1036,8309812,1,102899,946664,114508,630573,101362
1037,8294087,2,102998,955122,115141,636463,102205
1038,8279527,2,103098,962190,115785,642331,103285
1039,8264989,100,103100,969294,116996,647771,104070
1040,8250144,1,103299,976564,118232,653382,104997
1041,8234367,100,103300,984774,118687,659417,106075
1042,8219924,102,103398,991551,119441,665546,106956
1043,8204695,1,103599,999215,120532,671335,107842
1044,8189817,0,103700,1006563,121950,676874,108516
1045,8174617,100,103700,1013858,123227,682601,109417
1046,8158699,2,103898,1022110,123700,688883,110526
1047,8143356,0,104000,1029509,125074,694619,111462
1048,8128428,100,104000,1036217,126152,700931,112292
1049,8113098,100,104100,1043439,127585,706980,113018
1050,8097581,4,104296,1050871,128249,713640,113975
1051,8081764,100,104300,1058429,129316,720066,114745
1052,8066248,1,104499,1066044,129664,726825,115738
1053,8050513,100,104500,1073510,131083,732843,116571
1054,8035815,100,104600,1079851,132343,739061,117550
1055,8019980,3,104797,1087760,133583,745204,118290
1056,8003353,100,104800,1096062,134784,751570,119051
1057,7985700,101,104899,1105453,135348,758433,119985
1058,7970203,100,105000,1112323,136879,764699,120916
1059,7955530,100,105100,1118420,138426,771182,121562
1060,7938890,100,105200,1126278,139128,778220,122704
1061,7923194,1,105399,1133368,140590,784628,123639
1062,7907540,1,105499,1140158,141795,791312,124714
1063,7890622,0,105600,1148317,142251,798649,125781
1064,7875016,100,105600,1154800,143873,805165,126766
1065,7857927,101,105699,1163041,144310,812378,128063
1066,7840780,102,105798,1171320,145203,819276,129239
1067,7823717,101,105899,1178965,146700,826370,130167
1068,7806560,100,106000,1187080,147457,833766,131157
1069,7790282,2,106198,1194145,148736,840912,132143
1070,7772486,100,106200,1202478,150094,847864,133298
1071,7755054,100,106300,1210620,150731,855334,134581
1072,7739203,3,106497,1217158,152224,862470,135462
1073,7722141,100,106500,1224755,153609,869650,136365
1074,7704426,3,106697,1233322,154024,877452,137493
1075,7687170,2,106798,1240993,155459,884589,138607
1076,7669374,0,106900,1249393,155694,892566,139893
1077,7652081,2,106998,1257027,156761,900326,140823
1078,7634018,2,107098,1265732,157329,908242,141797
1079,7616678,2,107198,1273281,158409,916076,142774
1080,7597051,2,107298,1283180,158715,924123,144249
1081,7578709,0,107400,1291872,159647,931763,145429
1082,7560788,0,107500,1299887,160899,939320,146626
1083,7540638,100,107500,1310057,161538,947493,147794
1084,7522483,0,107700,1318414,162120,955787,148916
1085,7505792,0,107800,1324843,163923,963578,149684
1086,7488921,100,107800,1331422,165715,971338,150424
1087,7468467,4,107996,1341883,166311,979829,151526
1088,7449138,100,108000,1350893,167433,987737,152819
1089,7431448,0,108200,1358252,168687,995695,154138
1090,7412597,100,108200,1366460,169870,1004077,155216
1091,7392784,0,108400,1376204,170817,1012615,156000
1092,7372648,2,108498,1385858,171707,1021258,157047
1093,7354655,1,108599,1393228,173447,1029330,157959
1094,7335496,100,108600,1401735,175083,1037221,159085
1095,7316725,5,108795,1409986,175630,1046076,160398
1096,7297715,100,108800,1418086,176634,1054947,161438
1097,7279179,101,108899,1425747,177655,1063923,162415
1098,7261013,2,109098,1433090,179119,1072227,163669
1099,7240423,2,109198,1442911,180244,1081111,164529
1100,7221170,100,109200,1450881,180886,1090432,165851
1101,7201958,101,109299,1458944,181978,1099469,166970
1102,7184013,102,109398,1465732,183509,1108029,168135
1103,7164412,101,109499,1474119,184057,1117556,169375
1104,7145475,102,109598,1481835,185821,1126200,170287
1105,7125642,102,109698,1490111,187706,1134787,171472
1106,7106380,100,109800,1498055,188483,1144219,172683
1107,7086449,102,109898,1506340,190317,1153091,173721
1108,7064827,101,109999,1516642,190779,1162637,175134
1109,7042651,102,110098,1527552,191074,1172476,176365
1110,7021573,3,110297,1537450,191660,1182098,177536
1111,7001620,0,110400,1545809,192849,1191345,178797
1112,6981644,100,110400,1553999,193765,1201054,179958
1113,6961652,2,110598,1562497,195262,1210057,181150
1114,6943146,100,110600,1568979,196903,1219462,182130
1115,6922853,3,110797,1577312,197548,1229323,183781
1116,6902619,100,110800,1585178,198529,1239503,184991
1117,6883304,101,110899,1592361,200413,1249124,185717
1118,6864063,2,111098,1599387,201925,1258627,187116
1119,6843560,100,111100,1607347,203065,1268798,188350
1120,6821476,102,111198,1616994,203912,1279153,189683
1121,6800958,100,111300,1625471,204838,1289272,190781
1122,6780475,2,111498,1633411,206202,1299121,192309
1123,6760370,100,111500,1640939,207834,1308808,193569
1124,6738913,100,111600,1650100,208094,1319517,194996
1125,6716950,1,111799,1660016,208330,1329937,196586
1126,6694311,100,111800,1670046,208805,1340491,198167
1127,6673606,103,111897,1678159,209540,1351090,199522
1128,6651297,1,112099,1688040,210280,1361673,200829
1129,6630578,1,112199,1696332,211263,1372135,201911
1130,6609041,2,112298,1705373,212458,1382208,203238
1131,6588968,2,112398,1712464,213725,1392867,204394
1132,6569032,0,112500,1719579,215870,1402737,205302
1133,6546180,100,112500,1729451,216397,1413594,206898
1134,6523857,100,112600,1738815,217397,1424517,208034
1135,6503217,1,112799,1746354,218451,1435407,209390
1136,6482085,1,112899,1754136,219121,1446722,210855
1137,6460900,100,112900,1761761,220863,1457168,212228
1138,6438025,1,113099,1771594,221405,1468269,213826
1139,6416032,100,113100,1780214,223034,1478703,215137
1140,6395154,102,113198,1787460,223997,1489916,216691
1141,6373500,2,113398,1796087,225189,1500603,218039
1142,6352402,100,113400,1803713,226039,1512122,219144
1143,6331576,2,113598,1810930,228094,1522654,220364
1144,6310503,0,113700,1818389,229116,1534126,221586
1145,6289201,100,113700,1825804,230626,1545109,222980
1146,6268253,2,113898,1833382,231003,1557002,224278
1147,6247190,1,113999,1840686,232177,1568569,225397
1148,6226641,3,114097,1847148,233449,1580278,226601
1149,6203156,2,114198,1856917,233705,1592208,228232
1150,6181813,0,114300,1864395,234902,1603393,229817
1151,6160580,4,114396,1872055,235610,1615180,230991
1152,6139283,2,114498,1879350,236981,1626469,232435
1153,6116693,0,114600,1888203,237288,1638236,234200
1154,6096704,1,114699,1893902,239018,1649413,235682
1155,6076681,1,114799,1899541,241214,1660658,236725
1156,6055193,100,114800,1906789,242576,1672178,238084
1157,6035404,2,114998,1912424,244382,1683766,239042
1158,6012770,0,115100,1920933,244542,1696098,240777
1159,5991356,1,115199,1927810,245417,1708567,242069
1160,5967774,100,115200,1937057,245848,1720729,243812
1161,5946677,2,115398,1943772,247997,1732239,244733
1162,5925330,1,115499,1950496,248484,1744977,246232
1163,5903603,100,115500,1957862,250105,1756480,247470
1164,5882247,4,115696,1964671,251613,1768426,248759
1165,5860824,0,115800,1971873,253179,1780156,249788
1166,5839285,1,115899,1978988,253175,1793289,251182
1167,5817913,1,115999,1985531,253664,1805987,252924
1168,5795624,100,116000,1992969,254996,1817988,254443
1169,5774374,0,116200,1999666,255819,1830751,255610
1170,5752907,100,116200,2006573,255768,1843696,257276
1171,5731602,2,116398,2013463,256003,1856797,258553
1172,5710183,3,116497,2019851,257919,1868937,259627
1173,5688937,100,116500,2026147,258306,1882134,260996
1174,5665878,3,116697,2034502,258458,1895341,262538
1175,5644729,1,116799,2040758,258723,1908582,264027
1176,5625728,100,116800,2044651,260696,1920726,265019
1177,5603199,100,116900,2052192,261245,1933653,266631
1178,5582231,2,117098,2058244,261889,1947024,267730
1179,5562396,100,117100,2062712,263599,1959464,268949
1180,5541591,1,117299,2068457,265572,1971976,269723
1181,5521567,100,117300,2073088,267398,1984694,270573
1182,5500243,100,117400,2079378,267480,1997990,272329
1183,5478869,103,117497,2085553,268649,2010682,273764
1184,5456659,4,117696,2092805,268672,2024109,275471
1185,5435899,0,117800,2098266,269857,2037152,276646
1186,5415192,0,117900,2103418,271922,2049678,277710
1187,5393042,100,117900,2110263,273073,2062409,279133
1188,5373717,102,117998,2114203,274319,2075399,280380
1189,5352286,3,118197,2120388,274343,2089591,281609
1190,5331318,100,118200,2125692,275146,2103370,282694
1191,5308400,101,118299,2133340,275347,2116899,284333
1192,5287667,101,118399,2138273,276667,2130215,285597
1193,5266917,0,118600,2143562,278435,2143102,286604
1194,5245950,100,118600,2149098,278829,2157063,287680
1195,5223201,2,118798,2156437,278972,2170905,289303
1196,5201007,2,118898,2162757,279249,2184986,290919
1197,5181949,100,118900,2165969,281046,2198316,291640
1198,5161320,1,119099,2170844,283092,2211218,292645
1199,5142775,0,119200,2173978,284268,2224526,293673
1200,5122232,1,119299,2178863,284159,2238651,295414
1201,5101745,0,119400,2183525,286027,2251989,296134
1202,5081574,1,119499,2188159,286733,2266131,296922
1203,5060687,1,119599,2193134,286849,2280603,298346
1204,5042174,3,119697,2195858,288316,2293999,299370
1205,5023630,0,119800,2198519,289839,2307797,300035
1206,5001193,0,119900,2205345,289396,2322687,301299
1207,4979112,2,119998,2211710,289325,2336948,302923
1208,4960376,1,120099,2214346,290466,2350754,304177
1209,4940106,0,120200,2218602,291315,2364664,305533
1210,4920009,100,120200,2222770,291676,2379299,306466
1211,4900368,1,120399,2226295,292177,2393906,307673
1212,4880230,100,120400,2230005,293948,2407561,308676
1213,4860342,101,120499,2234146,294333,2422167,309531
1214,4842230,1,120699,2236113,295748,2436354,310274
1215,4820988,0,120800,2241204,295139,2451361,312128
1216,4801220,100,120800,2244916,295272,2466307,313105
1217,4782352,2,120998,2247909,295679,2481199,313879
1218,4762689,2,121098,2251233,295796,2495957,315443
1219,4745144,100,121100,2252508,297444,2509907,316117
1220,4724715,3,121297,2257212,297772,2524642,316976
1221,4705426,1,121399,2260235,298211,2539570,317977
1222,4685342,0,121500,2264089,297846,2554939,319304
1223,4667161,2,121598,2266340,299387,2568631,320099
1224,4647703,100,121600,2269811,300519,2582455,321132
1225,4628820,2,121798,2272448,301047,2597488,322015
1226,4611234,1,121899,2274200,302042,2611660,322783
1227,4593418,1,121999,2276126,302865,2625974,323636
1228,4575279,100,122000,2278098,303370,2640375,324898
1229,4556782,3,122197,2280770,304121,2654777,325767
1230,4538551,0,122300,2282963,304188,2669987,326631
1231,4519927,2,122398,2285248,305715,2684043,327485
1232,4499776,2,122498,2289272,305021,2699278,329171
1233,4482679,1,122599,2290240,306435,2713370,329895
1234,4462034,100,122600,2294564,305804,2728768,331450
1235,4443264,2,122798,2297440,306532,2743509,332073
1236,4424341,1,122899,2299603,306718,2758949,333308
1237,4405845,100,122900,2301672,307449,2773478,334476
1238,4386307,2,123098,2305422,307406,2788732,335251
1239,4366147,100,123100,2309367,306930,2803915,336761
1240,4348277,1,123299,2311192,307557,2818461,337832
1241,4331090,100,123300,2311903,307722,2834038,338567
1242,4313120,100,123400,2313347,307493,2849908,339552
1243,4296024,101,123499,2314057,308889,2864274,340275
1244,4278472,101,123599,2315568,308112,2879683,341784
1245,4262415,4,123796,2315413,309494,2894332,342162
1246,4244631,100,123800,2316842,309870,2909108,343369
1247,4227598,101,123899,2317569,311250,2923406,344096
1248,4209394,3,124097,2319822,311295,2938277,345329
1249,4191678,0,124200,2321310,310629,2954149,346454
1250,4174619,100,124200,2322507,311258,2969142,346694
1251,4158278,100,124300,2322530,311544,2984822,347146
1252,4140587,100,124400,2323777,312006,2999845,348205
1253,4124833,101,124499,2323350,312767,3014583,348986
1254,4108228,3,124697,2323958,312202,3030274,350055
1255,4090976,100,124700,2324601,312960,3045174,351009
1256,4074691,2,124898,2325064,312075,3060886,352202
1257,4059154,1,124999,2324557,312004,3076573,352731
1258,4042823,100,125000,2324969,312829,3091511,352888
1259,4026388,103,125097,2325133,313859,3106390,353347
1260,4010010,100,125200,2325296,314199,3121352,354363
1261,3992280,3,125397,2327497,313309,3137366,354965
1262,3976772,0,125500,2326923,314018,3152119,355688
1263,3961794,1,125599,2325551,314910,3167250,356114
1264,3945804,100,125600,2325729,313875,3183226,356986
1265,3929682,3,125797,2326079,312977,3199369,357710
1266,3913814,0,125900,2325770,312347,3215578,358411
1267,3897388,2,125998,2326348,312170,3231173,358939
1268,3883804,100,126000,2324132,312779,3245885,359420
1269,3868522,100,126100,2323315,313788,3260366,360129
1270,3853054,103,126197,2322795,314037,3275386,360945
1271,3838769,100,126300,2321017,314868,3290285,361381
1272,3823738,2,126498,2320044,314521,3305748,362467
1273,3808623,100,126500,2319543,314832,3320998,362524
1274,3794040,1,126699,2319031,315180,3335704,362764
1275,3778819,100,126700,2318152,315948,3350765,363036
1276,3763771,103,126797,2316968,315733,3366604,363741
1277,3748138,1,126999,2317381,315125,3382288,364087
1278,3733926,1,127099,2315740,314857,3397962,364634
1279,3720154,100,127100,2313636,315524,3412916,364890
1280,3705538,0,127300,2312719,316307,3427768,364988
1281,3690085,100,127300,2312313,316564,3442655,365703
1282,3675748,1,127499,2311228,315311,3458830,366402
1283,3661264,0,127600,2309674,316439,3473407,366836
1284,3646470,100,127600,2308661,315635,3489518,367336
1285,3632347,103,127697,2307380,316082,3504118,367790
1286,3618675,1,127899,2305717,315362,3519901,368264
1287,3604793,100,127900,2303835,314790,3535763,368739
1288,3590963,3,128097,2302339,313999,3551664,369152
1289,3575598,0,128200,2302345,312562,3567876,369839
1290,3561758,0,128300,2300712,311628,3583964,370258
1291,3548511,2,128398,2298745,311904,3598747,370511
1292,3535525,0,128500,2296356,312771,3613660,370208
1293,3523226,100,128500,2293016,313079,3628529,370670
1294,3509988,100,128600,2290976,312577,3644128,370951
1295,3495761,1,128799,2289868,312385,3659675,371130
1296,3483184,100,128800,2287423,311599,3675416,371198
1297,3468700,101,128899,2286572,310551,3690933,372163
1298,3454629,2,129098,2285436,309518,3706867,372668
1299,3442658,3,129197,2282132,310367,3721208,372852
1300,3429349,100,129200,2280387,310172,3736600,372712
1301,3417189,102,129298,2277325,309698,3752148,372958
1302,3403372,100,129400,2276058,308487,3768014,373489
1303,3391497,1,129599,2272946,307496,3783866,373814
1304,3379123,100,129600,2270133,307223,3798811,374330
1305,3366423,102,129698,2267740,307492,3813482,374581
1306,3354484,2,129898,2264749,307368,3828172,375145
1307,3342076,3,129997,2261843,307984,3843043,375071
1308,3330056,100,130000,2258979,308625,3857730,374630
1309,3318253,101,130099,2256017,307620,3872990,375239
1310,3306955,100,130200,2252762,306419,3888289,375795
1311,3296739,5,130395,2248444,307209,3902902,375121
1312,3285100,0,130500,2244882,306380,3918169,375989
1313,3274052,1,130599,2240901,307187,3932378,376101
1314,3262051,100,130600,2237806,307365,3946938,376460
1315,3251024,3,130797,2234478,307049,3961463,376803
1316,3239840,0,130800,2230672,307041,3976666,376601
1317,3228201,100,130800,2227827,305877,3992236,376679
1318,3217318,101,130899,2224444,305854,4006887,376416
1319,3205652,3,131097,2221816,305244,4022097,376308
1320,3195945,100,131100,2216729,305364,4036890,376192
1321,3184978,102,131198,2213587,305138,4051464,376051
1322,3174239,102,131298,2209749,304370,4066839,376121
1323,3162278,101,131399,2206875,303479,4081990,376797
1324,3151086,102,131498,2203687,302409,4097198,377138
1325,3140312,102,131598,2200267,302879,4111140,377020
1326,3129678,2,131798,2196702,301800,4126628,377010
1327,3119561,3,131897,2192793,301007,4141325,377231
1328,3109416,4,131996,2188413,301713,4155329,377145
1329,3100353,100,132000,2182961,302406,4169335,376965
1330,3090243,100,132100,2178830,302598,4183441,377008
1331,3080126,2,132298,2174708,302055,4198392,377037
1332,3069933,100,132300,2170755,300812,4213805,377015
1333,3060252,1,132499,2166274,301261,4228068,376664
1334,3050429,1,132599,2162184,299693,4243271,377042
1335,3040288,1,132699,2158506,298264,4258774,376887
1336,3030928,1,132799,2154120,297301,4273949,376521
1337,3021459,100,132800,2149741,296893,4288240,376487
1338,3012017,100,132900,2144727,295990,4303394,376792
1339,3002931,1,133099,2140163,294936,4318445,376644
1340,2993576,0,133200,2135656,293816,4333187,376985
1341,2984398,100,133200,2130773,294368,4347114,376567
1342,2975131,2,133398,2126356,294326,4360937,376668
1343,2966069,100,133400,2121738,294634,4375060,375919
1344,2957436,0,133600,2117170,294102,4389269,375643
1345,2949517,100,133600,2111753,294053,4403203,375094
1346,2940454,101,133699,2107408,292931,4418101,374825
1347,2931835,102,133798,2102872,292619,4432402,374090
1348,2923186,101,133899,2098191,292848,4445933,373761
1349,2913737,100,134000,2094163,291525,4460611,373984
1350,2904421,1,134199,2090267,290119,4475130,374282
1351,2895875,3,134297,2085222,290072,4489052,374096
1352,2887317,100,134300,2080396,290228,4502897,373482
1353,2879113,1,134499,2075693,290402,4516389,372922
1354,2870783,100,134500,2071002,288709,4531329,372697
1355,2862652,102,134598,2066191,288672,4545011,372092
1356,2854211,1,134799,2061912,286830,4559847,372019
1357,2845949,100,134800,2056773,287366,4573001,371731
1358,2837492,2,134998,2052261,285906,4587396,371963
1359,2829699,0,135100,2046756,286402,4600993,371270
1360,2821015,1,135199,2042514,285643,4614850,371197
1361,2812549,2,135298,2037802,285091,4628670,371206
1362,2804178,100,135300,2033069,283790,4643255,371028
1363,2796742,0,135500,2028065,283649,4656514,370550
1364,2788027,100,135500,2024139,282610,4670737,370007
1365,2780895,3,135697,2018907,282076,4684116,369723
1366,2772925,100,135700,2014509,280952,4698293,369041
1367,2765672,2,135898,2009279,279903,4712365,368699
1368,2758985,100,135900,2003090,279910,4725630,368305
1369,2751557,101,135999,1998038,280124,4738532,367768
1370,2743523,0,136200,1993774,279099,4752149,367675
1371,2736205,100,136200,1988666,277612,4766378,367359
1372,2728095,6,136394,1984560,276263,4780392,367104
1373,2719833,0,136500,1980237,274975,4794226,367249
1374,2712960,1,136599,1974863,275071,4807438,366287
1375,2707004,100,136600,1968280,275490,4820435,365411
1376,2699521,100,136700,1963692,274294,4834187,365026
1377,2692897,1,136899,1957880,274708,4847302,364132
1378,2685398,100,136900,1953289,273268,4861091,363874
1379,2677769,100,137000,1948644,271830,4875184,363593
1380,2671469,100,137100,1943312,270488,4888789,363062
1381,2664646,0,137300,1938144,270198,4901761,362571
1382,2657843,0,137400,1932857,269950,4914532,362238
1383,2651777,100,137400,1926850,269100,4928132,361561
1384,2645660,4,137596,1921174,267696,4941522,361564
1385,2640167,100,137600,1914725,267130,4954495,361103
1386,2634019,100,137700,1908877,267624,4966754,360446
1387,2628346,0,137800,1903124,267494,4979127,359729
1388,2622162,100,137800,1897683,267336,4991911,358728
1389,2616946,100,137900,1891318,267378,5004557,357721
1390,2610831,100,138000,1885911,267069,5017076,357133
1391,2605123,100,138100,1880406,266235,5029836,356520
1392,2598616,1,138299,1875704,264359,5043076,356564
1393,2593241,100,138300,1868989,264634,5055678,355778
1394,2586492,101,138399,1864444,263365,5068885,355233
1395,2581013,2,138598,1858738,262912,5081320,354635
1396,2575239,0,138700,1853095,261366,5094783,354237
1397,2568810,1,138799,1847759,261074,5107191,353985
1398,2562923,100,138800,1842301,260092,5120117,353387
1399,2557448,0,139000,1836885,259731,5132566,352390
1400,2551681,100,139000,1830930,258635,5145406,352368
1401,2546576,3,139197,1825248,257376,5158221,351796
1402,2540422,100,139200,1820359,255930,5170949,351560
1403,2534847,3,139397,1814752,255955,5182808,351055
1404,2530105,1,139499,1808324,255759,5194849,350482
1405,2525322,3,139597,1802070,255592,5206842,349791
1406,2519143,0,139700,1797531,254131,5219534,349381
1407,2513395,100,139700,1792300,253061,5232172,348792
1408,2507583,100,139800,1787469,251709,5244966,348093
1409,2502516,3,139997,1781785,251876,5256780,347060
1410,2496478,100,140000,1777070,250480,5269706,346286
1411,2490579,101,140099,1772485,248802,5282141,346112
1412,2485679,1,140299,1766539,248519,5294072,345510
1413,2480617,100,140300,1760917,248269,5305996,344521
1414,2475689,101,140399,1755029,246987,5318702,344012
1415,2471668,100,140500,1748532,246532,5330404,343384
1416,2466962,1,140699,1742912,246001,5342226,342618
1417,2462995,100,140700,1736288,246198,5353801,341438
1418,2458578,100,140800,1730342,246140,5365160,340600
1419,2454009,1,140999,1724448,244916,5377752,339894
1420,2449888,100,141000,1718352,244403,5389523,338854
1421,2446094,101,141099,1711960,244132,5400789,338144
1422,2440833,1,141299,1707223,242480,5413272,337511
1423,2435580,2,141398,1702327,240883,5425307,337321
1424,2431071,100,141400,1696259,241154,5436702,336234
1425,2426789,3,141597,1690500,240225,5448769,335334
1426,2421923,100,141600,1685119,238689,5461176,334713
1427,2417124,1,141699,1679703,238049,5472595,334248
1428,2412734,100,141700,1673605,237858,5483828,333695
1429,2408354,101,141799,1668128,237146,5495084,333107
1430,2404070,102,141898,1662403,236925,5506468,332052
1431,2399258,100,142000,1657426,235532,5518585,331219
1432,2395197,100,142100,1651744,234223,5530606,330350
1433,2391539,100,142200,1645724,233082,5542211,329664
1434,2387121,1,142399,1640597,232170,5553756,328775
1435,2383004,100,142400,1634740,231421,5565273,327982
1436,2379235,1,142599,1629093,230998,5576105,327188
1437,2375353,0,142700,1623094,230618,5587172,326483
1438,2371493,1,142799,1617272,229384,5598682,325988
1439,2368053,100,142800,1610786,229460,5609284,325237
1440,2364535,2,142998,1605050,228127,5620623,324683
1441,2360352,0,143100,1600125,226864,5631934,323845
1442,2356608,2,143198,1594361,226357,5642725,323167
1443,2353487,100,143200,1588037,226287,5653486,321923
1444,2349768,3,143397,1582119,226386,5664298,320846
1445,2346510,1,143499,1576085,225648,5675126,320150
1446,2342156,1,143599,1571065,224434,5686342,319622
1447,2338167,100,143600,1565683,222862,5697905,319003
1448,2334778,102,143698,1559945,222592,5708097,318306
1449,2331363,100,143800,1554229,222205,5718939,317084
1450,2327603,2,143998,1549073,221050,5730171,316121
1451,2323838,100,144000,1543916,219507,5741511,315248
1452,2320194,100,144100,1538451,218787,5752160,314528
1453,2317002,5,144295,1533029,218385,5762430,313469
1454,2313800,0,144400,1527192,218168,5772755,312505
1455,2310533,0,144500,1521190,217135,5783800,311862
1456,2307244,2,144598,1515523,216498,5794151,311202
1457,2304785,0,144700,1509150,216372,5804182,310231
1458,2301228,100,144700,1503793,215878,5814259,309562
1459,2297455,1,144899,1498926,214862,5824921,308755
1460,2294287,100,144900,1493441,213416,5835878,307898
1461,2291286,0,145100,1488154,211722,5846522,307436
1462,2288439,0,145200,1482178,210881,5856965,306757
1463,2285512,0,145300,1476501,209942,5867428,305937
1464,2282833,100,145300,1470563,209871,5877335,304718
1465,2279858,102,145398,1465219,208687,5887970,303684
1466,2276557,2,145598,1460150,207209,5898715,302987
1467,2272949,100,145600,1455400,205806,5909356,302109
1468,2270051,102,145698,1449816,204575,5919726,301550
1469,2267331,100,145800,1444257,204555,5929464,300213
1470,2265140,1,145999,1438118,204365,5939023,299373
1471,2262052,1,146099,1433091,203725,5948654,298597
1472,2259045,0,146200,1428023,203131,5958283,297738
1473,2255459,0,146300,1423134,201942,5968397,297388
1474,2252612,100,146300,1417872,200661,5978496,296679
1475,2250015,101,146399,1412176,199678,5988655,295895
1476,2247523,101,146499,1406637,199062,5998420,294877
1477,2245033,3,146697,1401352,198627,6007903,293802
1478,2242375,1,146799,1396043,198347,6017433,292621
1479,2239529,1,146899,1390944,197695,6027185,291566
1480,2236846,0,147000,1385825,196761,6037009,290579
1481,2234132,100,147000,1380276,195792,6047055,289765
1482,2231618,103,147097,1375260,194531,6057047,288661
1483,2228591,100,147200,1370408,193696,6066819,287706
1484,2226203,2,147398,1365057,192649,6076670,286839
1485,2223764,0,147500,1359798,192540,6085579,285839
1486,2221389,0,147600,1354411,191879,6094897,285044
1487,2218853,0,147700,1349330,190805,6104627,284105
1488,2216464,2,147798,1344292,190108,6113857,283097
1489,2214050,100,147800,1338918,190062,6122650,282140
1490,2211752,1,147999,1333735,189414,6131885,281233
1491,2209380,100,148000,1328624,188010,6141427,280579
1492,2207105,0,148200,1323171,187159,6151097,279688
1493,2204309,100,148200,1318182,186204,6160493,279032
1494,2201812,101,148299,1313218,185666,6169417,278206
1495,2198972,100,148400,1308554,184749,6178514,277631
1496,2196452,102,148498,1303660,184107,6187690,276609
1497,2193873,100,148600,1299232,182736,6196817,275962
1498,2191807,100,148700,1293726,182389,6205946,274852
1499,2190171,3,148897,1287912,182019,6214727,274088
1500,2188371,100,148900,1282396,181661,6223397,273095
1501,2185637,3,149097,1277901,180453,6232652,272474
1502,2183722,2,149198,1272525,180552,6241278,271141
1503,2181490,100,149200,1267561,180192,6249779,270198
1504,2178750,101,149299,1263247,178894,6258988,269440
1505,2176973,100,149400,1257980,178702,6267494,268271
1506,2174448,100,149500,1253517,177832,6276283,267440
1507,2172466,4,149696,1248699,177155,6284621,266775
1508,2170088,100,149700,1243930,176777,6293127,265798
1509,2167403,100,149800,1239570,175807,6302069,264971
1510,2165883,100,149900,1233927,175827,6310478,263805
1511,2163854,100,150000,1228843,175604,6318784,262935
1512,2161672,100,150100,1224374,174658,6327223,262193
1513,2159772,102,150198,1219700,174180,6335313,261253
1514,2157818,100,150300,1214779,173996,6343592,260135
1515,2156376,2,150498,1209381,173796,6351888,259077
1516,2155166,0,150600,1203740,173704,6359895,258115
1517,2153529,0,150700,1198606,173341,6367923,257321
1518,2151485,100,150700,1193778,172304,6376580,256573
1519,2149485,100,150800,1189064,171902,6384881,255488
1520,2147632,2,150998,1184275,170864,6393615,254632
1521,2145712,1,151099,1179702,169837,6401975,253893
1522,2143346,100,151100,1175360,168512,6410514,253388
1523,2141523,3,151297,1170574,167512,6419109,252599
1524,2139220,0,151400,1166315,166345,6427453,252087
1525,2137408,1,151499,1161632,165942,6435239,251298
1526,2135685,0,151600,1156603,165364,6443598,250370
1527,2133471,1,151699,1152577,164289,6451820,249562
1528,2131333,3,151797,1148446,163430,6460073,248535
1529,2129614,100,151800,1143819,162425,6468389,247573
1530,2128267,102,151898,1138866,162257,6476022,246506
1531,2126200,2,152098,1134655,161275,6484333,245655
1532,2123988,100,152100,1130490,160030,6492664,244948
1533,2122473,1,152299,1126081,159527,6500249,243989
1534,2121052,0,152400,1121282,159415,6507850,242821
1535,2120065,1,152499,1115943,159215,6515440,241856
1536,2118649,100,152500,1110920,159046,6522854,241051
1537,2117051,1,152699,1106672,157856,6530843,240297
1538,2115111,100,152700,1102303,157012,6538823,239471
1539,2113538,2,152898,1097670,156796,6546324,238590
1540,2111623,100,152900,1093325,155682,6554146,238144
1541,2110667,1,153099,1088336,155542,6561539,237035
1542,2109102,3,153197,1084094,154509,6569360,236152
1543,2107505,1,153299,1079623,154185,6576690,235316
1544,2105871,100,153300,1075330,153080,6584359,234680
1545,2104776,102,153398,1070435,152886,6591713,233608
1546,2103386,1,153599,1066061,152521,6598926,232725
1547,2101793,0,153700,1061821,151895,6606326,231885
1548,2100922,2,153798,1056860,151531,6613492,231013
1549,2099606,0,153900,1052259,150878,6621064,230113
1550,2098228,100,153900,1047892,150208,6628407,229185
1551,2096848,102,153998,1043679,149457,6635844,228190
1552,2095347,100,154100,1039570,149162,6642731,227310
1553,2093819,100,154200,1035398,148923,6649893,226187
1554,2092772,0,154400,1030592,148675,6657009,225372
1555,2091232,100,154400,1026209,147864,6664538,224577
1556,2090368,1,154599,1021558,147782,6671517,223394
1557,2088617,0,154700,1017735,146930,6678837,222601
1558,2087123,0,154800,1013676,145837,6686337,221847
1559,2085588,100,154800,1009420,145001,6693704,221107
1560,2084052,3,154997,1005458,143976,6701162,220369
1561,2083117,0,155100,1000799,143983,6707988,219233
1562,2081968,0,155200,996440,143328,6715058,218426
1563,2081032,2,155298,992053,142754,6721853,217626
1564,2079354,1,155399,988345,141793,6729042,216885
1565,2077851,100,155400,984482,140834,6736119,216134
1566,2076762,1,155599,980454,140417,6742754,215232
1567,2075939,2,155698,975914,140361,6749436,214068
1568,2074514,3,155797,971985,139661,6756263,213394
1569,2072744,100,155800,968356,138763,6763259,212698
1570,2071752,1,155999,964171,138234,6770026,211836
1571,2070722,2,156098,959854,137811,6776660,211071
1572,2069541,100,156100,955832,136977,6783626,210144
1573,2068198,1,156299,952222,135996,6790345,209558
1574,2067080,1,156399,947959,136188,6796726,208466
1575,2065878,3,156497,943922,135933,6803188,207596
1576,2064673,1,156599,940079,135527,6809553,206787
1577,2063456,2,156698,936204,134855,6816262,205941
1578,2062046,101,156699,932265,134420,6822588,205400
1579,2061539,1,156899,927859,134017,6828958,204546
1580,2060563,100,156900,923673,133628,6835258,203798
1581,2059448,103,156997,919805,133038,6841630,203096
1582,2057955,102,157098,916557,131574,6848416,202616
1583,2057016,3,157297,912759,131264,6854639,201639
1584,2055642,100,157300,909014,130376,6861261,201027
1585,2054519,1,157499,905282,129452,6867841,200425
1586,2053008,100,157500,901746,128624,6874330,199812
1587,2051845,102,157598,898071,127740,6880877,199085
1588,2050675,100,157700,894341,127495,6886784,198425
1589,2049739,5,157895,890507,127107,6892809,197753
1590,2048688,3,157997,886583,126804,6898790,197152
1591,2047591,100,158000,882751,126648,6904585,196445
1592,2046768,4,158196,878942,126348,6910513,195645
1593,2045623,100,158200,875194,125675,6916714,195014
1594,2044821,0,158400,871522,125028,6922894,194155
1595,2043661,100,158400,867794,124256,6929257,193452
1596,2042880,2,158598,864142,124010,6935021,192565
1597,2041830,1,158699,860596,123220,6941169,191904
1598,2041034,0,158800,856706,122872,6946981,191227
1599,2040233,2,158898,852875,122228,6953218,190364
1600,2039033,3,158997,849443,121487,6959247,189807
1601,2038306,2,159098,845577,121218,6965089,188928
1602,2037303,2,159198,841937,120257,6971364,188357
1603,2036280,100,159200,838350,119624,6977360,187606
1604,2035424,102,159298,834622,119668,6983009,186595
1605,2034622,101,159399,831099,118991,6989010,185697
1606,2033921,101,159499,827105,118980,6994659,184854
1607,2032548,100,159600,824090,118106,7000700,184176
1608,2031375,2,159798,820990,117197,7006438,183818
1609,2030433,0,159900,817525,116846,7011945,183171
1610,2029562,100,159900,813832,116042,7017885,182599
1611,2028873,101,159999,810201,115848,7023417,181680
1612,2028506,3,160197,806378,115668,7028919,180746
1613,2027470,100,160200,802874,115150,7034585,180141
1614,2026797,4,160396,799343,114991,7040158,179127
1615,2025867,0,160500,795690,114292,7045964,178707
1616,2024837,0,160600,792552,113503,7051623,178105
1617,2024086,2,160698,789123,112740,7057346,177423
1618,2023526,1,160799,785322,112670,7062733,176568
1619,2022731,100,160800,781791,112547,7067909,175842
1620,2021897,101,160899,778418,112197,7073205,175202
1621,2021160,102,160998,775081,111761,7078676,174340
1622,2020655,1,161199,771595,111149,7084274,173546
1623,2019845,101,161199,768218,110823,7089459,172874
1624,2018909,100,161300,764986,109924,7095062,172439
1625,2018269,100,161400,761740,109004,7100576,171831
1626,2017647,101,161499,758360,108874,7105601,171037
1627,2016899,100,161600,754989,108026,7111318,170388
1628,2016262,2,161798,751701,107893,7116392,169570
1629,2015547,100,161800,748396,107659,7121435,168783
1630,2014708,3,161997,745390,106830,7126908,168181
1631,2013924,1,162099,742074,106617,7132117,167387
1632,2013277,100,162100,738787,105766,7137489,166801
1633,2012611,100,162200,735561,105459,7142480,166109
1634,2011826,100,162300,732261,104668,7147936,165629
1635,2011049,101,162399,729178,104282,7152961,164949
1636,2010430,2,162598,726013,103751,7158151,164273
1637,2009808,0,162700,722738,103506,7163106,163562
1638,2008706,0,162800,719925,102938,7168184,163067
1639,2007675,2,162898,717234,101962,7173666,162381
1640,2006905,100,162900,714170,101261,7178753,161831
1641,2006449,5,163095,710912,100840,7183795,161119
1642,2005926,100,163100,707564,100804,7188344,160482
1643,2005238,5,163295,704604,100347,7193380,159746
1644,2004597,100,163300,701341,99904,7198334,159144
1645,2004109,102,163398,698357,99074,7203480,158398
1646,2003414,100,163500,695440,98506,7208493,157667
1647,2003042,3,163697,692211,98487,7213109,156868
1648,2002470,2,163798,689174,97992,7217895,156287
1649,2001777,0,163900,686085,98108,7222319,155631
1650,2001376,1,163999,683054,97533,7227187,154869
1651,2001068,0,164100,679858,97326,7231759,154109
1652,2000120,100,164100,677022,96629,7236662,153687
1653,1999319,102,164198,674219,96108,7241434,153138
1654,1998676,0,164400,671377,95390,7246278,152699
1655,1998291,100,164400,668231,95047,7250812,152039
1656,1997971,1,164599,665363,94806,7255342,151137
1657,1997175,100,164600,662432,94475,7260046,150492
1658,1996534,100,164700,659645,93849,7264834,149858
1659,1996412,2,164898,656467,93676,7269184,149179
1660,1995906,0,165000,653542,93041,7273975,148556
1661,1995483,0,165100,650592,92607,7278566,147872
1662,1995169,0,165200,647546,92272,7282967,147266
1663,1994541,100,165200,644610,92255,7287324,146490
1664,1994107,101,165299,641688,92067,7291705,145752
1665,1993539,102,165398,638841,91712,7296124,145202
1666,1993141,101,165499,635849,91327,7300689,144513
1667,1992579,1,165699,633229,90553,7305250,144108
1668,1992244,1,165799,630331,90204,7309627,143413
1669,1991915,2,165898,627251,90112,7313963,142677
1670,1991418,100,165900,624272,90183,7318118,141929
1671,1990882,100,166000,621583,89968,7322440,141147
1672,1990169,100,166100,619009,89365,7326884,140693
1673,1989818,102,166198,616182,89082,7331147,139989
1674,1989320,102,166298,613320,88489,7335678,139511
1675,1988754,0,166500,610666,87914,7340021,139165
1676,1988320,2,166598,607861,87797,7344122,138518
1677,1987768,1,166699,605085,87536,7348440,137890
1678,1987213,2,166798,602409,87367,7352595,137234
1679,1986696,0,166900,599593,87363,7356648,136620
1680,1986240,100,166900,596948,86927,7360907,135898
1681,1985487,100,167000,594674,86251,7365256,135352
1682,1984946,100,167100,592036,85648,7369574,134916
1683,1984359,100,167200,589354,85260,7373814,134433
1684,1984006,4,167396,586700,84616,7377994,134100
1685,1983639,100,167400,583981,84359,7381927,133514
1686,1983081,103,167497,581480,83999,7385978,132979
1687,1982738,2,167698,578772,84009,7389815,132384
1688,1981912,100,167700,576399,83467,7394057,131885
1689,1981403,103,167797,573905,83167,7398092,131250
1690,1981271,2,167998,571054,82988,7401923,130782
1691,1980789,1,168099,568693,82663,7405865,130109
1692,1980265,2,168198,566223,82529,7409732,129469
1693,1979618,100,168200,563842,81983,7413700,129077
1694,1979152,2,168398,561438,81470,7417816,128542
1695,1978638,1,168499,558972,81285,7421697,127927
1696,1978188,100,168500,556521,80704,7425727,127380
1697,1977863,5,168695,554163,80190,7429717,126782
1698,1977529,100,168700,551472,79987,7433550,126182
1699,1977190,2,168898,549021,79487,7437588,125632
1700,1976814,2,168998,546470,79230,7441344,125160
1701,1976100,100,169000,544119,79011,7445068,124722
1702,1975743,2,169198,541795,78758,7448797,124125
1703,1975297,100,169200,539175,78388,7452790,123570
1704,1974965,3,169397,536679,78028,7456619,123126
1705,1974310,1,169499,534357,77669,7460549,122634
1706,1973847,3,169597,531887,77593,7464269,122021
1707,1973033,100,169600,529869,76987,7468099,121632
1708,1972520,101,169699,527630,76496,7471950,121123
1709,1972250,0,169900,525298,76200,7475676,120496
1710,1971772,0,170000,523044,76010,7479206,119988
1711,1971303,3,170097,520745,75739,7482742,119588
1712,1970928,100,170100,518164,75725,7486328,118975
1713,1970559,101,170199,515861,75227,7490119,118453
1714,1970227,2,170398,513573,74745,7493832,118041
1715,1970083,0,170500,510921,74611,7497416,117489
1716,1969472,100,170500,508683,74364,7500911,117090
1717,1969314,1,170699,506280,74114,7504390,116621
1718,1968589,100,170700,504344,73540,7508163,116084
1719,1968243,100,170800,502104,72946,7511947,115580
1720,1967880,0,171000,499997,72337,7515657,115149
1721,1967387,1,171099,498038,71666,7519391,114637
1722,1967125,100,171100,495727,71477,7522784,114007
1723,1966814,101,171199,493405,71282,7526186,113532
1724,1966437,1,171399,491296,70702,7529913,113071
1725,1965914,0,171500,489340,70441,7533302,112523
1726,1965522,100,171500,487142,70264,7536613,111979
1727,1965103,101,171599,485006,69779,7540172,111559
1728,1964986,102,171698,482658,69544,7543561,110969
1729,1964559,100,171800,480565,69310,7547022,110364
1730,1964100,102,171898,478498,68780,7550448,110092
1731,1963901,100,172000,476299,68455,7553826,109539
1732,1963588,1,172199,474320,67804,7557354,109153
1733,1963222,1,172299,472225,67381,7560722,108769
1734,1962693,100,172300,470197,67002,7564121,108307
1735,1962472,2,172498,467916,66999,7567310,107821
1736,1962365,0,172600,465596,66853,7570556,107250
1737,1961978,1,172699,463404,66776,7573827,106734
1738,1961671,100,172700,461341,66358,7577138,106212
1739,1961642,2,172898,459097,66207,7580349,105623
1740,1961237,100,172900,457030,65992,7583497,105164
1741,1961034,0,173100,455055,65769,7586677,104585
1742,1960687,0,173200,453016,65582,7589735,104200
1743,1960367,100,173200,450827,65444,7592875,103707
1744,1959995,1,173399,448846,65226,7596040,103312
1745,1959559,100,173400,446751,65273,7599113,102724
1746,1959396,102,173498,444659,64848,7602423,102192
1747,1959222,0,173700,442597,64744,7605446,101711
1748,1959134,2,173798,440619,64436,7608584,101045
1749,1958759,100,173800,438648,64421,7611482,100510
1750,1958493,101,173899,436708,63943,7614722,100053
1751,1958124,101,173999,434919,63424,7617838,99714
1752,1958108,1,174199,432856,63176,7620816,99263
1753,1957840,2,174298,430809,63045,7623862,98762
1754,1957678,100,174300,428787,62753,7626918,98184
1755,1957503,3,174497,426831,62532,7629885,97766
1756,1957301,0,174600,424828,62287,7632853,97351
1757,1957170,1,174699,422741,62025,7635802,96981
1758,1956982,1,174799,420862,61848,7638623,96504
1759,1956466,100,174800,419159,61255,7641627,96313
1760,1956163,100,174900,417272,60837,7644713,95935
1761,1955830,100,175000,415475,60189,7647895,95631
1762,1955795,6,175194,413450,60061,7650734,95174
1763,1955604,1,175299,411540,60065,7653513,94597
1764,1955109,100,175300,409867,59476,7656604,94264
1765,1955145,2,175498,407838,59262,7659460,93813
1766,1954712,0,175600,406118,58833,7662525,93432
1767,1954421,2,175698,404346,58498,7665399,93054
1768,1954345,1,175799,402248,58267,7668352,92607
1769,1954009,3,175897,400530,58134,7671160,92084
1770,1953689,1,175999,398718,58054,7673850,91708
1771,1953283,100,176000,396821,57904,7676643,91369
1772,1952935,101,176099,395052,57519,7679527,91086
1773,1952716,0,176300,393320,57290,7682243,90751
1774,1952503,0,176400,391491,57035,7684935,90456
1775,1952150,100,176400,389733,56513,7687880,90144
1776,1952061,102,176498,387900,56321,7690591,89645
1777,1951797,1,176699,386270,56034,7693308,89310
1778,1951576,1,176799,384480,55922,7695973,88868
1779,1951259,100,176800,382655,55707,7698777,88422
1780,1951044,101,176899,380859,55293,7701593,88130
1781,1950841,103,176997,379200,54907,7704358,87711
1782,1950858,101,177099,377340,54731,7707026,87164
1783,1950738,4,177296,375657,54564,7709580,86777
1784,1950416,100,177300,373864,54466,7712190,86384
1785,1950177,100,177400,372217,54327,7714700,85999
1786,1949883,102,177498,370597,54108,7717313,85617
1787,1949667,102,177598,368949,53739,7719937,85326
1788,1949364,103,177697,367401,53230,7722635,85087
1789,1949279,3,177897,365774,52795,7725356,84713
1790,1948948,100,177900,364131,52451,7728043,84347
1791,1948674,100,178000,362461,52097,7730694,84094
1792,1948535,100,178100,360785,51751,7733265,83784
1793,1948217,0,178300,359334,51426,7735770,83573
1794,1948115,1,178399,357518,51414,7738171,83201
1795,1947703,4,178496,356047,51271,7740686,82809
1796,1947433,2,178598,354560,50942,7743247,82436
1797,1947233,1,178699,353016,50739,7745650,82081
1798,1947118,0,178800,351421,50497,7748182,81602
1799,1946944,100,178800,349664,50404,7750622,81186
1800,1946865,3,178997,348217,50342,7752875,80718
1801,1946595,1,179099,346718,50159,7755282,80365
1802,1946222,1,179199,345447,49699,7757925,79926
1803,1946106,0,179300,343839,49451,7760332,79592
1804,1945954,100,179300,342231,49262,7762655,79218
1805,1945863,1,179499,340773,48989,7764971,78923
1806,1945538,100,179500,339318,48566,7767481,78617
1807,1945507,0,179700,337776,48467,7769824,78146
1808,1945382,2,179798,336092,48554,7772006,77784
1809,1945074,3,179897,334672,48189,7774474,77508
1810,1944695,100,179900,333217,47875,7776880,77253
1811,1944583,101,179999,331676,47794,7779047,76919
1812,1944466,2,180198,330194,47640,7781341,76577
1813,1944106,1,180299,328971,47327,7783706,76209
1814,1943871,100,180300,327460,47041,7786111,75837
1815,1943917,3,180497,325803,46977,7788459,75361
1816,1943632,100,180500,324268,46677,7790787,75156
1817,1943549,1,180699,322936,46407,7792979,74848
1818,1943013,100,180700,321719,46044,7795364,74580
1819,1943025,1,180899,320194,46030,7797429,74241
1820,1942738,0,181000,318853,45835,7799643,73951
1821,1942620,100,181000,317236,45616,7801846,73702
1822,1942537,101,181099,315685,45446,7804048,73403
1823,1942342,101,181199,314179,45517,7806146,73035
1824,1942079,101,181299,312862,45352,7808271,72755
1825,1942051,2,181498,311463,45245,7810435,72324
1826,1941799,2,181598,310216,45040,7812655,71908
1827,1941591,100,181600,308757,44864,7814806,71602
1828,1941296,100,181700,307489,44436,7817154,71345
1829,1941220,102,181798,306062,44229,7819247,71060
1830,1941127,3,181997,304740,43913,7821456,70781
1831,1941017,100,182000,303338,43667,7823500,70498
1832,1940774,102,182098,301976,43547,7825569,70252
1833,1940821,2,182298,300500,43262,7827769,69966
1834,1940614,2,182398,299197,42935,7829985,69687
1835,1940326,100,182400,297915,42685,7832151,69343
1836,1940361,4,182596,296407,42701,7834148,68999
1837,1940393,2,182698,294997,42407,7836192,68729
1838,1940038,100,182700,293689,42185,7838276,68532
1839,1939958,100,182800,292163,42325,7840196,68178
1840,1940006,0,183000,290782,42174,7842231,67827
1841,1939782,1,183099,289582,41896,7844363,67496
1842,1939686,0,183200,288213,41788,7846375,67158
1843,1939396,100,183200,286961,41518,7848465,66880
1844,1939468,5,183395,285529,41392,7850540,66486
1845,1939395,0,183500,284069,41448,7852504,66104
1846,1939329,2,183598,282794,41115,7854561,65819
1847,1939188,3,183697,281432,41097,7856490,65510
1848,1939154,2,183798,280079,41014,7858353,65218
1849,1939067,0,183900,279021,40547,7860344,64941
1850,1938983,3,183997,277732,40422,7862285,64595
1851,1938722,100,184000,276452,40357,7864231,64258
1852,1938657,3,184197,275275,40130,7866153,64002
1853,1938344,100,184200,274112,39764,7868243,63757
1854,1938231,3,184397,272952,39523,7870232,63479
1855,1938135,1,184499,271692,39391,7872199,63102
1856,1937875,100,184500,270464,39331,7874020,62830
1857,1937788,3,184697,269258,39225,7875827,62619
1858,1937578,100,184700,267923,39073,7877767,62379
1859,1937481,102,184798,266810,38711,7879729,62087
1860,1937453,101,184899,265492,38764,7881553,61657
1861,1937276,102,184998,264356,38453,7883516,61417
1862,1937179,1,185199,263220,38128,7885475,61217
1863,1936847,100,185200,262158,37868,7887399,60948
1864,1936861,1,185399,260959,37835,7889139,60625
1865,1936699,0,185500,259893,37454,7891113,60361
1866,1936592,3,185597,258755,37374,7892854,60042
1867,1936244,100,185600,257658,37172,7894724,59822
1868,1936165,2,185798,256546,36901,7896642,59564
1869,1935954,100,185800,255411,36737,7898454,59264
1870,1935962,100,185900,254117,36647,7900233,58961
1871,1935892,2,186098,253083,36393,7902033,58717
1872,1935761,0,186200,251951,36337,7903728,58443
1873,1935522,100,186200,250770,36139,7905550,58239
1874,1935550,1,186399,249712,35882,7907335,57940
1875,1935376,100,186400,248558,35846,7909014,57626
1876,1935319,1,186599,247546,35655,7910708,57391
1877,1935211,0,186700,246440,35604,7912369,57096
1878,1934956,100,186700,245325,35536,7914119,56784
1879,1934816,101,186799,244253,35345,7915890,56515
1880,1934645,101,186899,243184,35137,7917632,56321
1881,1934424,101,186999,242217,34876,7919429,56073
1882,1934429,101,187099,240892,34880,7921074,55844
1883,1934439,5,187295,239722,34875,7922683,55596
1884,1934506,0,187400,238631,34700,7924318,55265
1885,1934244,0,187400,237646,34430,7926103,54997
1886,1934171,100,187400,236507,34301,7927695,54746
1887,1934250,2,187598,235362,34173,7929371,54462
1888,1934208,0,187700,234249,34051,7930976,54236
1889,1934089,0,187800,233209,33842,7932696,53984
1890,1933843,100,187800,232140,33697,7934356,53784
1891,1933857,1,187999,231122,33622,7935912,53506
1892,1933712,2,188098,230119,33515,7937492,53280
1893,1933605,0,188200,229124,33382,7939035,53074
1894,1933444,2,188298,228196,33152,7940659,52867
1895,1933403,1,188399,227203,32985,7942229,52599
1896,1933231,100,188400,226202,32683,7943882,52422
1897,1933150,100,188500,225145,32546,7945497,52182
1898,1933181,1,188699,224049,32435,7947057,51997
1899,1933067,1,188799,223069,32266,7948628,51789
1900,1932877,3,188897,222103,32185,7950103,51649
1901,1932622,100,188900,221143,31983,7951693,51479
1902,1932657,1,188999,220113,31819,7953256,51174
1903,1932594,1,189099,219140,31564,7954882,50939
1904,1932529,1,189199,218198,31278,7956514,50700
1905,1932487,1,189299,217185,31195,7958080,50372
1906,1932410,1,189399,216190,30968,7959645,50206
1907,1932264,100,189400,215167,31052,7961058,49879
1908,1932301,1,189599,214194,30967,7962573,49584
1909,1932303,1,189699,213150,30771,7964116,49379
1910,1932167,1,189799,212263,30522,7965671,49196
1911,1932140,100,189800,211205,30414,7967080,48981
1912,1932230,1,189999,210256,30195,7968645,48693
1913,1932028,100,190000,209325,30239,7970052,48376
1914,1932060,2,190198,208335,30248,7971450,48125
1915,1932024,2,190298,207360,30203,7972881,47850
1916,1931979,1,190399,206390,29951,7974376,47723
1917,1931826,0,190500,205641,29651,7975901,47501
1918,1931877,2,190598,204526,29616,7977368,47231
1919,1931514,100,190600,203696,29412,7978899,47099
1920,1931428,3,190797,202871,29205,7980376,46937
1921,1931333,2,190898,201947,29141,7981741,46756
1922,1931248,1,190999,201101,28949,7983157,46564
1923,1931131,0,191000,200082,28920,7984553,46334
1924,1930948,0,191100,199247,28767,7985897,46261
1925,1930808,100,191100,198365,28571,7987310,46066
1926,1930935,2,191298,197363,28537,7988596,45887
1927,1930822,100,191300,196401,28361,7990103,45633
1928,1930810,3,191497,195616,28122,7991548,45421
1929,1930788,0,191600,194734,28009,7992839,45250
1930,1930639,100,191600,193780,27923,7994222,45056
1931,1930693,0,191800,192922,27859,7995524,44822
1932,1930577,0,191900,192060,27776,7996877,44630
1933,1930433,100,191900,191238,27622,7998243,44384
1934,1930474,2,192098,190363,27519,7999596,44166
1935,1930425,1,192199,189494,27384,8000966,43950
1936,1930317,2,192298,188652,27290,8002334,43725
1937,1930177,100,192300,187827,27203,8003557,43556
1938,1930078,102,192398,187094,27036,8004855,43355
1939,1930161,2,192598,186154,26939,8006215,43149
1940,1930153,2,192698,185269,26858,8007519,42919
1941,1930187,0,192800,184305,26832,8008749,42747
1942,1930142,0,192900,183543,26675,8010025,42535
1943,1930051,100,192900,182645,26581,8011241,42402
1944,1930088,102,192998,181768,26496,8012492,42174
1945,1930165,4,193196,180904,26393,8013747,42007
1946,1930150,2,193298,180111,26152,8015065,41840
1947,1930061,100,193300,179307,26001,8016323,41628
1948,1930113,1,193499,178478,25846,8017643,41439
1949,1930105,0,193600,177688,25750,8018890,41187
1950,1930034,100,193600,176936,25554,8020201,40895
1951,1929967,0,193700,176084,25496,8021428,40745
1952,1929958,1,193799,175264,25364,8022627,40606
1953,1929784,100,193800,174562,25048,8023938,40488
1954,1929747,100,193900,173809,24839,8025248,40277
1955,1929645,100,194000,173046,24798,8026410,40121
1956,1929687,0,194200,172282,24575,8027650,40026
1957,1929507,100,194200,171561,24459,8028869,39824
1958,1929595,103,194297,170550,24507,8029992,39673
1959,1929576,100,194400,169726,24393,8031248,39477
1960,1929709,3,194597,169030,24319,8032354,39205
1961,1929590,2,194698,168420,23999,8033615,39094
1962,1929455,1,194799,167800,23791,8034805,38968
1963,1929398,1,194899,166991,23732,8035958,38840
1964,1929389,1,194999,166157,23707,8037070,38696
1965,1929305,100,195000,165382,23576,8038197,38560
1966,1929301,101,195099,164614,23496,8039315,38393
1967,1929390,2,195298,163793,23541,8040411,38183
1968,1929367,0,195400,162981,23576,8041538,37958
1969,1929426,1,195499,162216,23535,8042612,37730
1970,1929434,0,195600,161425,23422,8043804,37535
1971,1929314,100,195600,160674,23260,8044976,37396
1972,1929394,2,195798,159952,23086,8046128,37258
1973,1929262,100,195800,159241,22926,8047298,37093
1974,1929285,100,195900,158501,22707,8048496,36931
1975,1929310,1,196099,157762,22635,8049617,36795
1976,1929281,100,196100,156975,22646,8050660,36558
1977,1929436,1,196299,156267,22511,8051718,36387
1978,1929341,100,196300,155510,22400,8052837,36232
1979,1929307,100,196400,154816,22157,8054029,36111
1980,1929358,1,196499,154068,22058,8055095,35940
1981,1929263,1,196599,153417,21939,8056194,35806
1982,1929090,100,196600,152759,21858,8057258,35655
1983,1929307,0,196800,151993,21879,8058258,35383
1984,1929201,100,196800,151266,21818,8059340,35195
1985,1929144,102,196898,150627,21723,8060393,35031
1986,1929081,100,197000,149951,21556,8061516,34916
1987,1929197,3,197197,149200,21533,8062553,34734
1988,1929030,100,197200,148525,21465,8063620,34580
1989,1929067,1,197399,147827,21281,8064751,34493
1990,1928991,100,197400,147121,21241,8065764,34303
1991,1928971,101,197499,146502,20974,8066857,34215
1992,1929113,0,197700,145858,20896,8067867,33986
1993,1929192,1,197799,145191,20871,8068762,33803
1994,1929196,1,197899,144457,20879,8069740,33647
1995,1929143,100,197900,143651,20927,8070686,33513
1996,1929208,101,197999,142872,20873,8071720,33346
1997,1929277,100,198100,142157,20792,8072766,33128
1998,1929235,100,198200,141496,20699,8073807,32983
1999,1929223,102,198298,140864,20556,8074844,32831
2000,1929285,101,198399,140209,20431,8075806,32688
