,Time\ information,r3_3_100,r3_3_200,r1_0_300,r1_0_400,r2_1_500,Time\ infoAddUp,r3_3_100,r3_3_200,r1_0_300,r1_0_400,r2_1_500,Time\ entropy,r3_3_100,r3_3_200,r1_0_300,r1_0_400,r2_1_500
0,0,3.596935142387232,0.0,0.0,0.0,0,0,3.596935142387232,0.0,0.0,0.0,0.0,0,  - ,  - ,  - ,  - ,  - 
100,100,0.0,0.0,0.0,0.0,0,100,21.621369951045125,0.0,6.6582824188841805,0.0,0.0,100,  - ,  - ,  - ,  - ,  - 
200,200,0.0,0.0,0.0,0.0,0,200,43.36277551388012,0.0,13.330920145172382,0.0,0.0,200,  - ,  - ,  - ,  - ,  - 
300,300,0.0,0.0,0.0,0.0,0,300,57.938660002715,0.0,26.71985336473238,0.0,0.0,300,  - ,  - ,  - ,  - ,  - 
400,400,0.0,0.0,0.0,0.0,0,400,98.09800005202499,0.0,26.71985336473238,7.70967412262326,0.0,400,  - ,  - ,  - ,  - ,  - 
500,500,0.0,0.0,0.0,0.0,0,500,141.91000843186345,0.0,26.71985336473238,7.70967412262326,0.0,500,  - ,  - ,  - ,  - ,  - 
600,600,0.0,0.0,0.0,0.0,0,600,171.2156004837162,0.0,33.436452423505756,7.70967412262326,0.0,600,  - ,  - ,  - ,  - ,  - 
700,700,0.0,0.0,0.0,0.0,0,700,193.20569269462015,0.0,33.436452423505756,7.70967412262326,0.0,700,  - ,  - ,  - ,  - ,  - 
800,800,0.0,0.0,6.731561688872482,0.0,0,800,207.86601909184108,7.652373731112841,40.16801411237824,7.70967412262326,0.0,800,  - ,  - ,  - ,  - ,  - 
900,900,0.0,0.0,0.0,0.0,0,900,248.35055654005413,7.652373731112841,46.914698295612936,20.534796744981342,0.0,900,  - ,  - ,  - ,  - ,  - 
1000,1000,0.0,0.0,0.0,0.0,0,1000,285.4128423564555,7.652373731112841,53.676668257126146,39.1323851713878,0.0,1000,  - ,  - ,  - ,  - ,  - 
1100,1100,0.0,0.0,0.0,0.0,0,1100,311.3672277353364,14.879273653176366,53.676668257126146,51.37055404650148,0.0,1100,  - ,  - ,  - ,  - ,  - 
1200,1200,0.0,0.0,0.0,0.0,0,1200,337.3222662635143,14.879273653176366,53.676668257126146,63.26099154572576,0.0,1200,  - ,  - ,  - ,  - ,  - 
1300,1300,0.0,0.0,0.0,0.0,0,1300,367.0437505883071,14.879273653176366,60.45409081139928,69.21480975362326,0.0,1300,  - ,  - ,  - ,  - ,  - 
1400,1400,0.0,0.0,0.0,0.0,0,1400,393.15978492821057,14.879273653176366,67.24713641923964,69.21480975362326,0.0,1400,  - ,  - ,  - ,  - ,  - 
1500,1500,0.0,0.0,0.0,0.0,0,1500,415.5830698748063,14.879273653176366,67.24713641923964,92.02006610330835,0.0,1500,  - ,  - ,  - ,  - ,  - 
1600,1600,0.0,0.0,0.0,0.0,0,1600,426.82466513543204,14.879273653176366,80.88079760114839,114.85449277607125,0.0,1600,  - ,  - ,  - ,  - ,  - 
1700,1700,0.0,0.0,0.0,0.0,0,1700,438.1259248797762,28.529239435977665,80.88079760114839,126.22832930631941,0.0,1700,  - ,  - ,  - ,  - ,  - 
1800,1800,0.0,0.0,0.0,0.0,0,1800,475.8734707403649,35.297251773692004,87.72177344367685,131.87304438002596,0.0,1800,  - ,  - ,  - ,  - ,  - 
1900,1900,0.0,0.0,0.0,0.0,0,1900,494.89349542979255,35.297251773692004,101.45294732858429,142.96234949524035,0.0,1900,  - ,  - ,  - ,  - ,  - 
2000,2000,0.0,0.0,0.0,0.0,0,2000,537.0306549812948,55.127204131656,115.2510440559617,148.4876706359914,0.0,2000,  - ,  - ,  - ,  - ,  - 
2100,2100,0.0,0.0,0.0,0.0,0,2100,560.1990457180989,74.60900594330208,122.17569077432506,148.4876706359914,0.0,2100,  - ,  - ,  - ,  - ,  - 
2200,2200,0.0,0.0,0.0,0.0,0,2200,575.644909518286,87.51048306447584,122.17569077432506,164.47262247842892,0.0,2200,  - ,  - ,  - ,  - ,  - 
2300,2300,3.8779894634559575,0.0,0.0,0.0,0,2300,614.3587233087912,93.9558305939821,129.1176806571262,191.0521625941328,0.0,2300,  - ,  - ,  - ,  - ,  - 
2400,2400,0.0,0.0,0.0,0.0,0,2400,645.383126576658,100.31499519241031,136.07722827936968,212.05178153679043,0.0,2400,  - ,  - ,  - ,  - ,  - 
2500,2500,3.911617550141522,0.0,0.0,0.0,0,2500,680.4695195998945,106.65351540178966,143.05455354731933,217.26065575559554,0.0,2500,  - ,  - ,  - ,  - ,  - 
2600,2600,0.0,0.0,0.0,0.0,0,2600,704.0076735845511,125.42947067301418,150.04988189968816,227.52155781151006,0.0,2600,  - ,  - ,  - ,  - ,  - 
2700,2700,0.0,0.0,0.0,0.0,0,2700,743.6270039866163,125.42947067301418,178.21594071546428,247.78341168295552,0.0,2700,  - ,  - ,  - ,  - ,  - 
2800,2800,0.0,0.0,0.0,0.0,0,2800,791.6216077144551,131.5761268401427,178.21594071546428,257.8425019478455,0.0,2800,  - ,  - ,  - ,  - ,  - 
2900,2900,0.0,0.0,0.0,0.0,0,2900,815.7110711708206,131.5761268401427,185.30487513892578,267.7470874492297,0.0,2900,  - ,  - ,  - ,  - ,  - 
3000,3000,0.0,6.076675935461123,0.0,0.0,0,3000,827.7836842685776,137.65280277560382,192.41329410684511,292.49138462634664,0.0,3000,  - ,  - ,  - ,  - ,  - 
3100,3100,0.0,0.0,0.0,0.0,0,3100,835.8569005794217,143.75548870352242,192.41329410684511,317.36190806501145,0.0,3100,  - ,  - ,  - ,  - ,  - 
3200,3200,0.0,0.0,0.0,0.0,0,3200,868.1503134546889,143.75548870352242,192.41329410684511,347.2185508264875,0.0,3200,  - ,  - ,  - ,  - ,  - 
3300,3300,0.0,0.0,0.0,0.0,0,3300,904.4814515806587,149.78205972144067,199.54146836991106,357.13973445136355,0.0,3300,  - ,  - ,  - ,  - ,  - 
3400,3400,0.0,0.0,0.0,4.927368170292757,0,3400,912.5928517148966,155.82534690408423,199.54146836991106,381.75210543598917,0.0,3400,  - ,  - ,  - ,  - ,  - 
3500,3500,0.0,0.0,0.0,0.0,0,3500,940.9831850194159,167.93746413581155,199.54146836991106,411.3739764129233,0.0,3500,  - ,  - ,  - ,  - ,  - 
3600,3600,0.0,0.0,0.0,0.0,0,3600,973.4301055854647,191.99746920067446,199.54146836991106,435.840845563169,0.0,3600,  - ,  - ,  - ,  - ,  - 
3700,3700,0.0,0.0,0.0,0.0,0,3700,985.5979280384616,210.07245891655248,199.54146836991106,460.35587581423215,0.0,3700,  - ,  - ,  - ,  - ,  - 
3800,3800,0.0,0.0,0.0,0.0,0,3800,1018.0460613066047,222.1121881034072,199.54146836991106,479.9761292426363,0.0,3800,  - ,  - ,  - ,  - ,  - 
3900,3900,0.0,0.0,0.0,0.0,0,3900,1038.4033520918679,222.1121881034072,213.85820397560465,494.5739698835487,10.481366990725045,3900,  - ,  - ,  - ,  - ,  - 
4000,4000,0.0,0.0,0.0,0.0,0,4000,1038.4033520918679,222.1121881034072,221.04734599646144,514.1061617563479,10.481366990725045,4000,  - ,  - ,  - ,  - ,  - 
4100,4100,0.0,0.0,0.0,0.0,0,4100,1038.4033520918679,234.15238753708613,228.25740537055498,514.1061617563479,10.481366990725045,4100,  - ,  - ,  - ,  - ,  - 
4200,4200,0.0,0.0,0.0,0.0,0,4200,1038.4033520918679,246.19310552292308,228.25740537055498,519.009158165616,10.481366990725045,4200,  - ,  - ,  - ,  - ,  - 
4300,4300,0.0,0.0,0.0,0.0,0,4300,1038.4033520918679,246.19310552292308,235.48869413314998,528.8394246393633,10.481366990725045,4300,  - ,  - ,  - ,  - ,  - 
4400,4400,0.0,0.0,0.0,0.0,0,4400,1038.4033520918679,246.19310552292308,242.7415337045532,538.7023839696462,10.481366990725045,4400,  - ,  - ,  - ,  - ,  - 
4500,4500,0.0,0.0,0.0,0.0,0,4500,1038.4033520918679,258.31753020203536,257.3132004861748,553.5590035509149,10.481366990725045,4500,  - ,  - ,  - ,  - ,  - 
4600,4600,0.0,0.0,0.0,0.0,0,4600,1038.4033520918679,258.31753020203536,257.3132004861748,568.4914853142651,10.481366990725045,4600,  - ,  - ,  - ,  - ,  - 
4700,4700,0.0,0.0,0.0,0.0,0,4700,1038.4033520918679,270.55447832170256,257.3132004861748,578.4893319734387,10.481366990725045,4700,  - ,  - ,  - ,  - ,  - 
4800,4800,0.0,0.0,0.0,0.0,0,4800,1038.4033520918679,276.68638749324276,264.63272146656334,593.5514966591631,10.481366990725045,4800,  - ,  - ,  - ,  - ,  - 
4900,4900,0.0,0.0,0.0,0.0,0,4900,1038.4033520918679,276.68638749324276,264.63272146656334,598.5898843846463,10.481366990725045,4900,  - ,  - ,  - ,  - ,  - 
5000,5000,0.0,0.0,0.0,0.0,0,5000,1038.4033520918679,276.68638749324276,264.63272146656334,629.0098432572821,10.481366990725045,5000,  - ,  - ,  - ,  - ,  - 
5100,5100,0.0,0.0,0.0,0.0,0,5100,1038.4033520918679,289.1530261647488,286.7304343609237,654.6149651917375,10.481366990725045,5100,  - ,  - ,  - ,  - ,  - 
5200,5200,0.0,0.0,0.0,0.0,0,5200,1038.4033520918679,289.1530261647488,286.7304343609237,670.0930332904595,10.481366990725045,5200,  - ,  - ,  - ,  - ,  - 
5300,5300,0.0,0.0,0.0,0.0,0,5300,1038.4033520918679,289.1530261647488,286.7304343609237,701.316711468795,10.481366990725045,5300,  - ,  - ,  - ,  - ,  - 
5400,5400,0.0,0.0,0.0,0.0,0,5400,1038.4033520918679,289.1530261647488,286.7304343609237,717.0663275927245,10.481366990725045,5400,  - ,  - ,  - ,  - ,  - 
5500,5500,0.0,0.0,0.0,0.0,0,5500,1038.4033520918679,295.5481004195332,294.1440151662859,727.6185309888665,10.481366990725045,5500,  - ,  - ,  - ,  - ,  - 
5600,5600,0.0,0.0,0.0,0.0,0,5600,1038.4033520918679,295.5481004195332,301.5821137635913,759.5342639178152,10.481366990725045,5600,  - ,  - ,  - ,  - ,  - 
5700,5700,0.0,0.0,0.0,0.0,0,5700,1038.4033520918679,302.0780035269872,301.5821137635913,781.034405016175,10.481366990725045,5700,  - ,  - ,  - ,  - ,  - 
5800,5800,0.0,0.0,0.0,0.0,0,5800,1038.4033520918679,302.0780035269872,301.5821137635913,781.034405016175,10.481366990725045,5800,  - ,  - ,  - ,  - ,  - 
5900,5900,0.0,0.0,0.0,0.0,0,5900,1038.4033520918679,328.22257875705907,301.5821137635913,786.4381638875828,10.481366990725045,5900,  - ,  - ,  - ,  - ,  - 
6000,6000,0.0,0.0,0.0,0.0,0,6000,1038.4033520918679,334.82564715401514,316.53359522536147,813.6342496556337,10.481366990725045,6000,  - ,  - ,  - ,  - ,  - 
6100,6100,0.0,0.0,0.0,0.0,0,6100,1038.4033520918679,348.09513314585126,324.04788231739644,835.6101688360377,10.481366990725045,6100,  - ,  - ,  - ,  - ,  - 
6200,6200,0.0,0.0,0.0,0.0,0,6200,1038.4033520918679,348.09513314585126,331.5884973585015,846.6735787602072,10.481366990725045,6200,  - ,  - ,  - ,  - ,  - 
6300,6300,0.0,0.0,0.0,0.0,0,6300,1038.4033520918679,348.09513314585126,331.5884973585015,852.2245544222152,10.481366990725045,6300,  - ,  - ,  - ,  - ,  - 
6400,6400,0.0,0.0,0.0,0.0,0,6400,1038.4033520918679,348.09513314585126,331.5884973585015,868.9560283784934,10.481366990725045,6400,  - ,  - ,  - ,  - ,  - 
6500,6500,0.0,0.0,0.0,0.0,0,6500,1038.4033520918679,354.82840444344833,346.7507094854611,880.177066524833,10.481366990725045,6500,  - ,  - ,  - ,  - ,  - 
6600,6600,0.0,0.0,0.0,0.0,0,6600,1038.4033520918679,354.82840444344833,346.7507094854611,908.4709758906719,10.481366990725045,6600,  - ,  - ,  - ,  - ,  - 
6700,6700,0.0,0.0,0.0,0.0,0,6700,1038.4033520918679,354.82840444344833,346.7507094854611,919.8880374443025,10.481366990725045,6700,  - ,  - ,  - ,  - ,  - 
6800,6800,0.0,0.0,0.0,12.508797051176847,0,6800,1038.4033520918679,361.71996424611007,346.7507094854611,943.8725465857278,10.481366990725045,6800,  - ,  - ,  - ,  - ,  - 
6900,6900,0.0,0.0,0.0,0.0,0,6900,1038.4033520918679,361.71996424611007,346.7507094854611,949.6632399437676,10.481366990725045,6900,  - ,  - ,  - ,  - ,  - 
7000,7000,0.0,0.0,0.0,0.0,0,7000,1038.4033520918679,375.59628280098565,354.3733538998848,949.6632399437676,10.481366990725045,7000,  - ,  - ,  - ,  - ,  - 
7100,7100,0.0,0.0,0.0,0.0,0,7100,1038.4033520918679,375.59628280098565,362.02442320421426,978.8524325798992,10.481366990725045,7100,  - ,  - ,  - ,  - ,  - 
7200,7200,0.0,0.0,0.0,0.0,0,7200,1038.4033520918679,382.6322602045531,362.02442320421426,1002.4977859865772,10.481366990725045,7200,  - ,  - ,  - ,  - ,  - 
7300,7300,0.0,0.0,0.0,0.0,0,7300,1038.4033520918679,382.6322602045531,362.02442320421426,1002.4977859865772,10.481366990725045,7300,  - ,  - ,  - ,  - ,  - 
7400,7400,0.0,0.0,0.0,0.0,0,7400,1038.4033520918679,389.7551798887184,362.02442320421426,1015.3994665711396,10.481366990725045,7400,  - ,  - ,  - ,  - ,  - 
7500,7500,0.0,0.0,0.0,0.0,0,7500,1038.4033520918679,396.9144959278842,362.02442320421426,1033.4198695553364,10.481366990725045,7500,  - ,  - ,  - ,  - ,  - 
7600,7600,0.0,0.0,0.0,0.0,0,7600,1038.4033520918679,396.9144959278842,369.7044945919121,1039.4630106763664,10.481366990725045,7600,  - ,  - ,  - ,  - ,  - 
7700,7700,0.0,0.0,0.0,0.0,0,7700,1038.4033520918679,404.1111572136147,369.7044945919121,1039.4630106763664,10.481366990725045,7700,  - ,  - ,  - ,  - ,  - 
7800,7800,0.0,0.0,0.0,0.0,0,7800,1038.4033520918679,418.50487327822464,377.41416906071294,1045.5247223144897,10.481366990725045,7800,  - ,  - ,  - ,  - ,  - 
7900,7900,0.0,0.0,0.0,0.0,0,7900,1038.4033520918679,418.50487327822464,385.1540729162662,1057.7048630310244,10.481366990725045,7900,  - ,  - ,  - ,  - ,  - 
8000,8000,0.0,0.0,0.0,0.0,0,8000,1038.4033520918679,425.77940958099236,392.924859405149,1069.962372202729,10.481366990725045,8000,  - ,  - ,  - ,  - ,  - 
8100,8100,0.0,0.0,0.0,0.0,0,8100,1038.4033520918679,425.77940958099236,392.924859405149,1076.1208216840007,10.481366990725045,8100,  - ,  - ,  - ,  - ,  - 
8200,8200,0.0,0.0,0.0,0.0,0,8200,1038.4033520918679,425.77940958099236,400.72721049146804,1082.2994467576739,10.481366990725045,8200,  - ,  - ,  - ,  - ,  - 
8300,8300,0.0,0.0,0.0,0.0,0,8300,1038.4033520918679,425.77940958099236,408.5618387931884,1088.4985418813558,10.481366990725045,8300,  - ,  - ,  - ,  - ,  - 
8400,8400,0.0,0.0,0.0,0.0,0,8400,1038.4033520918679,425.77940958099236,408.5618387931884,1100.9593634800933,10.481366990725045,8400,  - ,  - ,  - ,  - ,  - 
8500,8500,0.0,0.0,0.0,0.0,0,8500,1038.4033520918679,433.1788265625015,408.5618387931884,1113.5058211375194,10.481366990725045,8500,  - ,  - ,  - ,  - ,  - 
8600,8600,0.0,0.0,0.0,0.0,0,8600,1038.4033520918679,440.6450983853712,408.5618387931884,1126.1406067632001,10.481366990725045,8600,  - ,  - ,  - ,  - ,  - 
8700,8700,0.0,0.0,0.0,0.0,0,8700,1038.4033520918679,440.6450983853712,408.5618387931884,1138.8665846237984,10.481366990725045,8700,  - ,  - ,  - ,  - ,  - 
8800,8800,0.0,0.0,0.0,0.0,0,8800,1038.4033520918679,440.6450983853712,408.5618387931884,1138.8665846237984,10.481366990725045,8800,  - ,  - ,  - ,  - ,  - 
8900,8900,0.0,0.0,0.0,0.0,0,8900,1038.4033520918679,448.23014943119273,416.42948969655276,1158.1332734203368,10.481366990725045,8900,  - ,  - ,  - ,  - ,  - 
9000,9000,0.0,0.0,0.0,0.0,0,9000,1038.4033520918679,448.23014943119273,416.42948969655276,1158.1332734203368,10.481366990725045,9000,  - ,  - ,  - ,  - ,  - 
9100,9100,0.0,0.0,0.0,0.0,0,9100,1038.4033520918679,455.8656975981049,416.42948969655276,1171.1010548910813,10.481366990725045,9100,  - ,  - ,  - ,  - ,  - 
9200,9200,0.0,0.0,0.0,0.0,0,9200,1038.4033520918679,463.5272422784082,416.42948969655276,1171.1010548910813,10.481366990725045,9200,  - ,  - ,  - ,  - ,  - 
9300,9300,0.0,0.0,7.901453972996659,0.0,0,9300,1038.4033520918679,463.5272422784082,424.3309436695494,1171.1010548910813,10.481366990725045,9300,  - ,  - ,  - ,  - ,  - 
9400,9400,0.0,0.0,0.0,0.0,0,9400,1038.4033520918679,471.188918484629,424.3309436695494,1197.3490381947252,10.481366990725045,9400,  - ,  - ,  - ,  - ,  - 
9500,9500,0.0,0.0,0.0,0.0,0,9500,1038.4033520918679,478.98757890113717,424.3309436695494,1203.9790392503674,10.481366990725045,9500,  - ,  - ,  - ,  - ,  - 
9600,9600,0.0,0.0,0.0,6.687139533182297,0,9600,1038.4033520918679,478.98757890113717,424.3309436695494,1217.3244604812305,10.481366990725045,9600,  - ,  - ,  - ,  - ,  - 
9700,9700,0.0,0.0,0.0,0.0,0,9700,1038.4033520918679,478.98757890113717,432.2670187984157,1224.0410588476489,10.481366990725045,9700,  - ,  - ,  - ,  - ,  - 
9800,9800,0.0,0.0,0.0,0.0,0,9800,1038.4033520918679,486.87524779376275,432.2670187984157,1230.7877423529526,10.481366990725045,9800,  - ,  - ,  - ,  - ,  - 
9900,9900,0.0,0.0,0.0,0.0,0,9900,1038.4033520918679,486.87524779376275,432.2670187984157,1251.2149816919236,10.481366990725045,9900,  - ,  - ,  - ,  - ,  - 
10000,10000,0.0,0.0,0.0,0.0,0,10000,1038.4033520918679,486.87524779376275,432.2670187984157,1251.2149816919236,10.481366990725045,10000,  - ,  - ,  - ,  - ,  - 
10100,10100,0.0,0.0,0.0,0.0,0,10100,1038.4033520918679,486.87524779376275,432.2670187984157,1258.0888352535703,10.481366990725045,10100,  - ,  - ,  - ,  - ,  - 
10200,10200,0.0,0.0,0.0,0.0,0,10200,1038.4033520918679,486.87524779376275,448.24650996476146,1258.0888352535703,10.481366990725045,10200,  - ,  - ,  - ,  - ,  - 
10300,10300,0.0,0.0,0.0,0.0,0,10300,1038.4033520918679,486.87524779376275,448.24650996476146,1278.9156616193836,10.481366990725045,10300,  - ,  - ,  - ,  - ,  - 
10400,10400,0.0,0.0,0.0,0.0,0,10400,1038.4033520918679,495.06853836719927,464.37537351661996,1285.9292236762376,10.481366990725045,10400,  - ,  - ,  - ,  - ,  - 
10500,10500,0.0,0.0,0.0,0.0,0,10500,1038.4033520918679,495.06853836719927,464.37537351661996,1300.0689058181233,10.481366990725045,10500,  - ,  - ,  - ,  - ,  - 
10600,10600,0.0,0.0,0.0,0.0,0,10600,1038.4033520918679,495.06853836719927,464.37537351661996,1300.0689058181233,10.481366990725045,10600,  - ,  - ,  - ,  - ,  - 
10700,10700,0.0,0.0,0.0,0.0,0,10700,1038.4033520918679,495.06853836719927,464.37537351661996,1300.0689058181233,10.481366990725045,10700,  - ,  - ,  - ,  - ,  - 
10800,10800,0.0,0.0,0.0,0.0,0,10800,1038.4033520918679,495.06853836719927,480.6618328799993,1314.3656067800616,10.481366990725045,10800,  - ,  - ,  - ,  - ,  - 
10900,10900,0.0,0.0,0.0,0.0,0,10900,1038.4033520918679,495.06853836719927,497.11506625199274,1321.575665663737,10.481366990725045,10900,  - ,  - ,  - ,  - ,  - 
11000,11000,0.0,0.0,0.0,0.0,0,11000,1038.4033520918679,495.06853836719927,497.11506625199274,1328.8285047591462,10.481366990725045,11000,  - ,  - ,  - ,  - ,  - 
11100,11100,0.0,0.0,0.0,0.0,0,11100,1038.4033520918679,495.06853836719927,497.11506625199274,1328.8285047591462,10.481366990725045,11100,  - ,  - ,  - ,  - ,  - 
11200,11200,0.0,0.0,0.0,0.0,0,11200,1038.4033520918679,495.06853836719927,505.40739502485724,1336.1254494637556,10.481366990725045,11200,  - ,  - ,  - ,  - ,  - 
11300,11300,0.0,0.0,0.0,0.0,0,11300,1038.4033520918679,495.06853836719927,505.40739502485724,1336.1254494637556,10.481366990725045,11300,  - ,  - ,  - ,  - ,  - 
11400,11400,0.0,0.0,0.0,0.0,0,11400,1038.4033520918679,495.06853836719927,505.40739502485724,1343.46790934782,10.481366990725045,11400,  - ,  - ,  - ,  - ,  - 
11500,11500,0.0,0.0,0.0,0.0,0,11500,1038.4033520918679,503.6507360307536,505.40739502485724,1350.8573864365046,10.481366990725045,11500,  - ,  - ,  - ,  - ,  - 
11600,11600,0.0,0.0,0.0,0.0,0,11600,1038.4033520918679,503.6507360307536,505.40739502485724,1358.2954846155121,10.481366990725045,11600,  - ,  - ,  - ,  - ,  - 
11700,11700,0.0,0.0,0.0,0.0,0,11700,1038.4033520918679,503.6507360307536,505.40739502485724,1365.7839203574315,10.481366990725045,11700,  - ,  - ,  - ,  - ,  - 
11800,11800,0.0,0.0,0.0,0.0,0,11800,1038.4033520918679,503.6507360307536,513.7453832250437,1373.3245350090867,10.481366990725045,11800,  - ,  - ,  - ,  - ,  - 
11900,11900,0.0,0.0,0.0,0.0,0,11900,1038.4033520918679,503.6507360307536,513.7453832250437,1388.570377878334,10.481366990725045,11900,  - ,  - ,  - ,  - ,  - 
12000,12000,0.0,0.0,0.0,0.0,0,12000,1038.4033520918679,521.3602629160268,513.7453832250437,1388.570377878334,10.481366990725045,12000,  - ,  - ,  - ,  - ,  - 
12100,12100,0.0,0.0,0.0,0.0,0,12100,1038.4033520918679,530.2152243473511,522.1305328777175,1388.570377878334,10.481366990725045,12100,  - ,  - ,  - ,  - ,  - 
12200,12200,0.0,0.0,0.0,0.0,0,12200,1038.4033520918679,539.0703177905064,530.5644478685812,1388.570377878334,10.481366990725045,12200,  - ,  - ,  - ,  - ,  - 
12300,12300,0.0,0.0,0.0,0.0,0,12300,1038.4033520918679,547.9255432600261,530.5644478685812,1388.570377878334,10.481366990725045,12300,  - ,  - ,  - ,  - ,  - 
12400,12400,0.0,0.0,0.0,0.0,0,12400,1038.4033520918679,547.9255432600261,530.5644478685812,1404.0508381580867,10.481366990725045,12400,  - ,  - ,  - ,  - ,  - 
12500,12500,0.0,0.0,0.0,0.0,0,12500,1038.4033520918679,547.9255432600261,530.5644478685812,1404.0508381580867,10.481366990725045,12500,  - ,  - ,  - ,  - ,  - 
12600,12600,0.0,0.0,0.0,0.0,0,12600,1038.4033520918679,556.9061715256962,530.5644478685812,1404.0508381580867,10.481366990725045,12600,  - ,  - ,  - ,  - ,  - 
12700,12700,0.0,0.0,0.0,0.0,0,12700,1038.4033520918679,556.9061715256962,530.5644478685812,1404.0508381580867,10.481366990725045,12700,  - ,  - ,  - ,  - ,  - 
12800,12800,0.0,0.0,0.0,0.0,0,12800,1038.4033520918679,556.9061715256962,530.5644478685812,1404.0508381580867,10.481366990725045,12800,  - ,  - ,  - ,  - ,  - 
12900,12900,0.0,0.0,0.0,0.0,0,12900,1038.4033520918679,556.9061715256962,539.0488446702236,1404.0508381580867,10.481366990725045,12900,  - ,  - ,  - ,  - ,  - 
13000,13000,0.0,0.0,0.0,0.0,0,13000,1038.4033520918679,565.8869318706659,564.8240508574979,1411.8854661424775,10.481366990725045,13000,  - ,  - ,  - ,  - ,  - 
13100,13100,0.0,0.0,0.0,0.0,0,13100,1038.4033520918679,565.8869318706659,573.5302630313125,1411.8854661424775,10.481366990725045,13100,  - ,  - ,  - ,  - ,  - 
13200,13200,0.0,0.0,0.0,0.0,0,13200,1038.4033520918679,574.9348084657793,573.5302630313125,1411.8854661424775,10.481366990725045,13200,  - ,  - ,  - ,  - ,  - 
13300,13300,0.0,0.0,0.0,0.0,0,13300,1038.4033520918679,574.9348084657793,573.5302630313125,1435.8037408595035,10.481366990725045,13300,  - ,  - ,  - ,  - ,  - 
13400,13400,0.0,0.0,0.0,0.0,0,13400,1038.4033520918679,584.2048195196676,573.5302630313125,1435.8037408595035,10.481366990725045,13400,  - ,  - ,  - ,  - ,  - 
13500,13500,0.0,0.0,0.0,0.0,0,13500,1038.4033520918679,584.2048195196676,573.5302630313125,1435.8037408595035,10.481366990725045,13500,  - ,  - ,  - ,  - ,  - 
13600,13600,0.0,0.0,0.0,0.0,0,13600,1038.4033520918679,584.2048195196676,582.2977314875002,1435.8037408595035,10.481366990725045,13600,  - ,  - ,  - ,  - ,  - 
13700,13700,0.0,0.0,0.0,0.0,0,13700,1038.4033520918679,584.2048195196676,582.2977314875002,1443.926721420457,10.481366990725045,13700,  - ,  - ,  - ,  - ,  - 
13800,13800,0.0,0.0,0.0,0.0,0,13800,1038.4033520918679,584.2048195196676,582.2977314875002,1443.926721420457,10.481366990725045,13800,  - ,  - ,  - ,  - ,  - 
13900,13900,0.0,0.0,0.0,0.0,0,13900,1038.4033520918679,603.084568117934,582.2977314875002,1460.4242041735238,10.481366990725045,13900,  - ,  - ,  - ,  - ,  - 
14000,14000,0.0,0.0,0.0,0.0,0,14000,1038.4033520918679,603.084568117934,582.2977314875002,1460.4242041735238,10.481366990725045,14000,  - ,  - ,  - ,  - ,  - 
14100,14100,0.0,0.0,0.0,0.0,0,14100,1038.4033520918679,603.084568117934,582.2977314875002,1468.8093536098365,10.481366990725045,14100,  - ,  - ,  - ,  - ,  - 
14200,14200,0.0,0.0,0.0,0.0,0,14200,1038.4033520918679,603.084568117934,600.0276104837001,1477.2937502095422,10.481366990725045,14200,  - ,  - ,  - ,  - ,  - 
14300,14300,0.0,0.0,0.0,0.0,0,14300,1038.4033520918679,603.084568117934,600.0276104837001,1485.884773503006,10.481366990725045,14300,  - ,  - ,  - ,  - ,  - 
14400,14400,0.0,0.0,0.0,0.0,0,14400,1038.4033520918679,603.084568117934,600.0276104837001,1485.884773503006,10.481366990725045,14400,  - ,  - ,  - ,  - ,  - 
14500,14500,0.0,0.0,0.0,0.0,0,14500,1038.4033520918679,603.084568117934,600.0276104837001,1485.884773503006,10.481366990725045,14500,  - ,  - ,  - ,  - ,  - 
14600,14600,0.0,0.0,0.0,0.0,0,14600,1038.4033520918679,603.084568117934,600.0276104837001,1485.884773503006,10.481366990725045,14600,  - ,  - ,  - ,  - ,  - 
14700,14700,0.0,0.0,0.0,0.0,0,14700,1038.4033520918679,603.084568117934,608.9962800141841,1485.884773503006,10.481366990725045,14700,  - ,  - ,  - ,  - ,  - 
14800,14800,0.0,0.0,0.0,0.0,0,14800,1038.4033520918679,603.084568117934,608.9962800141841,1485.884773503006,10.481366990725045,14800,  - ,  - ,  - ,  - ,  - 
14900,14900,0.0,0.0,0.0,0.0,0,14900,1038.4033520918679,603.084568117934,608.9962800141841,1485.884773503006,10.481366990725045,14900,  - ,  - ,  - ,  - ,  - 
15000,15000,0.0,0.0,0.0,0.0,0,15000,1038.4033520918679,603.084568117934,608.9962800141841,1485.884773503006,10.481366990725045,15000,  - ,  - ,  - ,  - ,  - 
15100,15100,0.0,0.0,0.0,0.0,0,15100,1038.4033520918679,603.084568117934,608.9962800141841,1485.884773503006,10.481366990725045,15100,  - ,  - ,  - ,  - ,  - 
15200,15200,0.0,0.0,0.0,0.0,0,15200,1038.4033520918679,603.084568117934,608.9962800141841,1485.884773503006,10.481366990725045,15200,  - ,  - ,  - ,  - ,  - 
15300,15300,0.0,0.0,0.0,0.0,0,15300,1038.4033520918679,603.084568117934,608.9962800141841,1494.5909855037319,10.481366990725045,15300,  - ,  - ,  - ,  - ,  - 
15400,15400,0.0,0.0,0.0,0.0,0,15400,1038.4033520918679,613.0645591674235,618.0388058638207,1494.5909855037319,10.481366990725045,15400,  - ,  - ,  - ,  - ,  - 
15500,15500,0.0,0.0,0.0,0.0,0,15500,1038.4033520918679,613.0645591674235,618.0388058638207,1503.4224398763834,10.481366990725045,15500,  - ,  - ,  - ,  - ,  - 
15600,15600,0.0,0.0,0.0,0.0,0,15600,1038.4033520918679,623.1820560586026,618.0388058638207,1503.4224398763834,10.481366990725045,15600,  - ,  - ,  - ,  - ,  - 
15700,15700,0.0,0.0,0.0,0.0,0,15700,1038.4033520918679,623.1820560586026,618.0388058638207,1503.4224398763834,10.481366990725045,15700,  - ,  - ,  - ,  - ,  - 
15800,15800,0.0,0.0,0.0,0.0,0,15800,1038.4033520918679,623.1820560586026,627.1591899631676,1503.4224398763834,10.481366990725045,15800,  - ,  - ,  - ,  - ,  - 
15900,15900,0.0,0.0,0.0,0.0,0,15900,1038.4033520918679,623.1820560586026,627.1591899631676,1503.4224398763834,10.481366990725045,15900,  - ,  - ,  - ,  - ,  - 
16000,16000,0.0,0.0,0.0,0.0,0,16000,1038.4033520918679,623.1820560586026,627.1591899631676,1503.4224398763834,10.481366990725045,16000,  - ,  - ,  - ,  - ,  - 
16100,16100,0.0,0.0,0.0,0.0,0,16100,1038.4033520918679,623.1820560586026,627.1591899631676,1503.4224398763834,10.481366990725045,16100,  - ,  - ,  - ,  - ,  - 
16200,16200,0.0,0.0,0.0,0.0,0,16200,1038.4033520918679,623.1820560586026,627.1591899631676,1503.4224398763834,10.481366990725045,16200,  - ,  - ,  - ,  - ,  - 
16300,16300,0.0,0.0,0.0,0.0,0,16300,1038.4033520918679,623.1820560586026,627.1591899631676,1503.4224398763834,10.481366990725045,16300,  - ,  - ,  - ,  - ,  - 
16400,16400,0.0,0.0,0.0,0.0,0,16400,1038.4033520918679,623.1820560586026,627.1591899631676,1503.4224398763834,10.481366990725045,16400,  - ,  - ,  - ,  - ,  - 
16500,16500,0.0,0.0,0.0,0.0,0,16500,1038.4033520918679,623.1820560586026,627.1591899631676,1503.4224398763834,10.481366990725045,16500,  - ,  - ,  - ,  - ,  - 
16600,16600,0.0,0.0,0.0,0.0,0,16600,1038.4033520918679,623.1820560586026,627.1591899631676,1503.4224398763834,10.481366990725045,16600,  - ,  - ,  - ,  - ,  - 
16700,16700,0.0,0.0,0.0,0.0,0,16700,1038.4033520918679,633.2996852741185,636.3618919604153,1503.4224398763834,10.481366990725045,16700,  - ,  - ,  - ,  - ,  - 
16800,16800,0.0,0.0,0.0,0.0,0,16800,1038.4033520918679,643.417446828537,636.3618919604153,1503.4224398763834,10.481366990725045,16800,  - ,  - ,  - ,  - ,  - 
16900,16900,0.0,0.0,0.0,0.0,0,16900,1038.4033520918679,643.417446828537,645.6519125366223,1503.4224398763834,10.481366990725045,16900,  - ,  - ,  - ,  - ,  - 
17000,17000,0.0,0.0,0.0,0.0,0,17000,1038.4033520918679,643.417446828537,645.6519125366223,1503.4224398763834,10.481366990725045,17000,  - ,  - ,  - ,  - ,  - 
17100,17100,0.0,0.0,0.0,0.0,0,17100,1038.4033520918679,643.417446828537,645.6519125366223,1503.4224398763834,10.481366990725045,17100,  - ,  - ,  - ,  - ,  - 
17200,17200,0.0,0.0,0.0,0.0,0,17200,1038.4033520918679,643.417446828537,645.6519125366223,1503.4224398763834,10.481366990725045,17200,  - ,  - ,  - ,  - ,  - 
17300,17300,0.0,0.0,0.0,0.0,0,17300,1038.4033520918679,643.417446828537,645.6519125366223,1503.4224398763834,10.481366990725045,17300,  - ,  - ,  - ,  - ,  - 
17400,17400,0.0,0.0,0.0,0.0,0,17400,1038.4033520918679,643.417446828537,645.6519125366223,1503.4224398763834,10.481366990725045,17400,  - ,  - ,  - ,  - ,  - 
17500,17500,0.0,0.0,0.0,0.0,0,17500,1038.4033520918679,643.417446828537,645.6519125366223,1503.4224398763834,10.481366990725045,17500,  - ,  - ,  - ,  - ,  - 
17600,17600,0.0,0.0,0.0,0.0,0,17600,1038.4033520918679,643.417446828537,645.6519125366223,1503.4224398763834,10.481366990725045,17600,  - ,  - ,  - ,  - ,  - 
17700,17700,0.0,0.0,0.0,0.0,0,17700,1038.4033520918679,643.417446828537,645.6519125366223,1503.4224398763834,10.481366990725045,17700,  - ,  - ,  - ,  - ,  - 
17800,17800,0.0,0.0,0.0,0.0,0,17800,1038.4033520918679,643.417446828537,645.6519125366223,1503.4224398763834,10.481366990725045,17800,  - ,  - ,  - ,  - ,  - 
17900,17900,0.0,0.0,0.0,0.0,0,17900,1038.4033520918679,643.417446828537,645.6519125366223,1503.4224398763834,10.481366990725045,17900,  - ,  - ,  - ,  - ,  - 
18000,18000,0.0,0.0,0.0,0.0,0,18000,1038.4033520918679,643.417446828537,645.6519125366223,1503.4224398763834,10.481366990725045,18000,  - ,  - ,  - ,  - ,  - 
18100,18100,0.0,0.0,0.0,0.0,0,18100,1038.4033520918679,643.417446828537,655.0348982549297,1512.3911092626267,10.481366990725045,18100,  - ,  - ,  - ,  - ,  - 
18200,18200,0.0,0.0,0.0,0.0,0,18200,1038.4033520918679,643.417446828537,655.0348982549297,1512.3911092626267,10.481366990725045,18200,  - ,  - ,  - ,  - ,  - 
18300,18300,0.0,0.0,0.0,0.0,0,18300,1038.4033520918679,643.417446828537,655.0348982549297,1512.3911092626267,10.481366990725045,18300,  - ,  - ,  - ,  - ,  - 
18400,18400,0.0,0.0,0.0,0.0,0,18400,1038.4033520918679,643.417446828537,655.0348982549297,1512.3911092626267,10.481366990725045,18400,  - ,  - ,  - ,  - ,  - 
18500,18500,0.0,0.0,0.0,0.0,0,18500,1038.4033520918679,643.417446828537,655.0348982549297,1512.3911092626267,10.481366990725045,18500,  - ,  - ,  - ,  - ,  - 
18600,18600,0.0,0.0,0.0,0.0,0,18600,1038.4033520918679,643.417446828537,655.0348982549297,1521.511493232157,10.481366990725045,18600,  - ,  - ,  - ,  - ,  - 
18700,18700,0.0,0.0,0.0,0.0,0,18700,1038.4033520918679,643.417446828537,664.5172753844968,1521.511493232157,10.481366990725045,18700,  - ,  - ,  - ,  - ,  - 
18800,18800,0.0,0.0,0.0,0.0,0,18800,1038.4033520918679,643.417446828537,664.5172753844968,1521.511493232157,10.481366990725045,18800,  - ,  - ,  - ,  - ,  - 
18900,18900,0.0,0.0,0.0,0.0,0,18900,1038.4033520918679,643.417446828537,664.5172753844968,1521.511493232157,10.481366990725045,18900,  - ,  - ,  - ,  - ,  - 
19000,19000,0.0,0.0,0.0,0.0,0,19000,1038.4033520918679,643.417446828537,664.5172753844968,1521.511493232157,10.481366990725045,19000,  - ,  - ,  - ,  - ,  - 
19100,19100,0.0,0.0,0.0,0.0,0,19100,1038.4033520918679,643.417446828537,664.5172753844968,1530.8015136929714,10.481366990725045,19100,  - ,  - ,  - ,  - ,  - 
19200,19200,0.0,0.0,0.0,0.0,0,19200,1038.4033520918679,643.417446828537,664.5172753844968,1530.8015136929714,10.481366990725045,19200,  - ,  - ,  - ,  - ,  - 
19300,19300,0.0,0.0,0.0,0.0,0,19300,1038.4033520918679,643.417446828537,664.5172753844968,1530.8015136929714,10.481366990725045,19300,  - ,  - ,  - ,  - ,  - 
19400,19400,0.0,0.0,0.0,0.0,0,19400,1038.4033520918679,643.417446828537,664.5172753844968,1530.8015136929714,10.481366990725045,19400,  - ,  - ,  - ,  - ,  - 
19500,19500,0.0,0.0,0.0,0.0,0,19500,1038.4033520918679,643.417446828537,664.5172753844968,1530.8015136929714,10.481366990725045,19500,  - ,  - ,  - ,  - ,  - 
19600,19600,0.0,0.0,0.0,0.0,0,19600,1038.4033520918679,643.417446828537,664.5172753844968,1530.8015136929714,10.481366990725045,19600,  - ,  - ,  - ,  - ,  - 
19700,19700,0.0,0.0,0.0,0.0,0,19700,1038.4033520918679,643.417446828537,664.5172753844968,1530.8015136929714,10.481366990725045,19700,  - ,  - ,  - ,  - ,  - 
19800,19800,0.0,0.0,0.0,0.0,0,19800,1038.4033520918679,643.417446828537,664.5172753844968,1530.8015136929714,10.481366990725045,19800,  - ,  - ,  - ,  - ,  - 
19900,19900,0.0,0.0,0.0,0.0,0,19900,1038.4033520918679,643.417446828537,664.5172753844968,1530.8015136929714,10.481366990725045,19900,  - ,  - ,  - ,  - ,  - 
20000,20000,0.0,0.0,0.0,0.0,0,20000,1038.4033520918679,643.417446828537,664.5172753844968,1530.8015136929714,10.481366990725045,20000,  - ,  - ,  - ,  - ,  - 
