Time,rna,mRNA,amino,protain,stimulus,DNA,DNA_d,ribosome
0,100000,0,100000,0,100,1,0,100
100,99900,10,100000,0,99,1,0,100
200,99840,15,100000,0,97,1,0,100
300,99690,29,100000,0,97,1,0,100
400,99580,40,100000,0,96,1,0,100
500,99460,52,100000,0,93,1,0,100
600,99430,55,99990,1,93,1,0,100
700,99360,60,99990,1,91,1,0,100
800,99300,63,99970,3,91,1,0,100
900,99220,69,99970,3,90,1,0,100
1000,99110,80,99970,3,89,1,0,100
1100,99060,85,99960,4,89,1,0,100
1200,98960,94,99960,4,87,1,0,100
1300,98910,98,99940,6,87,1,0,100
1400,98860,99,99940,6,87,1,0,100
1500,98750,107,99920,8,87,1,0,100
1600,98670,113,99920,8,87,1,0,100
1700,98590,121,99920,8,87,1,0,100
1800,98500,128,99910,9,87,1,0,100
1900,98410,135,99910,9,85,1,0,100
2000,98320,141,99890,11,85,1,0,100
2100,98220,148,99880,12,85,1,0,100
2200,98150,151,99850,15,82,1,0,100
2300,98000,165,99850,15,82,1,0,100
2400,97910,173,99850,15,82,1,0,100
2500,97820,180,99820,18,80,1,0,100
2600,97770,182,99810,19,80,1,0,100
2700,97730,183,99800,20,80,1,0,100
2800,97670,184,99780,22,77,1,0,100
2900,97600,186,99760,24,77,1,0,100
3000,97570,187,99760,24,76,1,0,100
3100,97560,183,99760,24,76,1,0,100
3200,97480,189,99730,27,76,1,0,100
3300,97460,185,99730,27,74,1,0,100
3400,97420,186,99700,30,74,1,0,100
3500,97350,190,99690,31,74,1,0,100
3600,97300,191,99640,36,74,1,0,100
3700,97190,197,99610,39,73,1,0,100
3800,97140,200,99580,42,73,1,0,100
3900,97050,207,99570,43,73,1,0,100
4000,97030,202,99560,44,72,1,0,100
4100,96930,209,99540,46,71,1,0,100
4200,96890,209,99540,46,70,1,0,100
4300,96800,209,99480,52,70,1,0,100
4400,96740,209,99470,53,69,1,0,100
4500,96710,210,99470,53,66,1,0,100
4600,96680,209,99450,55,66,1,0,100
4700,96650,207,99410,58,66,0,1,100
4800,96650,203,99380,61,65,0,1,100
4900,96650,200,99350,64,63,0,1,100
5000,96650,197,99300,69,62,0,1,100
5100,96650,194,99290,70,62,0,1,100
5200,96650,188,99290,70,62,0,1,100
5300,96650,186,99280,71,60,0,1,100
5400,96650,186,99250,74,60,0,1,100
5500,96650,181,99230,76,59,0,1,100
5600,96650,177,99220,77,56,0,1,100
5700,96650,174,99210,78,54,0,1,100
5800,96650,167,99180,81,53,0,1,100
5900,96650,167,99170,82,53,0,1,100
6000,96650,164,99150,84,53,0,1,100
6100,96650,160,99130,86,51,0,1,100
6200,96650,155,99100,89,51,0,1,100
6300,96650,151,99100,89,51,0,1,100
6400,96650,149,99080,91,51,0,1,100
6500,96650,146,99070,92,48,0,1,100
6600,96650,143,99070,92,48,0,1,100
6700,96650,138,99060,93,47,0,1,100
6800,96650,134,99060,93,46,0,1,100
6900,96650,133,99060,93,46,0,1,100
7000,96650,130,99040,95,46,0,1,100
7100,96650,127,99030,96,46,0,1,100
7200,96650,124,99030,96,46,0,1,100
7300,96650,124,99010,98,46,0,1,100
7400,96650,122,99010,98,45,0,1,100
7500,96650,119,99000,99,45,0,1,100
7600,96650,119,98990,100,45,0,1,100
7700,96650,118,98990,100,44,0,1,100
7800,96650,118,98970,102,44,0,1,100
7900,96650,115,98940,105,44,0,1,100
8000,96650,113,98930,106,44,0,1,100
8100,96650,107,98930,106,44,0,1,100
8200,96650,104,98920,107,43,0,1,100
8300,96650,102,98890,110,42,0,1,100
8400,96650,101,98870,112,42,0,1,100
8500,96650,98,98870,112,41,0,1,100
8600,96650,96,98850,114,41,0,1,100
8700,96650,92,98850,114,40,0,1,100
8800,96650,88,98850,114,39,0,1,100
8900,96650,86,98830,116,39,0,1,100
9000,96650,84,98820,117,39,0,1,100
9100,96650,81,98810,118,39,0,1,100
9200,96650,79,98810,118,39,0,1,100
9300,96650,76,98810,118,39,0,1,100
9400,96650,73,98810,118,38,0,1,100
9500,96650,73,98810,118,38,0,1,100
9600,96650,72,98810,118,38,0,1,100
9700,96650,72,98810,118,38,0,1,100
9800,96650,71,98800,119,38,0,1,100
9900,96650,69,98800,119,37,0,1,100
10000,96650,66,98800,119,37,0,1,100
10100,96650,65,98790,120,36,0,1,100
10200,96650,61,98780,121,36,0,1,100
10300,96650,60,98760,123,36,0,1,100
10400,96650,60,98760,123,35,0,1,100
10500,96650,58,98760,123,35,0,1,100
10600,96650,56,98760,123,35,0,1,100
10700,96650,55,98760,123,35,0,1,100
10800,96650,51,98750,124,34,0,1,100
10900,96650,51,98740,125,33,0,1,100
11000,96650,49,98730,126,33,0,1,100
11100,96650,48,98730,126,33,0,1,100
11200,96650,48,98730,126,33,0,1,100
11300,96650,46,98730,126,33,0,1,100
11400,96650,44,98720,127,31,0,1,100
11500,96650,44,98720,127,31,0,1,100
11600,96650,44,98720,127,31,0,1,100
11700,96650,44,98710,128,30,0,1,100
11800,96650,44,98710,128,30,0,1,100
11900,96650,42,98700,129,29,0,1,100
12000,96650,41,98700,129,27,0,1,100
12100,96650,41,98700,129,27,0,1,100
12200,96650,40,98700,129,27,0,1,100
12300,96650,39,98700,129,27,0,1,100
12400,96650,38,98690,130,27,0,1,100
12500,96650,38,98680,131,27,0,1,100
12600,96650,37,98670,132,26,0,1,100
12700,96650,37,98670,132,26,0,1,100
12800,96650,37,98660,133,26,0,1,100
12900,96650,36,98650,134,26,0,1,100
13000,96650,36,98650,134,26,0,1,100
13100,96650,36,98640,135,26,0,1,100
13200,96650,36,98630,136,26,0,1,100
13300,96650,35,98620,137,25,0,1,100
13400,96650,35,98610,138,25,0,1,100
13500,96650,34,98610,138,25,0,1,100
13600,96650,34,98610,138,24,0,1,100
13700,96650,34,98600,139,24,0,1,100
13800,96650,33,98600,139,24,0,1,100
13900,96650,33,98600,139,23,0,1,100
14000,96650,33,98600,139,23,0,1,100
14100,96650,32,98600,139,23,0,1,100
14200,96650,32,98600,139,23,0,1,100
14300,96650,31,98600,139,22,0,1,100
14400,96650,31,98600,139,22,0,1,100
14500,96650,31,98600,139,22,0,1,100
14600,96650,30,98590,140,22,0,1,100
14700,96650,29,98580,141,22,0,1,100
14800,96650,28,98560,143,22,0,1,100
14900,96650,28,98550,144,22,0,1,100
15000,96650,27,98550,144,21,0,1,100
15100,96650,26,98540,145,21,0,1,100
15200,96650,25,98540,145,21,0,1,100
15300,96650,25,98540,145,21,0,1,100
15400,96650,25,98540,145,21,0,1,100
15500,96650,25,98540,145,20,0,1,100
15600,96650,25,98540,145,19,0,1,100
15700,96650,25,98530,146,19,0,1,100
15800,96650,24,98530,146,19,0,1,100
15900,96650,24,98530,146,19,0,1,100
16000,96650,23,98520,147,19,0,1,100
16100,96650,23,98520,147,18,0,1,100
16200,96650,23,98520,147,17,0,1,100
16300,96650,23,98520,147,17,0,1,100
16400,96650,22,98520,147,17,0,1,100
16500,96650,22,98520,147,17,0,1,100
16600,96650,21,98520,147,17,0,1,100
16700,96650,21,98520,147,16,0,1,100
16800,96650,20,98520,147,16,0,1,100
16900,96650,20,98520,147,15,0,1,100
17000,96650,19,98520,147,15,0,1,100
17100,96650,18,98520,147,15,0,1,100
17200,96650,18,98520,147,15,0,1,100
17300,96650,18,98520,147,15,0,1,100
17400,96650,18,98520,147,15,0,1,100
17500,96650,18,98520,147,15,0,1,100
17600,96650,17,98520,147,15,0,1,100
17700,96650,17,98520,147,15,0,1,100
17800,96650,17,98520,147,15,0,1,100
17900,96650,17,98520,147,15,0,1,100
18000,96650,16,98520,147,15,0,1,100
18100,96650,16,98520,147,15,0,1,100
18200,96650,16,98520,147,15,0,1,100
18300,96650,16,98520,147,14,0,1,100
18400,96650,16,98520,147,14,0,1,100
18500,96650,15,98520,147,14,0,1,100
18600,96650,15,98510,148,13,0,1,100
18700,96650,15,98510,148,13,0,1,100
18800,96650,15,98510,148,13,0,1,100
18900,96650,15,98510,148,13,0,1,100
19000,96650,15,98500,149,13,0,1,100
19100,96650,15,98500,149,13,0,1,100
19200,96650,14,98500,149,13,0,1,100
19300,96650,14,98490,150,13,0,1,100
19400,96650,13,98490,150,13,0,1,100
19500,96650,13,98490,150,13,0,1,100
19600,96650,13,98490,150,13,0,1,100
19700,96650,13,98490,150,13,0,1,100
19800,96650,13,98490,150,13,0,1,100
19900,96650,12,98490,150,13,0,1,100
20000,96650,12,98490,150,13,0,1,100
