Time\ information,r1_2_200,r2_1_300,Time\ infoAddUp,r1_2_200,r2_1_300,Time\ entropy,r1_2_200,r2_1_300
0,26.53220399623731,0.0,0,26.53220399623731,0.0,0,N/A,8.816566413015916e-14
10,25.29468958641041,18.975331725454208,10,281.59614055798926,93.42054167540216,10,N/A,N/A
20,25.2876643367241,23.983557750784566,20,541.96324189584,299.81682117332343,20,N/A,N/A
30,25.136745116830934,20.442654551753805,30,794.8865327179471,504.6745874816562,30,N/A,N/A
40,25.576405747166604,20.57265290420582,40,1048.3875618072361,714.720204286798,40,N/A,N/A
50,26.809895934320853,21.02979311027058,50,1302.0702182700707,928.8555393527326,50,N/A,N/A
60,25.089506558651777,21.475190475737243,60,1560.9034191016756,1147.489018636508,60,N/A,N/A
70,25.213958616954194,21.424712099847174,70,1822.2576487177967,1369.5128267736968,70,N/A,N/A
80,25.52368862049053,22.355495171912946,80,2078.49880840959,1588.8196089106355,80,N/A,N/A
90,25.100013173701985,21.61548722388702,90,2330.5914818802535,1816.3913479822932,90,N/A,N/A
100,25.88760357384688,21.81726491162969,100,2589.205446775347,2037.4900835267572,100,N/A,N/A
110,25.108031414052306,22.03049497794193,110,2841.9566288796445,2264.8879841940343,110,N/A,N/A
120,27.73279385238791,22.32407846824812,120,3104.1719586568006,2489.0094777460135,120,N/A,N/A
130,25.145178860261026,24.42189035640767,130,3357.6382103337924,2718.045658246417,130,N/A,N/A
140,25.167288230998413,23.101438452680654,140,3619.3993901943827,2954.901178258171,140,N/A,N/A
150,25.128699035491643,22.865200925462155,150,3883.9719500674278,3182.6893701872277,150,N/A,N/A
160,25.177418588927882,22.739099511260584,160,4140.513721600912,3414.84931547257,160,N/A,N/A
170,25.246249742005553,22.895863343305454,170,4394.269721402307,3644.67315640011,170,N/A,N/A
180,28.021820284533085,22.604585166734086,180,4654.626556094508,3885.240871992986,180,N/A,N/A
190,28.264093064147175,22.71426848070737,190,4915.294256331683,4116.46018793346,190,N/A,N/A
200,25.092378114579997,22.81241091461912,200,5172.733440707101,4348.747566988427,200,N/A,N/A
210,25.092734831269162,22.816026237059734,210,5429.959615939148,4581.9581784618185,210,N/A,N/A
220,25.45974476452878,24.10258966174009,220,5688.333033988748,4816.414628598627,220,N/A,N/A
230,25.233662312391626,25.719906519099087,230,5941.460545167504,5054.459467307839,230,N/A,N/A
240,25.182052794110543,25.344516062527003,240,6196.210157497275,5293.43664511864,240,N/A,N/A
250,25.551694388997714,24.497787749661907,250,6451.159939870302,5527.021230039365,250,N/A,N/A
260,28.12460383421679,23.289672449770443,260,6708.436265002321,5771.471471376293,260,N/A,N/A
270,25.307952139911283,23.183846175414303,270,6962.946978707897,6010.696602419714,270,N/A,N/A
280,26.893206793261985,23.52378376170992,280,7225.139762535732,6249.128566482139,280,N/A,N/A
290,25.653384168222903,24.49093678181952,290,7483.043271244717,6488.643469254285,290,N/A,N/A
300,27.264243817422294,23.344125851635212,300,7741.4249567816305,6729.1207241185775,300,N/A,N/A
310,25.089389878276414,26.038932036155945,310,7996.542479497676,6972.614863128394,310,N/A,N/A
320,26.0894187051256,23.575264231503727,320,8253.493749597259,7211.4635209008575,320,N/A,N/A
330,26.034542003649523,23.508122943538478,330,8527.938415875178,7451.413706941019,330,N/A,N/A
340,25.095090481655035,23.542144283624587,340,8781.09381022978,7691.75097768372,340,N/A,N/A
350,26.615723172006494,24.280031942231826,350,9037.796130104696,7931.64743260457,350,N/A,N/A
360,25.23153406278104,24.111174328266078,360,9291.87115549441,8172.093260364137,360,N/A,N/A
370,25.093049542643353,23.583968058104613,370,9551.645777636812,8414.903963173918,370,N/A,N/A
380,25.50466594386558,23.621865010059697,380,9809.249138039399,8655.000126686231,380,N/A,N/A
390,25.662053494542917,24.534143714051137,390,10068.625634774295,8897.616244267456,390,N/A,N/A
400,25.383944521378034,23.955472806138005,400,10331.226681668148,9138.317220229867,400,N/A,N/A
410,26.035151281089952,23.855850592995548,410,10586.978804955734,9380.202303934097,410,N/A,N/A
420,25.09477789706115,23.78129517487334,420,10844.714402668851,9623.960725371644,420,N/A,N/A
430,25.39706356996019,23.809917025889817,430,11105.609414108027,9867.728552877335,430,N/A,N/A
440,25.246081915536717,24.167798825757277,440,11367.754242606876,10112.405181476779,440,N/A,N/A
450,27.16647045243394,23.836888985574294,450,11629.580816865317,10358.899950750434,450,N/A,N/A
460,25.102335247495937,23.991629493719206,460,11888.359294534735,10612.49609271415,460,N/A,N/A
470,25.66336556224143,23.956567030140164,470,12146.487527489797,10856.99351914442,470,N/A,N/A
480,25.527935554688295,24.91441888983859,480,12410.757098005362,11102.297585193694,480,N/A,N/A
490,27.05866505650983,23.945729356095935,490,12668.415566903106,11345.094157102016,490,N/A,N/A
500,27.405952820122547,23.973401824188386,500,12929.02905231468,11587.974333858334,500,N/A,N/A
510,26.78927743667532,24.134853496058536,510,13188.14204613743,11833.899654702376,510,N/A,N/A
520,25.637078526698367,24.011011306846733,520,13444.350989498405,12080.097437791419,520,N/A,N/A
530,25.384670166479268,25.386108993167284,530,13706.476021733048,12325.094481133072,530,N/A,N/A
540,26.095766981908785,24.12859241036956,540,13962.11844365247,12574.599778677151,540,N/A,N/A
550,25.440661253305134,24.07807333382483,550,14218.134120304794,12819.706236023885,550,N/A,N/A
560,26.736519162286456,24.106533741416797,560,14474.607086757798,13066.846404221747,560,N/A,N/A
570,27.813157612339864,24.35909039047419,570,14735.361656830839,13315.89004413892,570,N/A,N/A
580,25.131857094551332,24.632615162704248,580,14989.786987484198,13566.486777466595,580,N/A,N/A
590,25.939818193898493,24.465880219939425,590,15244.558069163006,13827.061870057847,590,N/A,N/A
600,27.47251155127713,24.215415414963196,600,15504.325944407039,14075.580464779365,600,N/A,N/A
610,25.888309276460344,24.241544239262616,610,15761.091504464895,14327.719665552157,610,N/A,N/A
620,26.48569861287767,24.578840431950788,620,16023.573216373368,14572.942344941448,620,N/A,N/A
630,26.76770185435495,25.619767280366275,630,16284.716223961754,14823.935355083131,630,N/A,N/A
640,25.812110568808766,24.33286461640587,640,16542.464313427306,15068.943223452166,640,N/A,N/A
650,25.568466044484495,24.48229618387341,650,16802.11069688546,15319.673694231402,650,N/A,N/A
660,26.694270268945527,28.30067736374797,660,17061.894674471107,15575.710391204797,660,N/A,N/A
670,25.166525388652556,30.144193692391912,670,17313.950833762286,15835.364485650634,670,N/A,N/A
680,25.138875352123172,24.338969531896094,680,17575.682067963327,16081.34686120858,680,N/A,N/A
690,26.131421307229253,24.35269825060258,690,17832.63521370037,16327.579666382195,690,N/A,N/A
700,25.239178205561515,24.363746578023882,700,18087.189127593105,16573.954575040047,700,N/A,N/A
710,26.437024623760067,24.884239314381798,710,18341.83074213442,16823.51066712189,710,N/A,N/A
720,26.09177865830882,24.877300388349138,720,18601.52801269499,17077.48607385641,720,N/A,N/A
730,25.092749122172954,24.49236208426402,730,18860.511735608736,17328.812748003547,730,N/A,N/A
740,28.934566763545618,26.759750753700434,740,19121.4600821044,17580.443356556698,740,N/A,N/A
750,25.32488847152367,24.650606380189938,750,19376.845510643165,17836.173497241238,750,N/A,N/A
760,28.816992375507933,24.97200015925602,760,19636.939853433894,18090.036031151732,760,N/A,N/A
770,26.713790970256497,26.11631943295826,770,19896.770479885403,18339.096287219156,770,N/A,N/A
780,25.13363924283249,25.372995578531476,780,20157.726240822307,18588.389226683295,780,N/A,N/A
790,25.24459180181524,25.19116122901698,790,20412.390241815294,18844.506336247654,790,N/A,N/A
800,25.122567933035423,25.14420922335254,800,20667.618277365025,19096.6062987833,800,N/A,N/A
810,27.78281849371028,29.442753486552267,810,20928.975757969038,19356.526685744535,810,N/A,N/A
820,26.16891530753794,24.722815926727563,820,21190.095922312754,19605.02515018624,820,N/A,N/A
830,26.290639635527835,24.573573359244676,830,21446.771173936097,19853.83577294172,830,N/A,N/A
840,25.160504788780013,24.54375590384355,840,21700.954893043156,20105.945401651898,840,N/A,N/A
850,30.072281968337382,26.459661901047735,850,21970.9388055799,20360.048885605716,850,N/A,N/A
860,25.111976308985774,24.72563538499045,860,22235.019966921005,20610.39270433488,860,N/A,N/A
870,25.093583195157372,26.959675760857014,870,22491.12428279543,20862.347608586584,870,N/A,N/A
880,25.421929092585508,25.30471805909565,880,22745.1455634863,21116.191363144215,880,N/A,N/A
890,26.335916203402814,25.11787952084149,890,22999.148128064884,21369.312903811504,890,N/A,N/A
900,25.68207896113416,24.691004872963855,900,23256.819104989525,21627.134084119374,900,N/A,N/A
910,28.564234106111783,27.35628276665439,910,23523.41192683668,21879.783398656265,910,N/A,N/A
920,26.318810562883474,25.41176497036555,920,23779.671387964798,22128.359921260955,920,N/A,N/A
930,25.811349176807248,24.679534566550615,930,24037.450493567758,22380.10298430803,930,N/A,N/A
940,25.569880235872102,25.721620631512106,940,24295.10578424443,22634.082448351943,940,N/A,N/A
950,25.435495845676737,25.596529232581048,950,24547.982477240716,22886.799399765674,950,N/A,N/A
960,25.219047158868648,25.644492062217402,960,24801.886589976133,23141.28876831935,960,N/A,N/A
970,25.55010574099856,25.941179011670418,970,25055.79701811257,23390.461540386143,970,N/A,N/A
980,25.670376141408152,25.080053893855407,980,25308.981814886425,23645.88953264603,980,N/A,N/A
990,25.227191177849058,25.473956604489686,990,25564.83361428124,23896.13454571085,990,N/A,N/A
1000,26.4942692351687,25.056304246005272,1000,25819.876212482894,24152.609733479276,1000,N/A,N/A
1010,25.999218228973902,24.770295300709986,1010,26079.177546856583,24404.948380489226,1010,N/A,N/A
1020,25.09232155617113,24.89975628728939,1020,26334.700031292476,24670.21998139697,1020,N/A,N/A
1030,25.151763994273203,24.73939707999793,1030,26589.666472266355,24923.941949830958,1030,N/A,N/A
1040,25.32243939648724,24.72631602259317,1040,26844.45492379512,25177.01077900001,1040,N/A,N/A
1050,25.094822620455318,25.07048020806756,1050,27102.984965195767,25432.733183435343,1050,N/A,N/A
1060,25.25734723045533,25.105083831680528,1060,27356.77225421898,25690.130304026046,1060,N/A,N/A
1070,25.950026701899873,24.743797001334936,1070,27612.863146660635,25941.122216210104,1070,N/A,N/A
1080,25.322440787366304,27.001973389879886,1080,27873.247800308094,26193.85293151552,1080,N/A,N/A
1090,25.112611054842873,25.381576513987515,1090,28131.157533107435,26447.620142670083,1090,N/A,N/A
1100,25.35591399527443,24.776079093316543,1100,28384.643513156287,26699.26846576559,1100,N/A,N/A
1110,25.891137201020456,25.0535265573044,1110,28649.03983437028,26948.829398378635,1110,N/A,N/A
1120,25.157235748111656,25.454334224603645,1120,28904.940976101516,27204.9946679587,1120,N/A,N/A
1130,26.887772378890315,25.55652104217726,1130,29166.34884081765,27460.242173862127,1130,N/A,N/A
1140,25.29386272092949,27.347720913489386,1140,29428.530568093312,27717.946385743664,1140,N/A,N/A
1150,25.757732833669024,25.93473490535041,1150,29689.212631325885,27971.54501192547,1150,N/A,N/A
1160,25.089991120757936,26.946932230989912,1160,29945.11733716012,28227.147743250152,1160,N/A,N/A
1170,25.245826113536715,25.163476415259808,1170,30202.663044474066,28488.69151864451,1170,N/A,N/A
1180,25.397714068103486,24.931351499758595,1180,30457.511714771328,28749.97922200012,1180,N/A,N/A
1190,25.627299910618557,28.182929199474113,1190,30719.12767364256,29017.621804269165,1190,N/A,N/A
1200,25.64839193365384,26.973956621946595,1200,30979.7416925403,29280.88680972574,1200,N/A,N/A
1210,25.130697462917247,25.75273078843964,1210,31235.71308292227,29532.901525775025,1210,N/A,N/A
1220,25.721857803969804,24.872083577987485,1220,31495.114274040116,29789.412880968343,1220,N/A,N/A
1230,25.08872915795022,24.91203070160545,1230,31752.196325812423,30045.13105845881,1230,N/A,N/A
1240,25.141790842157636,25.50188960796021,1240,32004.982779024213,30297.792826934347,1240,N/A,N/A
1250,25.653660180456,25.47499678950701,1250,32265.24093166935,30551.219896024722,1250,N/A,N/A
1260,25.492344523240394,25.034267837262966,1260,32520.106646823253,30810.076545897562,1260,N/A,N/A
1270,25.168000444133032,24.902812786580075,1270,32774.66572182757,31062.723331083183,1270,N/A,N/A
1280,25.259481146716762,25.938406355004727,1280,33032.19882867437,31318.71854496783,1280,N/A,N/A
1290,27.52959688544752,27.08765978797611,1290,33288.646923491455,31576.824802938696,1290,N/A,N/A
1300,26.858657701252348,25.400927264429757,1300,33548.29066820587,31831.659205820575,1300,N/A,N/A
1310,25.348064186089168,25.090333616231494,1310,33803.37936814375,32084.528892682134,1310,N/A,N/A
1320,28.701804584974877,24.97444633368756,1320,34060.48063529014,32336.606966026455,1320,N/A,N/A
1330,25.126728497787038,24.907103597109334,1330,34319.31518828977,32589.312325237257,1330,N/A,N/A
1340,28.680241273216474,25.178128406025795,1340,34577.35277957298,32846.57016880475,1340,N/A,N/A
1350,25.876977377342794,25.014603187839107,1350,34832.24110014651,33098.28368746815,1350,N/A,N/A
1360,25.1322852606613,24.89988776175516,1360,35086.45766346624,33349.186826744524,1360,N/A,N/A
1370,28.640756888382374,24.930597436003737,1370,35342.56255317513,33601.54866643849,1370,N/A,N/A
1380,25.115536960836902,25.065607467669082,1380,35602.384405745135,33854.0701496947,1380,N/A,N/A
1390,25.367037532324538,24.947264588115722,1390,35868.55283257742,34109.102881534345,1390,N/A,N/A
1400,25.327134498674933,25.354028053068898,1400,36125.68716194649,34364.3759625636,1400,N/A,N/A
1410,26.510046439775387,24.994631912765904,1410,36381.615223915716,34616.866650307595,1410,N/A,N/A
1420,25.187981085653533,25.33036333987338,1420,36634.59095163382,34874.12305721006,1420,N/A,N/A
1430,25.627435527566558,24.971407234930933,1430,36896.9273735327,35126.27590168843,1430,N/A,N/A
1440,25.284540313796214,25.23411741244995,1440,37151.65444519702,35387.28695222599,1440,N/A,N/A
1450,25.293360897813233,25.74762163020295,1450,37412.884268764705,35644.70122486537,1450,N/A,N/A
1460,25.176066273733632,25.169489890230235,1460,37671.82418429338,35900.004268273704,1460,N/A,N/A
1470,25.11455824334258,25.987764770307177,1470,37927.604983757614,36157.786663862404,1470,N/A,N/A
1480,27.035963345325207,24.906683744982093,1480,38187.854618061356,36412.61955960595,1480,N/A,N/A
1490,25.095657224999957,24.995842166642998,1490,38451.13254428351,36673.469462753295,1490,N/A,N/A
1500,26.46025301698529,27.16370075740061,1500,38711.16880014014,36932.776538503334,1500,N/A,N/A
1510,26.14739114647022,27.990796104765614,1510,38971.425877737514,37196.53599813251,1510,N/A,N/A
1520,26.783429255549756,25.33384980921099,1520,39229.08129909442,37449.62686410883,1520,N/A,N/A
1530,25.461315362100382,26.266652588807506,1530,39486.241219615586,37711.62531171465,1530,N/A,N/A
1540,25.088760311454937,24.998657259964073,1540,39740.71753048815,37965.352229239994,1540,N/A,N/A
1550,26.74565070554807,26.813500718584237,1550,40006.64799643234,38227.86301421407,1550,N/A,N/A
1560,25.124608509540316,25.75793650905319,1560,40267.93286911794,38482.93014173733,1560,N/A,N/A
1570,25.44721256066351,27.359302400210346,1570,40529.636174755666,38745.96033018725,1570,N/A,N/A
1580,25.327485922787446,25.38157278769529,1580,40790.46582777009,39002.61813495771,1580,N/A,N/A
1590,25.150675960919337,25.93761410645138,1590,41043.81210880455,39255.97876898058,1590,N/A,N/A
1600,25.21767171151016,26.144932718034557,1600,41297.928160788426,39511.26882438707,1600,N/A,N/A
1610,25.143180016027276,25.937380126053373,1610,41553.61696005352,39763.99373495572,1610,N/A,N/A
1620,25.75861629864736,25.26978366619562,1620,41813.31785985878,40018.12804858393,1620,N/A,N/A
1630,26.072123005653438,27.570286801355216,1630,42075.42463862429,40277.67557618526,1630,N/A,N/A
1640,25.183304825209024,24.997457114656076,1640,42331.990894269664,40540.67213409623,1640,N/A,N/A
1650,25.52546274247976,25.11878037539523,1650,42591.53437930461,40795.94613229716,1650,N/A,N/A
1660,25.257372465754955,25.100340526946646,1660,42848.7984015678,41049.170819439096,1660,N/A,N/A
1670,25.09857237151228,25.018367675483255,1670,43103.95795255675,41312.140493193845,1670,N/A,N/A
1680,25.251165911717983,24.996454019284158,1680,43364.95614578477,41567.831235851896,1680,N/A,N/A
1690,25.598374334048184,26.421898806402332,1690,43623.307678885736,41832.128100260496,1690,N/A,N/A
1700,25.278015707370255,25.0910620682772,1700,43884.02449945609,42090.19630344461,1700,N/A,N/A
1710,25.92228964193867,25.079764001668885,1710,44144.19041901826,42348.23971635447,1710,N/A,N/A
1720,25.456836462005242,27.734529544869098,1720,44401.221983760544,42608.25603281093,1720,N/A,N/A
1730,25.155944389646088,30.17269452034426,1730,44655.400423726234,42865.38776557031,1730,N/A,N/A
1740,25.262190931620836,29.529319734024096,1740,44911.50508017671,43123.971923691795,1740,N/A,N/A
1750,25.266999759841344,25.506819231082343,1750,45171.244658442614,43389.24232176116,1750,N/A,N/A
1760,25.088745963931007,25.881085898652362,1760,45429.151609911816,43650.65285973869,1760,N/A,N/A
1770,25.373732516068515,28.501371579326932,1770,45692.77355186253,43914.4133399143,1770,N/A,N/A
1780,25.81050242525213,25.006248030468832,1780,45948.45407137552,44168.40892419051,1780,N/A,N/A
1790,25.102048156020153,25.361595463481237,1790,46205.84162726499,44427.56834938102,1790,N/A,N/A
1800,25.13920556756388,25.31122450818856,1800,46464.16441564063,44681.66351430999,1800,N/A,N/A
1810,26.061001895633233,25.07447681703921,1810,46720.82197886012,44935.54384774875,1810,N/A,N/A
1820,25.21365527278369,25.012235482869304,1820,46976.75372768033,45192.39627497213,1820,N/A,N/A
1830,25.405139721172734,28.11142433957233,1830,47232.070917402576,45454.69493956752,1830,N/A,N/A
1840,25.160769999542925,25.044688824304338,1840,47486.41857921187,45713.44903199477,1840,N/A,N/A
1850,25.369011273368994,25.089105009133128,1850,47747.91335023279,45968.58444982639,1850,N/A,N/A
1860,25.39193106991871,25.02749784504766,1860,48001.790256662345,46223.61592328874,1860,N/A,N/A
1870,25.089613986108034,26.347429897835774,1870,48258.33126577596,46481.07382879176,1870,N/A,N/A
1880,25.098356753598814,26.446573148075053,1880,48512.03917341617,46734.14840938687,1880,N/A,N/A
1890,25.390209670486474,30.165446419058274,1890,48766.147745100585,46994.785627365425,1890,N/A,N/A
1900,26.006309195644516,25.16705981613018,1900,49023.167872120386,47250.88813496091,1900,N/A,N/A
1910,27.76772539732349,25.388139314311694,1910,49285.97850442249,47505.315846762984,1910,N/A,N/A
1920,26.91085860585048,25.20142109011231,1920,49543.91412679769,47759.47589434477,1920,N/A,N/A
1930,26.30584146021303,25.432888615807418,1930,49800.36775892047,48018.02275740728,1930,N/A,N/A
1940,26.62473739223642,25.312923229664154,1940,50062.2226062382,48273.21840588256,1940,N/A,N/A
1950,25.089695971143048,25.5366970304924,1950,50322.412623406286,48532.22624725376,1950,N/A,N/A
1960,26.100642213399052,26.01820105536932,1960,50583.68980349128,48791.01061687864,1960,N/A,N/A
1970,25.246205916843433,25.511389834359246,1970,50839.90384842293,49043.097167107175,1970,N/A,N/A
1980,25.09800152482922,25.552557173057735,1980,51096.119947751264,49302.14276764779,1980,N/A,N/A
1990,27.391928952168424,25.00274565327639,1990,51364.73611674893,49560.19211952562,1990,N/A,N/A
2000,25.08906431138109,27.081658985601592,2000,51620.69246198156,49817.7500126348,2000,N/A,N/A
2010,25.218748896380546,26.852135717654974,2010,51877.43206501666,50081.79930638138,2010,N/A,N/A
2020,26.078751590236365,25.92603460460352,2020,52136.58377187601,50345.029030719896,2020,N/A,N/A
2030,25.276671577039146,25.037597620342435,2030,52394.336430965624,50602.28938469878,2030,N/A,N/A
2040,26.02228392823066,25.052790998666723,2040,52653.40370718623,50856.76929594497,2040,N/A,N/A
2050,25.29943717919636,25.196900877460845,2050,52907.985906850634,51118.44582415635,2050,N/A,N/A
2060,26.045345039375796,25.998631688772676,2060,53165.00120470183,51372.49390202041,2060,N/A,N/A
2070,27.445678510219906,25.355317876077223,2070,53426.5358939432,51628.301908741014,2070,N/A,N/A
2080,25.951341768083406,27.035433843944936,2080,53682.11641972544,51887.58094954144,2080,N/A,N/A
2090,26.098592696143324,26.152437231635652,2090,53939.725925051665,52145.180433907284,2090,N/A,N/A
2100,25.175403670824778,25.815756330271107,2100,54204.126159289444,52403.13146815008,2100,N/A,N/A
2110,25.099064914370015,25.926965459047377,2110,54463.70249841837,52662.78470751714,2110,N/A,N/A
2120,29.626329544957258,27.04801519545486,2120,54729.77594503811,52923.14642386045,2120,N/A,N/A
2130,25.09971734778577,25.06014338756798,2130,54987.33918815785,53181.9403136161,2130,N/A,N/A
2140,25.210048253223416,25.371565231177453,2140,55242.50113634685,53437.37931286243,2140,N/A,N/A
2150,25.113073651410136,28.13413381365607,2150,55496.080428010406,53693.4622875943,2150,N/A,N/A
2160,25.32505817363953,26.08492805386772,2160,55756.46122482989,53955.23949662169,2160,N/A,N/A
2170,25.210119586643373,25.262451169608457,2170,56017.18236349179,54211.29511100814,2170,N/A,N/A
2180,25.24756054801746,25.062561978138653,2180,56275.28010617516,54467.00128862762,2180,N/A,N/A
2190,25.167017404642564,25.232338869405446,2190,56535.29679726358,54721.872020182236,2190,N/A,N/A
2200,25.100136567002536,25.15336994303138,2200,56789.61855408597,54975.075106036515,2200,N/A,N/A
2210,26.124181422289965,25.05566502300431,2210,57045.863546618486,55230.43238398824,2210,N/A,N/A
2220,25.19020416393858,25.350093418743956,2220,57299.14061256662,55486.52429268237,2220,N/A,N/A
2230,29.76990663895057,25.640775091081863,2230,57560.12232251961,55744.2989520311,2230,N/A,N/A
2240,25.962071569638095,25.08364523144568,2240,57818.473666307145,56002.06362817969,2240,N/A,N/A
2250,25.100254062388597,26.2326694446366,2250,58071.16976173276,56260.792423520186,2250,N/A,N/A
2260,25.187443657655326,25.358480849463458,2260,58330.04261853522,56522.34815048336,2260,N/A,N/A
2270,25.14529143838632,25.146210460041814,2270,58587.34896749204,56779.48126287011,2270,N/A,N/A
2280,25.39818890610331,26.192395684714686,2280,58842.64001753932,57041.50750313446,2280,N/A,N/A
2290,25.103804946536687,25.597679238680854,2290,59096.93411876501,57301.04417300056,2290,N/A,N/A
2300,26.353619223334682,28.46236951039562,2300,59360.86195293759,57558.61814869059,2300,N/A,N/A
2310,27.84688637466489,26.54726425499086,2310,59622.93790403075,57815.81920351382,2310,N/A,N/A
2320,25.266073259228538,25.61965334665601,2320,59876.843126846325,58074.725181138834,2320,N/A,N/A
2330,25.09564707598333,25.01509593326181,2330,60131.64017939616,58329.33138826157,2330,N/A,N/A
2340,27.850471353730107,25.358901590774245,2340,60392.40838563436,58584.663706231986,2340,N/A,N/A
2350,25.698985908190807,26.889557062531168,2350,60650.875902634696,58846.394302813926,2350,N/A,N/A
2360,25.972779387643715,25.05479060447917,2360,60911.70043874812,59104.306519585756,2360,N/A,N/A
2370,26.29018902865008,25.648054084093786,2370,61172.58716226788,59368.70728806726,2370,N/A,N/A
2380,25.229170968936597,25.358774233116957,2380,61432.36655448709,59628.20565314536,2380,N/A,N/A
2390,25.50200893747013,25.668841705085125,2390,61688.73746226995,59892.12647626279,2390,N/A,N/A
2400,25.580045388917195,25.143192866990766,2400,61945.94247875234,60146.90292776263,2400,N/A,N/A
2410,25.099789201729056,25.11089228823288,2410,62199.08478114561,60401.60963341692,2410,N/A,N/A
2420,26.21773420631348,25.609169366196905,2420,62465.74973901051,60659.70645428297,2420,N/A,N/A
2430,25.098876170901427,25.64108528706607,2430,62723.34122480697,60918.68615645025,2430,N/A,N/A
2440,25.514002539181842,25.484452227970642,2440,62978.969418363595,61175.66460838606,2440,N/A,N/A
2450,25.132603521646264,25.372075005853464,2450,63235.82419851915,61437.679661245435,2450,N/A,N/A
2460,25.143946093384717,25.299267654240968,2460,63491.08571893948,61692.7068151752,2460,N/A,N/A
2470,25.787849927368697,25.339334607459705,2470,63746.964943858606,61947.146365508466,2470,N/A,N/A
2480,25.489505945453672,25.671179668673176,2480,64018.789253769915,62200.98370732505,2480,N/A,N/A
2490,25.534606855247382,25.394832671530967,2490,64277.64823718508,62460.79513365767,2490,N/A,N/A
2500,25.107666143472617,25.09434110141673,2500,64534.78595991088,62716.46281068379,2500,N/A,N/A
2510,25.13900890226583,25.594249283903437,2510,64798.67918278827,62971.73450835472,2510,N/A,N/A
2520,25.67256875322855,25.098160453296046,2520,65061.02868650993,63231.44071150889,2520,N/A,N/A
2530,25.15203765782724,25.157866429986782,2530,65315.17318055627,63490.7963913441,2530,N/A,N/A
2540,25.6174491260371,25.08799024057151,2540,65571.51190208308,63747.89939364906,2540,N/A,N/A
2550,26.57692400931801,25.44397780607347,2550,65827.68506572458,64004.05425836906,2550,N/A,N/A
2560,25.222341602264777,28.19802279791999,2560,66084.20869076948,64266.47312196901,2560,N/A,N/A
2570,25.34403745086449,25.084529316421506,2570,66348.99584185361,64524.647529645474,2570,N/A,N/A
2580,25.0902564116398,25.289857476622007,2580,66604.83976924275,64784.04258995515,2580,N/A,N/A
2590,27.21238350351684,25.119253095814404,2590,66862.01838649073,65045.35466389682,2590,N/A,N/A
2600,25.090237899933744,25.13735002950662,2600,67121.10597599026,65301.96815399245,2600,N/A,N/A
2610,27.674068502463697,25.918686897825204,2610,67379.32183014363,65560.22165408434,2610,N/A,N/A
2620,26.834671357267517,25.535754271299197,2620,67639.72545259306,65815.35812435705,2620,N/A,N/A
2630,25.096195261911056,25.074222982287196,2630,67894.17563703407,66077.44993608844,2630,N/A,N/A
2640,26.234946755033953,25.827572477094453,2640,68150.24780969652,66333.34766149081,2640,N/A,N/A
2650,25.504314190786136,26.120301367843055,2650,68406.23741561551,66597.66579292734,2650,N/A,N/A
2660,25.157084104109632,27.33439938582909,2660,68661.25931527988,66856.78581082146,2660,N/A,N/A
2670,25.088904544542018,25.264097441526555,2670,68914.76535347848,67112.7090288184,2670,N/A,N/A
2680,25.159984792644828,26.609210539366615,2680,69171.01089082235,67367.44543709904,2680,N/A,N/A
2690,25.50883086957796,25.639872304845664,2690,69432.82343670487,67621.54368241911,2690,N/A,N/A
2700,25.124710330359772,25.093501356662703,2700,69687.68036882779,67884.69674178511,2700,N/A,N/A
2710,25.69814472351368,25.077250772379468,2710,69952.47845917991,68141.73635572969,2710,N/A,N/A
2720,25.184089812089518,25.12771162073942,2720,70208.24392341134,68399.07289060969,2720,N/A,N/A
2730,25.18655042510975,25.209495016574795,2730,70467.94191583771,68654.4547574557,2730,N/A,N/A
2740,25.092126572674758,25.0759268143736,2740,70722.14413197339,68911.21001060675,2740,N/A,N/A
2750,25.974373782538553,25.148850758323096,2750,70978.46089446485,69167.5211639995,2750,N/A,N/A
2760,25.089042229779235,25.333655701508675,2760,71234.98355370607,69425.27715270805,2760,N/A,N/A
2770,25.34847136267142,25.704278141111647,2770,71491.76801084798,69685.80982554278,2770,N/A,N/A
2780,25.90046415965551,27.361403163107635,2780,71753.11066269268,69943.1702969555,2780,N/A,N/A
2790,26.12223554548162,26.826061222323574,2790,72011.3350692252,70201.30786073564,2790,N/A,N/A
2800,25.956207482050708,25.20406498086296,2800,72271.60443284425,70462.52677939051,2800,N/A,N/A
2810,25.631280308180532,26.714729996917917,2810,72530.3272431637,70725.31271935879,2810,N/A,N/A
2820,25.088811509403865,27.884209339986064,2820,72783.82474812151,70983.79209430008,2820,N/A,N/A
2830,25.633420823800783,25.411089728146496,2830,73040.35040236679,71236.45003189429,2830,N/A,N/A
2840,25.294978037327425,25.39570097926279,2840,73299.6279192674,71489.873109363,2840,N/A,N/A
2850,25.196608451939912,25.394972519549487,2850,73558.72797258095,71749.66520913933,2850,N/A,N/A
2860,27.11376948114654,27.541105639719174,2860,73815.04562412428,72012.02396980513,2860,N/A,N/A
2870,25.891638326925865,26.658620723006077,2870,74071.15097921481,72267.560464424,2870,N/A,N/A
2880,25.240300219207278,25.450404243216603,2880,74325.89658803279,72520.98951079688,2880,N/A,N/A
2890,25.12193123528162,35.66260982095613,2890,74579.48429087926,72792.63084465123,2890,N/A,N/A
2900,25.388695502095295,25.186136783812675,2900,74844.27047189714,73049.99013196709,2900,N/A,N/A
2910,26.065745935896146,25.14193121915006,2910,75103.20946169272,73305.02424879397,2910,N/A,N/A
2920,25.08931391260829,29.354152077968934,2920,75361.23588473092,73563.26713898355,2920,N/A,N/A
2930,26.00286259398192,25.69425834810575,2930,75617.0096211364,73825.38230330896,2930,N/A,N/A
2940,25.26586542891057,25.373425813669282,2940,75874.37772776063,74077.95004804105,2940,N/A,N/A
2950,26.60035686955164,26.118764133106342,2950,76128.51573756244,74342.72890604989,2950,N/A,N/A
2960,25.098822119961614,25.4362588529134,2960,76385.26596614455,74600.68747405936,2960,N/A,N/A
2970,25.241910828412042,25.092261579070303,2970,76640.44224888508,74858.32141744043,2970,N/A,N/A
2980,25.40227405727736,25.50492639226717,2980,76903.33964360984,75113.83948342883,2980,N/A,N/A
2990,25.089618678650087,26.092704785064555,2990,77157.40327788607,75374.23341298933,2990,N/A,N/A
3000,25.88592381625887,25.342579679670404,3000,77411.98407264659,75627.29743792802,3000,N/A,N/A
3010,25.22152976411623,26.07361568712397,3010,77672.43222679698,75892.27368512373,3010,N/A,N/A
3020,25.3890314431908,25.218351655015294,3020,77926.83924192828,76146.16977158058,3020,N/A,N/A
3030,32.80444810545976,26.294493014761866,3030,78193.56055358531,76402.19065895375,3030,N/A,N/A
3040,25.48205478071309,25.13283254247006,3040,78446.90906835542,76660.81055675042,3040,N/A,N/A
3050,25.09094012934634,25.54705073233257,3050,78699.0308763373,76918.15730980507,3050,N/A,N/A
3060,25.202802486245353,26.95756630947178,3060,78957.47991892832,77173.68248135613,3060,N/A,N/A
3070,25.088734054600867,26.070127183788912,3070,79213.31125057838,77432.28977007722,3070,N/A,N/A
3080,25.17060024495941,25.276930763851485,3080,79470.80076769274,77688.35767734045,3080,N/A,N/A
3090,25.12673156175233,25.2369264500134,3090,79738.03910040046,77943.5655178396,3090,N/A,N/A
3100,25.182765532179328,25.108816433206012,3100,79993.40106419295,78199.45680701522,3100,N/A,N/A
3110,25.104093873580606,25.09161243555458,3110,80249.99262568253,78454.62410187707,3110,N/A,N/A
3120,26.326125665045886,25.41951737383083,3120,80504.49998652926,78712.49388818372,3120,N/A,N/A
3130,27.174948977317623,25.17406379499613,3130,80765.5005828971,78971.82500513918,3130,N/A,N/A
3140,25.630288616666707,26.179354238248937,3140,81026.8856453074,79233.15230070526,3140,N/A,N/A
3150,25.168000822784343,26.06547103182961,3150,81285.69387712094,79488.23357320244,3150,N/A,N/A
3160,25.149785396823685,25.629314036453028,3160,81537.79346575466,79749.62283717934,3160,N/A,N/A
3170,25.566413929458914,25.23655282797259,3170,81794.14442979118,80003.2578738237,3170,N/A,N/A
3180,25.158267152130062,25.105749876256997,3180,82048.42487573986,80265.6186433827,3180,N/A,N/A
3190,27.090959335608147,29.31269499270619,3190,82311.17138934406,80523.39267399577,3190,N/A,N/A
3200,25.20695976196983,25.14091065943268,3200,82578.99576591529,80783.91644863902,3200,N/A,N/A
3210,25.416257082775804,25.676768351381753,3210,82838.82675430627,81045.26555129424,3210,N/A,N/A
3220,29.050157135054278,25.04624155997146,3220,83099.6374779768,81305.94965944588,3220,N/A,N/A
3230,27.107824799263906,25.55198092029489,3230,83355.99323366146,81563.50286335374,3230,N/A,N/A
3240,27.996673744806944,25.33326516632899,3240,83611.75689628965,81818.95011304702,3240,N/A,N/A
3250,25.156234955790225,26.37039732218028,3250,83867.08925438463,82078.56507818286,3250,N/A,N/A
3260,34.55198955501122,25.083544328602553,3260,84138.15033971367,82337.08477861989,3260,N/A,N/A
3270,29.997994709933675,25.515048913715166,3270,84400.98570785657,82592.06517783843,3270,N/A,N/A
3280,26.93237051251088,25.08855330192368,3280,84663.7009905085,82848.25006283507,3280,N/A,N/A
3290,26.763349572142552,25.12013586403251,3290,84921.32131570525,83105.06119124142,3290,N/A,N/A
3300,26.841442051877987,27.274220719541393,3300,85185.54797841422,83366.69916802594,3300,N/A,N/A
3310,25.333594923303025,26.49463609145416,3310,85443.29501970099,83621.59496666671,3310,N/A,N/A
3320,25.96859039577893,25.925078421928617,3320,85696.29437420078,83878.9499500598,3320,N/A,N/A
3330,26.094286468546134,28.261158025552728,3330,85959.97187023163,84138.76152793456,3330,N/A,N/A
3340,25.967172188519775,25.144336731818125,3340,86219.74596051763,84392.56000900063,3340,N/A,N/A
3350,25.516645192769918,25.320686302887673,3350,86478.10917882535,84649.35524726186,3350,N/A,N/A
3360,25.35755841193323,25.437740425060365,3360,86735.88699568804,84904.4099484811,3360,N/A,N/A
3370,26.245074823838905,25.205366488189462,3370,86997.87919470046,85161.68534007693,3370,N/A,N/A
3380,25.280092292318432,26.32105022823935,3380,87254.84431797304,85421.42578034788,3380,N/A,N/A
3390,25.42237191898678,25.076180280019482,3390,87512.99913008815,85676.03989081227,3390,N/A,N/A
3400,25.62268720703923,26.422528896986126,3400,87771.47247417411,85931.20479333705,3400,N/A,N/A
3410,26.581719754576227,25.09167887089325,3410,88034.17083425605,86190.48157912829,3410,N/A,N/A
3420,25.35942565589477,25.120054622091196,3420,88288.93422149119,86446.76651141817,3420,N/A,N/A
3430,25.170393698592626,25.554022247483918,3430,88541.76829546316,86704.70928728166,3430,N/A,N/A
3440,25.088729225672708,27.889682993345748,3440,88797.85979672175,86966.46893216958,3440,N/A,N/A
3450,25.80595711037621,27.298032149553944,3450,89054.52015230483,87225.72004220203,3450,N/A,N/A
3460,25.20318938501155,25.217704892194362,3460,89312.41446988394,87481.90073929216,3460,N/A,N/A
3470,25.099980005229718,25.041662584792988,3470,89566.1913913855,87734.67604800069,3470,N/A,N/A
3480,27.469481401532825,25.510788775980345,3480,89824.2056059797,87993.05066822052,3480,N/A,N/A
3490,25.192117179383455,25.203378828085608,3490,90078.49104595672,88250.93693846859,3490,N/A,N/A
3500,25.123480123570058,25.661724934888312,3500,90333.48816370523,88508.45438705261,3500,N/A,N/A
3510,26.76890815787097,25.085095786247926,3510,90587.83874374157,88762.90867811177,3510,N/A,N/A
3520,25.957504606030284,25.160909135009497,3520,90846.0200204303,89018.16808779279,3520,N/A,N/A
3530,25.24449700358294,25.089544439907286,3530,91100.05079462421,89284.85181945759,3530,N/A,N/A
3540,25.726297305367986,28.00377152880149,3540,91357.07049964964,89543.59647653601,3540,N/A,N/A
3550,27.03795917755025,25.15670135448509,3550,91616.96013873785,89804.10901673595,3550,N/A,N/A
3560,25.127484315075332,25.103680806493514,3560,91874.93596275922,90061.31077958175,3560,N/A,N/A
3570,25.355980606210625,25.277165845903443,3570,92131.74355815182,90319.902995366,3570,N/A,N/A
3580,26.796128019725217,25.996519301302136,3580,92390.46820215372,90584.6672458295,3580,N/A,N/A
3590,25.253571925720454,25.20100602383021,3590,92646.50535679767,90837.78392525719,3590,N/A,N/A
3600,25.092115735197517,25.10316914539832,3600,92900.99834054313,91090.94265884378,3600,N/A,N/A
3610,25.500810114365105,25.692377431948724,3610,93156.29474379277,91348.09277790233,3610,N/A,N/A
3620,25.36712539112401,25.98099501158838,3620,93417.15190098304,91609.50026800243,3620,N/A,N/A
3630,25.090953509043214,25.08730145629335,3630,93673.05452179543,91866.72486030021,3630,N/A,N/A
3640,26.46565298582976,25.421087980873615,3640,93930.74437338929,92123.17301124585,3640,N/A,N/A
3650,25.397843682502227,25.265360673722892,3650,94188.52502386892,92380.13501849379,3650,N/A,N/A
3660,25.245120343283418,25.280018451015742,3660,94442.95325574772,92637.80257349586,3660,N/A,N/A
3670,25.089823886073656,25.260238428990217,3670,94702.2576637241,92900.23349383273,3670,N/A,N/A
3680,25.152834065551627,25.240193216863133,3680,94963.14471259751,93159.50495646925,3680,N/A,N/A
3690,25.161555223243706,25.103599106010368,3690,95216.79539141773,93416.44950257234,3690,N/A,N/A
3700,25.848303452291866,27.74367466159183,3700,95478.0301727069,93673.98900744689,3700,N/A,N/A
3710,25.161046301171478,25.16314558540344,3710,95739.27450749437,93929.17191102738,3710,N/A,N/A
3720,25.192398317947216,25.08566929241106,3720,95994.41612543356,94186.12712506182,3720,N/A,N/A
3730,27.74449595709699,26.03583152803188,3730,96252.46100855897,94441.45409336744,3730,N/A,N/A
3740,25.38139973114149,25.22279749981396,3740,96512.56861371922,94702.34117622973,3740,N/A,N/A
3750,25.295807799122965,25.085698413522472,3750,96775.2325833148,94962.64004272447,3750,N/A,N/A
3760,25.792805034856126,25.529900580271274,3760,97033.19108608796,95216.08855058056,3760,N/A,N/A
3770,25.18059361407239,25.08776707206267,3770,97287.1399839908,95474.75060423843,3770,N/A,N/A
3780,25.114432109768096,26.672671261473976,3780,97545.61092435647,95735.333581078,3780,N/A,N/A
3790,25.08940896748374,25.16443362235334,3790,97801.61803213133,95991.75053131353,3790,N/A,N/A
3800,25.114782921536253,25.218740983968207,3800,98057.60764486571,96247.01282847479,3800,N/A,N/A
3810,27.84630839975411,25.6579395162892,3810,98326.42393469701,96504.72280264947,3810,N/A,N/A
3820,26.00957500354327,25.16752382775978,3820,98583.16795464906,96762.16288157462,3820,N/A,N/A
3830,25.089391975120076,25.162014455306945,3830,98840.79649176434,97021.67561002923,3830,N/A,N/A
3840,25.40832553361025,25.1157120458375,3840,99099.58347713268,97280.1557976725,3840,N/A,N/A
3850,27.580371608594106,25.080943789632137,3850,99357.3779574754,97540.6330062321,3850,N/A,N/A
3860,26.435918022941557,25.282282208327988,3860,99615.79314025427,97795.74986204515,3860,N/A,N/A
3870,25.45939010492908,25.08615317734207,3870,99869.64999587888,98053.57678376125,3870,N/A,N/A
3880,25.68811621907981,25.161966132711694,3880,100131.75415979879,98306.84136777929,3880,N/A,N/A
3890,26.99003575037818,25.12487344438966,3890,100389.38592068496,98563.37268399217,3890,N/A,N/A
3900,25.11508191794542,25.50363157982323,3900,100648.39288123901,98823.02983654953,3900,N/A,N/A
3910,29.94987236914116,25.826814196295086,3910,100911.08377933502,99078.3550098394,3910,N/A,N/A
3920,25.400610986679133,25.16477923714688,3920,101165.91430886828,99333.8681076367,3920,N/A,N/A
3930,25.3380653725146,25.182548314793927,3930,101421.15860150491,99600.29150315776,3930,N/A,N/A
3940,25.702553321131518,25.662169737975425,3940,101680.4183592471,99858.0612541709,3940,N/A,N/A
3950,25.843046192016452,26.320795761118987,3950,101936.71439314744,100117.87525444703,3950,N/A,N/A
3960,25.10704923336357,25.15878273067307,3960,102192.48935967422,100373.96935877338,3960,N/A,N/A
3970,25.351475114710013,26.08918844029783,3970,102446.53429790247,100632.80952292704,3970,N/A,N/A
3980,25.811292203770456,25.405666192489,3980,102700.50827767358,100895.79067975038,3980,N/A,N/A
3990,25.392047046212973,25.180731089752463,3990,102953.05302137235,101153.15416383579,3990,N/A,N/A
4000,26.026324119106587,26.38522944182311,4000,103211.17128620206,101419.86754084378,4000,N/A,N/A
4010,26.706718565886348,25.558275579311452,4010,103467.31444738194,101672.38058314554,4010,N/A,N/A
4020,25.932071842652,27.291516548048673,4020,103724.87469628423,101928.44467106894,4020,N/A,N/A
4030,25.266029294659933,25.582516090686898,4030,103983.69802197638,102184.26241701377,4030,N/A,N/A
4040,25.251424839749266,25.093873594444027,4040,104251.70502253895,102449.3442373117,4040,N/A,N/A
4050,26.2970702744938,25.15134794342894,4050,104507.86425894167,102708.40461383671,4050,N/A,N/A
4060,25.288265615918068,25.199596800884724,4060,104763.90338895339,102973.40140884984,4060,N/A,N/A
4070,27.54005553686983,25.095495202491712,4070,105024.30392624433,103229.17840316765,4070,N/A,N/A
4080,25.260823434271355,27.132184405119343,4080,105281.38421152302,103489.90870639676,4080,N/A,N/A
4090,25.18438771371106,25.115335915643673,4090,105535.82556201844,103747.65354325343,4090,N/A,N/A
4100,25.157746848613794,25.10178625502265,4100,105792.12186941657,104002.01543159684,4100,N/A,N/A
4110,25.407234096987303,25.14645579232794,4110,106053.6755426086,104261.4803366357,4110,N/A,N/A
4120,27.27423817050207,25.48536507315146,4120,106321.40105836702,104515.54072119827,4120,N/A,N/A
4130,26.85203254081127,25.55076370811993,4130,106582.85791218086,104772.90295389519,4130,N/A,N/A
4140,25.27576141794582,26.540825042105812,4140,106841.94756681402,105031.15808412229,4140,N/A,N/A
4150,25.18380230887206,26.049415579013107,4150,107100.14968642223,105286.74254369855,4150,N/A,N/A
4160,26.838757655066207,26.75909402306117,4160,107361.23999004017,105549.70585905072,4160,N/A,N/A
4170,25.455320451487886,25.33508363304399,4170,107616.65556955537,105805.44570376092,4170,N/A,N/A
4180,25.933054337737424,25.096461389313664,4180,107872.89918288663,106067.00685711668,4180,N/A,N/A
4190,25.79672153821639,25.113656291071457,4190,108131.19147004643,106323.66191585289,4190,N/A,N/A
4200,25.567446523096404,25.21488076902362,4200,108388.97334435041,106579.15809289088,4200,N/A,N/A
4210,25.231575750606634,25.16155804737816,4210,108648.02074895841,106837.3946758445,4210,N/A,N/A
4220,25.298255167901655,25.13589013846369,4220,108905.97126290818,107090.60596541241,4220,N/A,N/A
4230,25.42078613092488,25.09625596933878,4230,109160.40311349588,107345.51713806202,4230,N/A,N/A
4240,26.39438533546177,25.29591950852143,4240,109425.71943464896,107597.59264389485,4240,N/A,N/A
4250,25.518219138590965,25.269258959117717,4250,109680.8587903012,107857.16915671922,4250,N/A,N/A
4260,25.19982024370707,25.17862749539812,4260,109936.8875625432,108113.22844354312,4260,N/A,N/A
4270,25.095985556016814,25.151926595846938,4270,110190.40751139607,108369.66472045533,4270,N/A,N/A
4280,25.287958803791177,26.13614440886571,4280,110450.91332957681,108625.75507618337,4280,N/A,N/A
4290,25.152679726605935,26.29747066225193,4290,110705.07447764026,108885.92608225864,4290,N/A,N/A
4300,25.185075666502698,25.884915647803957,4300,110963.70867948224,109144.83004363462,4300,N/A,N/A
4310,26.870000389917582,25.093124935880713,4310,111221.34340939064,109402.15397838576,4310,N/A,N/A
4320,25.110288339761468,25.23989049763617,4320,111474.66874750794,109656.69217154243,4320,N/A,N/A
4330,25.112198031996567,25.252683955014735,4330,111729.3813402504,109915.9485837562,4330,N/A,N/A
4340,25.263215749585907,25.115778132950002,4340,111985.24864886711,110173.12684879056,4340,N/A,N/A
4350,25.10883126043108,25.41057681156621,4350,112240.19841939918,110431.68762830533,4350,N/A,N/A
4360,25.115715845564747,26.478085814247432,4360,112494.86369136462,110694.03331252787,4360,N/A,N/A
4370,25.70630657836446,25.688876023945735,4370,112751.82748857973,110948.96659658072,4370,N/A,N/A
4380,25.090989324158183,25.120797047919815,4380,113008.59258641665,111209.8782963544,4380,N/A,N/A
4390,25.11510252775626,25.232444822045657,4390,113261.62726376188,111464.73383565927,4390,N/A,N/A
4400,25.901850854502463,25.21697482893738,4400,113514.92412844523,111724.37660380056,4400,N/A,N/A
4410,25.56712393191383,25.12461201647071,4410,113768.14931961174,111979.75961516231,4410,N/A,N/A
4420,25.424960943617886,25.48194358907199,4420,114027.89829272986,112232.25755941657,4420,N/A,N/A
4430,27.057887058861695,26.811521298100192,4430,114283.36268179925,112489.04615076,4430,N/A,N/A
4440,25.233574527102824,25.24059564070919,4440,114544.10915308246,112744.05547854102,4440,N/A,N/A
4450,25.894465019815577,25.09769171948489,4450,114799.67583271344,112999.86396491554,4450,N/A,N/A
4460,25.091139987745226,26.346021784576937,4460,115063.00315582378,113263.48072370242,4460,N/A,N/A
4470,25.27523319249292,25.149771289952426,4470,115316.99379687785,113521.3502702797,4470,N/A,N/A
4480,27.05435169545789,25.160205002375598,4480,115577.82511302964,113782.33987458843,4480,N/A,N/A
4490,25.104423353634253,27.38889178967614,4490,115835.70418068198,114041.08422740399,4490,N/A,N/A
4500,26.45728118239391,25.712540270107574,4500,116095.00348729784,114297.14773955302,4500,N/A,N/A
4510,25.864888603813768,25.289943512225356,4510,116352.60125094393,114563.65792369485,4510,N/A,N/A
4520,25.926634840438464,25.41628269163057,4520,116609.10117852651,114821.46252948628,4520,N/A,N/A
4530,25.770270717955984,26.819332538749137,4530,116863.56795360999,115079.49228689427,4530,N/A,N/A
4540,25.236277042565213,25.20542376837513,4540,117117.59682239112,115336.69847274365,4540,N/A,N/A
4550,25.892230499839997,25.277042873951277,4550,117373.8960612773,115591.75910704104,4550,N/A,N/A
4560,25.68625491618926,25.365848504462893,4560,117633.4498785283,115850.14072136748,4560,N/A,N/A
4570,26.372787973650194,25.173668561827117,4570,117891.95647260938,116108.73011502782,4570,N/A,N/A
4580,25.56330775715607,25.094129362463896,4580,118148.99478288426,116362.6601491357,4580,N/A,N/A
4590,25.09838638463477,25.214993320423815,4590,118407.28814345143,116619.59241173802,4590,N/A,N/A
4600,25.0887839912509,25.169897860274546,4600,118662.92654388139,116875.39047176494,4600,N/A,N/A
4610,25.121432547556402,26.604959058191103,4610,118921.77000464336,117132.52181383816,4610,N/A,N/A
4620,26.755251265930035,25.74356524913828,4620,119176.58890182833,117389.50632960022,4620,N/A,N/A
4630,26.506209668128026,25.120531174717502,4630,119437.23942558005,117645.64077667095,4630,N/A,N/A
4640,25.13798612692179,27.267596942156246,4640,119698.40752765074,117905.65509037665,4640,N/A,N/A
4650,25.256397183953172,25.587787080441,4650,119957.15229024245,118164.52816179252,4650,N/A,N/A
4660,25.243315554642788,25.344044536190115,4660,120217.86617933492,118419.66092479402,4660,N/A,N/A
4670,25.883057682214115,25.357601025813832,4670,120473.24796582857,118673.16373575751,4670,N/A,N/A
4680,27.243910788284182,25.24276545709147,4680,120732.61462263395,118929.43722133139,4680,N/A,N/A
4690,25.115720439437183,25.59519829988511,4690,120988.87943506283,119187.61949756599,4690,N/A,N/A
4700,25.605497710719042,25.753053980356313,4700,121245.25005394453,119449.46073750421,4700,N/A,N/A
4710,25.135632814372038,25.868707876464917,4710,121500.78554260773,119708.22538298678,4710,N/A,N/A
4720,27.36590695712727,25.750203267738527,4720,121757.95475844658,119965.21329222532,4720,N/A,N/A
4730,27.40880792533542,25.14346497751467,4730,122020.37846248836,120222.31381260442,4730,N/A,N/A
4740,26.457563740311485,29.920131865569083,4740,122277.97102216551,120486.06905273137,4740,N/A,N/A
4750,25.18474739471982,25.897538209444527,4750,122533.7640006119,120750.97498021896,4750,N/A,N/A
4760,25.093725650029608,25.30545004084143,4760,122788.26305394636,121006.76968473317,4760,N/A,N/A
4770,25.132664513404904,26.03978439049005,4770,123048.08510228102,121264.92513662366,4770,N/A,N/A
4780,25.20482191011509,25.804544842177354,4780,123305.52320325922,121522.01128899783,4780,N/A,N/A
4790,25.419237746494375,25.18928561664856,4790,123561.80590091774,121776.64314151362,4790,N/A,N/A
4800,26.618176033073752,27.642167494920617,4800,123818.8979230071,122035.47430157954,4800,N/A,N/A
4810,26.651528228563112,25.091781713845453,4810,124075.13525963601,122294.95226691084,4810,N/A,N/A
4820,25.178793926324254,25.159962174886118,4820,124329.47870043866,122549.35376710257,4820,N/A,N/A
4830,25.09034388075779,25.048435751760383,4830,124585.94763089679,122802.11293588833,4830,N/A,N/A
4840,30.174348570443918,25.10111708300036,4840,124844.63804560594,123061.48834616227,4840,N/A,N/A
4850,25.25099276227585,25.1559260327288,4850,125104.19431922365,123316.73842354158,4850,N/A,N/A
4860,25.178971257178294,25.04680376983894,4860,125364.24443830589,123574.15077994802,4860,N/A,N/A
4870,25.126670472507897,25.148639131772597,4870,125621.09281809858,123835.09353430911,4870,N/A,N/A
4880,25.795942780542926,26.397421459068546,4880,125877.289983902,124094.00023280522,4880,N/A,N/A
4890,25.18879934750214,25.656771046704037,4890,126140.71672229363,124353.3624088304,4890,N/A,N/A
4900,26.565050173581497,25.229161273181962,4900,126393.55674847405,124608.14212753388,4900,N/A,N/A
4910,25.423142117506814,25.64443605165248,4910,126651.70995290694,124862.5156970816,4910,N/A,N/A
4920,25.44783239883446,25.103283394480997,4920,126909.93924211797,125122.64606909496,4920,N/A,N/A
4930,27.199316989190347,25.824754288179243,4930,127166.24016521292,125375.53036382736,4930,N/A,N/A
4940,25.114318383049984,25.12163174973495,4940,127424.41840920017,125634.34512850043,4940,N/A,N/A
4950,27.912354979765023,25.213563656075905,4950,127684.51897957048,125887.08068110014,4950,N/A,N/A
4960,25.810620846607677,25.79258481390857,4960,127941.93205974696,126143.08166953312,4960,N/A,N/A
4970,25.090193626689828,25.237211749742333,4970,128200.16467830399,126398.61511843378,4970,N/A,N/A
4980,25.729822522465618,25.461511482728778,4980,128458.71503698465,126655.18796058795,4980,N/A,N/A
4990,25.15473631299759,28.758773191655695,4990,128719.49863269897,126914.65842121202,4990,N/A,N/A
5000,25.10329284933986,25.368966039232703,5000,128982.15744565896,127176.74960795582,5000,N/A,N/A
5010,25.306091144744922,26.424255734552702,5010,129238.74171017218,127433.14025427461,5010,N/A,N/A
5020,25.271351674701613,26.10995011183008,5020,129495.19008968589,127687.67031868978,5020,N/A,N/A
5030,33.53038723891955,25.334714816097893,5030,129763.63209961909,127944.68810900752,5030,N/A,N/A
5040,25.09971540894472,26.754491119998775,5040,130019.09407164999,128205.8495454162,5040,N/A,N/A
5050,25.533941569178083,27.861683356554355,5050,130273.95732286805,128467.50807040384,5050,N/A,N/A
5060,25.08907159963279,25.143543116933504,5060,130530.84789399646,128724.02462738681,5060,N/A,N/A
5070,29.06303233570559,27.04879124768571,5070,130791.2799288715,128985.71929280394,5070,N/A,N/A
5080,25.49361259536893,25.426323962913774,5080,131048.18629832406,129246.68590442128,5080,N/A,N/A
5090,28.242160150026496,26.56876707014761,5090,131304.06175238942,129507.55400699504,5090,N/A,N/A
5100,25.221578898912135,25.087500544889622,5100,131559.68538092545,129770.61823984276,5100,N/A,N/A
5110,25.41167756959974,25.50613689401692,5110,131821.36491178186,130028.11072334058,5110,N/A,N/A
5120,25.551050088488036,25.113841256647557,5120,132079.37514869135,130282.41665713997,5120,N/A,N/A
5130,25.78186763067145,25.14934442521214,5130,132335.5386884049,130534.82356055353,5130,N/A,N/A
5140,25.1116654776141,25.144531128230437,5140,132596.89672933792,130791.27389839134,5140,N/A,N/A
5150,25.652244675253435,26.601616421012388,5150,132857.54700159337,131048.81575878653,5150,N/A,N/A
5160,26.123031164545484,29.222611466235335,5160,133116.48336588722,131313.00090653388,5160,N/A,N/A
5170,26.189734706407343,26.672394878599654,5170,133376.25018693207,131567.02559178948,5170,N/A,N/A
5180,28.98298254155592,26.311160025707686,5180,133636.878584569,131828.0445849384,5180,N/A,N/A
5190,25.52103463107866,25.630555762531728,5190,133892.0363639885,132089.88706743295,5190,N/A,N/A
5200,25.50833513892729,25.470241103304843,5200,134152.9542070937,132348.94817604098,5200,N/A,N/A
5210,27.563893292156763,26.50591042080923,5210,134412.21980017517,132605.00235169558,5210,N/A,N/A
5220,25.470003376112736,25.27839267046957,5220,134671.55281056228,132872.30207308056,5220,N/A,N/A
5230,27.218223079844005,25.690760756243346,5230,134930.8788735631,133144.18131056844,5230,N/A,N/A
5240,25.4045686212163,25.141410809260407,5240,135184.779461155,133400.04339547572,5240,N/A,N/A
5250,25.142919515522312,25.119716951688865,5250,135444.14016965718,133656.59782293142,5250,N/A,N/A
5260,25.11341945480438,25.087661270451086,5260,135703.71786230634,133915.65760267802,5260,N/A,N/A
5270,25.512410612899203,25.27409992015759,5270,135956.1488641979,134171.3055724408,5270,N/A,N/A
5280,25.089301604389934,27.53779984531636,5280,136212.59765855432,134429.9904704884,5280,N/A,N/A
5290,25.229294782141306,25.652781282737298,5290,136471.55885863784,134689.26873003546,5290,N/A,N/A
5300,25.144802030662785,25.19843924680278,5300,136727.25671789004,134944.0942183444,5300,N/A,N/A
5310,25.168993978812978,25.07163126478968,5310,136985.94575200378,135200.51373725527,5310,N/A,N/A
5320,25.287033537409357,25.532659583629496,5320,137239.6800353386,135456.2024631458,5320,N/A,N/A
5330,25.104942793903348,25.36769842840363,5330,137501.01886901705,135717.26236456924,5330,N/A,N/A
5340,25.08950500825401,25.116628696106204,5340,137755.42517501954,135973.15172295578,5340,N/A,N/A
5350,25.177030287507964,25.78680237451599,5350,138011.3307205686,136231.11408728952,5350,N/A,N/A
5360,25.08894130820602,25.193424938619554,5360,138271.1686619029,136486.71613706753,5360,N/A,N/A
5370,26.023972454509764,27.36850251379913,5370,138530.54664500756,136744.2232535685,5370,N/A,N/A
5380,26.518486522851262,26.67403892656691,5380,138787.81393758973,137002.17264276664,5380,N/A,N/A
5390,25.689471925525083,25.102145220717112,5390,139051.63222216992,137264.41925949912,5390,N/A,N/A
5400,25.61983462828241,25.137496521444476,5400,139306.02264792603,137526.03371895227,5400,N/A,N/A
5410,25.193309537168748,25.113385534220324,5410,139565.9161764387,137782.69212312833,5410,N/A,N/A
5420,25.101535457527827,25.10857591832608,5420,139827.0488622379,138039.80333526188,5420,N/A,N/A
5430,25.096138839644716,25.088795361936526,5430,140081.86218838856,138295.5415151698,5430,N/A,N/A
5440,25.159799135435147,27.20799224028539,5440,140335.50489889906,138549.0805818802,5440,N/A,N/A
5450,26.7093685640764,25.04702957971039,5450,140593.36139962234,138809.3981073013,5450,N/A,N/A
5460,25.155691992233287,26.978831381056807,5460,140852.2793996973,139070.41538884043,5460,N/A,N/A
5470,27.52931751412573,25.815373353896977,5470,141108.93072672022,139329.83946998417,5470,N/A,N/A
5480,25.097883631421805,25.443929804658172,5480,141366.6485074406,139588.86503662012,5480,N/A,N/A
5490,26.256864577055666,25.166875247389395,5490,141628.76031130936,139842.21580124352,5490,N/A,N/A
5500,27.517010151849476,25.08738903434383,5500,141890.3092199733,140098.4924700087,5500,N/A,N/A
5510,25.19059856177264,26.118487110187903,5510,142144.42456556304,140356.59353495194,5510,N/A,N/A
5520,25.118527330402664,26.094405252546256,5520,142402.32505091935,140617.89805732225,5520,N/A,N/A
5530,25.190996478769225,25.06216320462917,5530,142657.38940610833,140876.31835205332,5530,N/A,N/A
5540,26.567726562265843,27.42019946427794,5540,142914.53419005394,141134.77470976187,5540,N/A,N/A
5550,27.35267549339399,26.585358042323,5550,143175.28938281,141392.4083454331,5550,N/A,N/A
5560,26.189637152640348,27.67472588701754,5560,143437.1564958509,141648.24592233176,5560,N/A,N/A
5570,25.16356741897285,29.224620359530736,5570,143690.9518991898,141911.5491945737,5570,N/A,N/A
5580,26.46277325610158,25.899857047904796,5580,143953.53836169155,142171.8459410942,5580,N/A,N/A
5590,25.707511028245815,25.2343493200134,5590,144212.60286636004,142434.407953689,5590,N/A,N/A
5600,25.10754244185644,25.099900611742186,5600,144467.49079498913,142693.38150795456,5600,N/A,N/A
5610,25.627274506286962,27.20785477869683,5610,144726.5253744272,142952.2126449479,5610,N/A,N/A
5620,25.107673141388602,25.275791575772548,5620,144981.89609377302,143214.4969449122,5620,N/A,N/A
5630,33.082639626115935,26.501229575662798,5630,145244.23964861452,143474.0450740171,5630,N/A,N/A
5640,25.111189320811494,26.02173948418795,5640,145506.74710716767,143733.40792660008,5640,N/A,N/A
5650,25.150545937428298,25.683884367180493,5650,145767.95334649325,143991.83904261468,5650,N/A,N/A
5660,25.26446190243785,26.39231429481366,5660,146024.84192059794,144248.25260717366,5660,N/A,N/A
5670,25.08915360951095,25.109891816377807,5670,146294.6653062173,144504.18843806602,5670,N/A,N/A
5680,26.48840538020253,26.47386629244399,5680,146551.46157692152,144762.81241603594,5680,N/A,N/A
5690,26.36518034356598,26.470157280765175,5690,146806.36440790232,145018.90199991406,5690,N/A,N/A
5700,27.829571657288852,25.218467090974496,5700,147065.83339770584,145275.67751083564,5700,N/A,N/A
5710,28.43752529939633,25.52392392270244,5710,147323.4125249386,145536.24756939182,5710,N/A,N/A
5720,25.129325823590264,25.088107815038803,5720,147581.21227366538,145794.73840902667,5720,N/A,N/A
5730,25.373738230101175,25.147448343630117,5730,147843.8372180935,146048.01051673724,5730,N/A,N/A
5740,25.236921234644406,26.295971349211012,5740,148096.78189042798,146306.62798291887,5740,N/A,N/A
5750,26.553043682891396,25.359338893328463,5750,148361.38230035955,146564.22149150903,5750,N/A,N/A
5760,28.212437491558106,25.114646895946375,5760,148625.84851707978,146820.1428614358,5760,N/A,N/A
5770,25.654021773499423,25.09183217328505,5770,148883.6891664017,147078.39828053626,5770,N/A,N/A
5780,25.557969012836242,26.52289251786611,5780,149144.4643817039,147334.03127615867,5780,N/A,N/A
5790,25.480000887340303,25.650967807104507,5790,149401.481127034,147590.5893366414,5790,N/A,N/A
5800,25.257906993908882,25.597041636689987,5800,149657.2121407157,147847.6871724257,5800,N/A,N/A
5810,25.18940759434226,25.22614360087273,5810,149915.3048333352,148109.5458418455,5810,N/A,N/A
5820,25.141598071214187,25.233918354921627,5820,150168.8206132538,148370.36093689557,5820,N/A,N/A
5830,25.594826167779413,25.126033766272787,5830,150423.02701763803,148627.80177683267,5830,N/A,N/A
5840,25.5295686358366,25.29462421224013,5840,150676.67821533745,148887.84155879886,5840,N/A,N/A
5850,26.54982772125464,25.551511812541122,5850,150931.37716738475,149143.5980415409,5850,N/A,N/A
5860,25.25220038144881,25.201279302026897,5860,151190.93323706393,149408.5659324378,5860,N/A,N/A
5870,26.3058855598409,25.89492057913943,5870,151453.97086500374,149669.5779780104,5870,N/A,N/A
5880,25.84642454710962,25.940625635725358,5880,151714.69279319153,149926.06589243797,5880,N/A,N/A
5890,25.195578815796193,26.2927018498549,5890,151976.47694685883,150186.32699411342,5890,N/A,N/A
5900,25.407230622290598,25.12387786002582,5900,152231.20560501053,150446.52817436855,5900,N/A,N/A
5910,25.11985885633871,25.04405509226684,5910,152488.17550921062,150705.91161216292,5910,N/A,N/A
5920,25.387731285022483,25.09075649440022,5920,152744.65736343368,150963.9554489571,5920,N/A,N/A
5930,25.440826395604365,25.50148281230756,5930,153003.0340536364,151220.92576110762,5930,N/A,N/A
5940,27.11704878844785,25.210604612196374,5940,153264.9635675938,151482.6159278822,5940,N/A,N/A
5950,25.236856113342185,27.66033423828731,5950,153524.6924671211,151739.49395506867,5950,N/A,N/A
5960,32.39858165469466,26.425180188131833,5960,153790.26503341534,151999.9461070871,5960,N/A,N/A
5970,25.145063737468647,25.154895669285512,5970,154044.0098590734,152257.5119134134,5970,N/A,N/A
5980,27.83889965126386,25.81842620892747,5980,154302.7173517067,152515.94506346915,5980,N/A,N/A
5990,25.13378483565206,25.184095761686283,5990,154556.71950469012,152773.89457221603,5990,N/A,N/A
6000,26.42958766322137,25.183590886371327,6000,154823.91472237662,153035.28125176407,6000,N/A,N/A
6010,25.55470698528464,25.121675592283143,6010,155083.98482779626,153292.34538129956,6010,N/A,N/A
6020,25.454538761083178,25.357671805400123,6020,155341.72024146933,153551.94802428383,6020,N/A,N/A
6030,25.693385496038918,25.237767176305425,6030,155606.6469380548,153811.43166855274,6030,N/A,N/A
6040,26.009309711806264,25.20118799402705,6040,155869.88930225925,154075.16075635553,6040,N/A,N/A
6050,25.900501823762582,25.70610426631848,6050,156130.59582040488,154331.6265515043,6050,N/A,N/A
6060,25.242554219228314,25.757210427918498,6060,156385.28181637908,154587.8474880127,6060,N/A,N/A
6070,28.301471331742793,26.213107747419418,6070,156642.9348872583,154852.77994494353,6070,N/A,N/A
6080,26.364528150491324,25.40472098049071,6080,156899.85949343964,155112.01659232198,6080,N/A,N/A
6090,25.09437321956321,26.774430897137734,6090,157160.318096606,155372.9360101839,6090,N/A,N/A
6100,25.83236420218678,25.095662167057853,6100,157420.73904299206,155627.52590824213,6100,N/A,N/A
6110,26.102129235829125,25.859936468920264,6110,157679.1249640873,155881.33425385214,6110,N/A,N/A
6120,25.12507882940168,27.339237806864176,6120,157939.13557189365,156137.44212933173,6120,N/A,N/A
6130,25.328802678316116,26.82620187316111,6130,158199.3582752064,156393.26660424325,6130,N/A,N/A
6140,26.662795459807544,25.11059938575313,6140,158457.97010453363,156652.7156054483,6140,N/A,N/A
6150,27.353797048224195,25.579650740306484,6150,158718.0433822802,156910.99601437405,6150,N/A,N/A
6160,25.136484519884267,25.139760215684635,6160,158981.69053187646,157176.1760546081,6160,N/A,N/A
6170,25.102569547271493,25.309211105264406,6170,159243.59729501503,157436.68225051384,6170,N/A,N/A
6180,26.630403760419632,25.091361930417808,6180,159500.54474173786,157692.89700694077,6180,N/A,N/A
6190,25.429140085052172,25.136726491639344,6190,159772.53162270156,157948.78334290485,6190,N/A,N/A
6200,25.43539074850509,25.244361317583234,6200,160031.01350126354,158207.209178769,6200,N/A,N/A
6210,25.090096150254737,25.08951859457129,6210,160285.76059455023,158460.28666087257,6210,N/A,N/A
6220,25.091109806098892,26.772965035851314,6220,160538.92868393136,158721.48697771665,6220,N/A,N/A
6230,26.16388352464991,25.08787586541896,6230,160796.36144365332,158979.66864536394,6230,N/A,N/A
6240,25.17031615899256,25.487815780747873,6240,161053.20669765642,159238.50062589935,6240,N/A,N/A
6250,26.39635094714606,25.097158913977506,6250,161312.07688661775,159492.75959076977,6250,N/A,N/A
6260,25.108261023003983,25.25976226632366,6260,161567.36172401105,159748.06938608087,6260,N/A,N/A
6270,26.639957427788325,25.89823711337107,6270,161826.23269488302,160008.92101675284,6270,N/A,N/A
6280,25.847558787585495,25.28552340807758,6280,162082.11056200007,160265.186573657,6280,N/A,N/A
6290,25.224180636379078,26.53459989125102,6290,162342.87061299832,160528.95510798934,6290,N/A,N/A
6300,25.401331699159293,25.101139809489204,6300,162595.86436345868,160783.5905332612,6300,N/A,N/A
6310,25.384529529169246,25.56965338749491,6310,162853.19332227483,161045.40566582035,6310,N/A,N/A
6320,25.08946505871312,25.698171398569016,6320,163111.1337016434,161305.11422511798,6320,N/A,N/A
6330,25.703641745082223,25.186025974852257,6330,163368.43473228518,161560.59774744563,6330,N/A,N/A
6340,26.19406161667868,26.896764374247756,6340,163626.9329229774,161816.11165088703,6340,N/A,N/A
6350,25.401880609080493,25.15829830463777,6350,163887.75262863477,162072.65963880107,6350,N/A,N/A
6360,25.189063058134284,25.21990964050591,6360,164144.40383198386,162327.52592570346,6360,N/A,N/A
6370,25.19891500448141,25.615540774373713,6370,164401.5396349945,162583.09488880003,6370,N/A,N/A
6380,29.301090182556283,25.26635832868926,6380,164663.61323674812,162839.05863087927,6380,N/A,N/A
6390,25.100421106675945,26.56230321700266,6390,164918.0492857038,163095.58806294706,6390,N/A,N/A
6400,25.196259257586565,25.172403616384248,6400,165174.25131428495,163353.1304024822,6400,N/A,N/A
6410,26.30698280575342,25.685446053084757,6410,165429.80884931458,163609.8012584557,6410,N/A,N/A
6420,25.427798818825956,26.25562803727629,6420,165684.0226693282,163865.31992277384,6420,N/A,N/A
6430,25.325056952134997,25.97413324850298,6430,165941.2792084207,164120.53323340844,6430,N/A,N/A
6440,26.28005931559581,25.1952586163925,6440,166196.09402161516,164382.57409764253,6440,N/A,N/A
6450,25.088971609782977,25.638849455013762,6450,166456.0405176216,164638.2144505637,6450,N/A,N/A
6460,25.6450452897433,27.64382729873413,6460,166716.34849787917,164895.83906609574,6460,N/A,N/A
6470,25.496595544594154,25.089523940668222,6470,166974.60514838697,165152.9561748654,6470,N/A,N/A
6480,25.336815541696254,26.87053237631792,6480,167232.2959597842,165412.52282180585,6480,N/A,N/A
6490,25.090532066819897,26.004360787698257,6490,167492.33574502298,165669.1791328343,6490,N/A,N/A
6500,31.38691746290473,25.731338986612098,6500,167759.16050863217,165929.5192531665,6500,N/A,N/A
6510,25.300590015915482,25.085924281387854,6510,168020.93818050346,166184.33097098008,6510,N/A,N/A
6520,25.801750545934443,29.236505272011012,6520,168281.79124507736,166447.11829522596,6520,N/A,N/A
6530,25.095619598822356,27.796466217786925,6530,168535.98985839277,166705.29819450242,6530,N/A,N/A
6540,25.316853866571538,26.96954682001954,6540,168791.9732627361,166964.72599594286,6540,N/A,N/A
6550,27.216219096476998,25.187191098160707,6550,169046.10317311913,167227.82531452656,6550,N/A,N/A
6560,25.08914796972224,25.509737347120844,6560,169301.73701415444,167482.40832564095,6560,N/A,N/A
6570,26.055868408600983,25.307566339814166,6570,169564.8810699662,167737.07984660886,6570,N/A,N/A
6580,25.12824159680189,25.563532266143802,6580,169818.22362531023,167999.27708614815,6580,N/A,N/A
6590,27.637216304378818,25.254278315539192,6590,170079.33231038108,168256.83360170026,6590,N/A,N/A
6600,25.871345058527123,26.59435169336706,6600,170344.78520834877,168515.5451688528,6600,N/A,N/A
6610,25.394440034225127,25.1021188921319,6610,170605.97654580104,168771.12482773964,6610,N/A,N/A
6620,25.088734170666015,25.62017738888388,6620,170867.14155585802,169030.6562390518,6620,N/A,N/A
6630,26.61707574858031,25.47419206054018,6630,171123.01127421556,169291.3094195942,6630,N/A,N/A
6640,25.363926581302554,27.223259792108234,6640,171378.39401052045,169548.8011595449,6640,N/A,N/A
6650,25.353780818825317,25.79743040324974,6650,171634.92811094923,169811.32729063122,6650,N/A,N/A
6660,25.636362860945507,25.043071844691134,6660,171897.51553450333,170064.7265599688,6660,N/A,N/A
6670,25.091892739043338,25.105053152840252,6670,172152.74420159607,170324.4130683642,6670,N/A,N/A
6680,25.53379745723265,27.845698661695224,6680,172409.54569950156,170583.17529628813,6680,N/A,N/A
6690,26.95456714616922,26.334834027757807,6690,172668.07356412543,170839.2039740829,6690,N/A,N/A
6700,25.146291447799072,25.08914971543326,6700,172925.62628551398,171097.4706582066,6700,N/A,N/A
6710,26.71792914246871,25.185489275809527,6710,173183.83329740763,171354.7646450498,6710,N/A,N/A
6720,25.63659412092623,25.15087765845067,6720,173446.00580283543,171613.11514378112,6720,N/A,N/A
6730,26.403830966371455,25.4184338782945,6730,173702.7986051518,171878.2105305766,6730,N/A,N/A
6740,26.35148957914653,26.597551399520295,6740,173961.89885325028,172137.69146137714,6740,N/A,N/A
6750,25.569994450623447,25.171314239883298,6750,174218.06990221015,172391.37996870253,6750,N/A,N/A
6760,25.27890977767295,26.5881343810102,6760,174480.7832838148,172652.75948875817,6760,N/A,N/A
6770,25.28234507695609,25.962328522166302,6770,174735.35017530658,172908.02319568384,6770,N/A,N/A
6780,26.680010860112926,25.48685605846529,6780,174995.4153012932,173170.67116506892,6780,N/A,N/A
6790,26.199627764058576,25.308434724320673,6790,175255.62447588355,173432.13445883692,6790,N/A,N/A
6800,26.18472547797175,25.280370375680743,6800,175510.4902337093,173693.11418923945,6800,N/A,N/A
6810,25.16366294167357,26.454847821265314,6810,175769.662388014,173948.87586304802,6810,N/A,N/A
6820,25.511714353597142,27.40217262895001,6820,176024.4326875117,174205.47052994987,6820,N/A,N/A
6830,30.06142614750367,25.30916677554162,6830,176283.17329959676,174460.46810517402,6830,N/A,N/A
6840,29.12528041478504,25.531253752539726,6840,176541.36663917586,174716.658707801,6840,N/A,N/A
6850,25.298678351598294,27.22250624492097,6850,176796.52814886288,174973.89208598636,6850,N/A,N/A
6860,25.271621763288064,27.58734892788132,6860,177056.15927804212,175232.4681200691,6860,N/A,N/A
6870,26.933769351052284,29.303911691587082,6870,177314.11132073827,175491.54066383862,6870,N/A,N/A
6880,25.761594266349597,25.477446047000416,6880,177573.60457050134,175748.28550615464,6880,N/A,N/A
6890,25.494706977436,25.76326611303108,6890,177830.14075721405,176012.98572922437,6890,N/A,N/A
6900,25.49042834071901,26.814563379247627,6900,178084.36520070382,176270.75305220563,6900,N/A,N/A
6910,25.11184432988604,26.47253733340489,6910,178339.45496412818,176527.93934434108,6910,N/A,N/A
6920,28.627051318484394,25.374933874131447,6920,178602.02899227742,176783.92209131696,6920,N/A,N/A
6930,25.110378136086428,25.221246371209645,6930,178858.2512972858,177037.19521037064,6930,N/A,N/A
6940,25.193426117982746,25.344417432174357,6940,179113.3977332764,177289.6466719666,6940,N/A,N/A
6950,25.5877518952817,27.222519500370147,6950,179370.90079605568,177547.72662216978,6950,N/A,N/A
6960,25.589643325961458,25.68286458758182,6960,179626.87915741873,177804.65009324328,6960,N/A,N/A
6970,27.22591015722002,25.093191159369567,6970,179881.54641992858,178061.8281342112,6970,N/A,N/A
6980,25.70882342240117,25.117764296665023,6980,180138.9381763672,178315.837918723,6980,N/A,N/A
6990,25.198477653138784,25.143754764467182,6990,180397.6789943609,178573.51928860007,6990,N/A,N/A
7000,27.37752422227375,25.410109366636703,7000,180658.02492375605,178830.17895292438,7000,N/A,N/A
7010,25.24698695930648,27.412520430059576,7010,180928.64799201378,179086.21132837265,7010,N/A,N/A
7020,25.136827498079352,25.1176601708819,7020,181183.00532255776,179340.07875035197,7020,N/A,N/A
7030,25.17017554642506,27.53759573676501,7030,181440.77278214798,179599.85601391402,7030,N/A,N/A
7040,25.475743447666705,25.112383175500437,7040,181698.65608713625,179856.69303487043,7040,N/A,N/A
7050,25.544535056369355,25.10960626665402,7050,181952.97037867943,180117.02334855337,7050,N/A,N/A
7060,25.37469989201371,25.124332793025616,7060,182213.27344238287,180371.89514844713,7060,N/A,N/A
7070,25.192300835193834,25.384909944575966,7070,182470.7201408648,180631.19404428496,7070,N/A,N/A
7080,25.98111372825666,26.765440850665698,7080,182728.1156491097,180891.63527855696,7080,N/A,N/A
7090,25.131291997984896,27.259605485615015,7090,182982.30758536357,181146.3828760787,7090,N/A,N/A
7100,29.11009100613669,25.94475613210502,7100,183238.88636785035,181399.09980697377,7100,N/A,N/A
7110,25.314429573752427,30.60059887614825,7110,183494.40945690777,181663.1296990347,7110,N/A,N/A
7120,25.76116014308171,25.24268267897169,7120,183750.5280686867,181921.74026439484,7120,N/A,N/A
7130,26.14153055627625,25.162716439859015,7130,184008.0510112244,182174.12613728223,7130,N/A,N/A
7140,26.614800993838553,25.589897964721484,7140,184269.10886194746,182434.97735743527,7140,N/A,N/A
7150,25.302581868858095,25.308898295637537,7150,184526.63347856724,182689.8738973662,7150,N/A,N/A
7160,28.14884554645871,26.560542763817352,7160,184787.30407943917,182952.77386783002,7160,N/A,N/A
7170,25.1199949639488,26.672776524758962,7170,185041.5293911948,183214.25615965095,7170,N/A,N/A
7180,25.136619648564917,25.25110369964286,7180,185297.35710534337,183470.7496905568,7180,N/A,N/A
7190,25.976653645849293,25.121630940794194,7190,185554.72168178545,183725.97938545624,7190,N/A,N/A
7200,27.185567174402696,25.237891212948092,7200,185813.76891726375,183987.77198738995,7200,N/A,N/A
7210,25.289493070175375,25.274473030047673,7210,186071.64031953938,184246.7893601457,7210,N/A,N/A
7220,25.12032175159279,27.917665343433093,7220,186334.12673619812,184505.8440175372,7220,N/A,N/A
7230,25.105916104963544,25.5329845448893,7230,186588.90046450993,184766.52528141832,7230,N/A,N/A
7240,25.638271254407766,25.444352305746765,7240,186843.7869682785,185020.5731214688,7240,N/A,N/A
7250,27.700650567701683,26.986867574167373,7250,187100.07413641567,185280.28942021637,7250,N/A,N/A
7260,25.53986382069527,26.66821388816967,7260,187355.55838077093,185540.6024510609,7260,N/A,N/A
7270,25.183319168565163,25.686300703280306,7270,187618.00111097368,185797.46731484844,7270,N/A,N/A
7280,26.192583361033794,25.512669576397375,7280,187879.64748255105,186051.29186318748,7280,N/A,N/A
7290,25.353085061023638,26.401306041567796,7290,188138.87451764266,186308.7266478833,7290,N/A,N/A
7300,26.04926934708717,25.129492286718364,7300,188398.65284872093,186564.33521708235,7300,N/A,N/A
7310,25.456214422221418,25.279842846326467,7310,188656.52237110888,186824.49435979602,7310,N/A,N/A
7320,25.1740965601987,25.52594252456281,7320,188915.06967418827,187086.84232013882,7320,N/A,N/A
7330,26.84132993083645,25.21510275466524,7330,189181.33327106066,187348.3541824048,7330,N/A,N/A
7340,26.357002920303906,26.088863118325584,7340,189439.11342083855,187605.76360158503,7340,N/A,N/A
7350,25.099797723783627,25.163080808910376,7350,189695.92472836413,187860.74504042405,7350,N/A,N/A
7360,30.121718118063583,25.053123526099043,7360,189955.32047653335,188117.580809995,7360,N/A,N/A
7370,25.179765792700028,25.22247430676746,7370,190214.46207572735,188376.40633284967,7370,N/A,N/A
7380,25.226187894570025,25.155768371198217,7380,190467.9562710243,188636.01133878503,7380,N/A,N/A
7390,25.15421912117125,25.087708740871243,7390,190722.3150017019,188892.59402211237,7390,N/A,N/A
7400,25.103530155575953,25.082803808727263,7400,190977.58411142306,189149.40005051767,7400,N/A,N/A
7410,25.93017958230794,25.05886451126206,7410,191242.058355066,189407.69685254493,7410,N/A,N/A
7420,25.440872062388657,25.187621432299675,7420,191501.79147356463,189663.39548393074,7420,N/A,N/A
7430,25.69648644355974,25.636641591890932,7430,191761.95367053166,189926.42793060926,7430,N/A,N/A
7440,25.755832273791505,25.50008486447977,7440,192021.14120239584,190180.2962784003,7440,N/A,N/A
7450,25.85224501813916,25.490390191882714,7450,192274.92362390284,190443.95241763725,7450,N/A,N/A
7460,25.098757991776164,25.346199607400035,7460,192531.81408335452,190709.43023872498,7460,N/A,N/A
7470,25.093917797432827,27.87094436921083,7470,192788.97690927828,190968.51383710845,7470,N/A,N/A
7480,25.126637671735946,25.22071978558404,7480,193042.45900469157,191224.52652317414,7480,N/A,N/A
7490,26.481774964145178,25.1539303319974,7490,193297.5781562101,191477.67336126638,7490,N/A,N/A
7500,26.69622566035106,25.12578944231176,7500,193558.49631316852,191736.82024986623,7500,N/A,N/A
7510,25.088726769041013,27.951479791032572,7510,193816.98902524408,191996.86920647338,7510,N/A,N/A
7520,25.220233747853786,26.037421902595256,7520,194074.1287433163,192253.913351691,7520,N/A,N/A
7530,26.028183287537072,25.209914250447458,7530,194331.69621977757,192516.1447878614,7530,N/A,N/A
7540,25.274135056140214,25.641624816516877,7540,194588.41123812486,192770.49523036196,7540,N/A,N/A
7550,25.251426561940495,27.011181281153274,7550,194848.37272853812,193034.86572321196,7550,N/A,N/A
7560,25.16731529119966,26.266415615584545,7560,195105.96862007145,193298.190856417,7560,N/A,N/A
7570,26.68400019226089,26.816320899624255,7570,195362.30678462153,193555.66521010763,7570,N/A,N/A
7580,25.87711730470274,25.14651984545168,7580,195623.53967466168,193811.27404305042,7580,N/A,N/A
7590,28.363136038144454,25.089504869325367,7590,195881.5462756988,194066.43400354567,7590,N/A,N/A
7600,26.78463342809169,25.158437338269543,7600,196137.80580503296,194320.47743681484,7600,N/A,N/A
7610,28.48919742596117,26.49516988263998,7610,196397.30759032702,194584.1954777533,7610,N/A,N/A
7620,26.71620882269772,25.208747613485272,7620,196656.98217304825,194838.82674936208,7620,N/A,N/A
7630,25.095640039859603,25.045744894614955,7630,196911.97770472764,195092.7050082011,7630,N/A,N/A
7640,25.101849055565616,26.598962150912364,7640,197174.5564121536,195350.79300153977,7640,N/A,N/A
7650,30.871116541797832,25.90619403900873,7650,197436.9065379672,195608.97421655306,7650,N/A,N/A
7660,25.134171541427115,26.278550359289635,7660,197693.75396153503,195868.70563983562,7660,N/A,N/A
7670,26.10763573579145,25.115846283861053,7670,197950.96315217626,196124.8580892467,7670,N/A,N/A
7680,25.530598585039844,25.08928073557475,7680,198212.5059133346,196384.65128360968,7680,N/A,N/A
7690,25.152121672788954,25.233110144166954,7690,198468.63141507623,196640.15499204776,7690,N/A,N/A
7700,25.089344801886128,27.640298564901794,7700,198723.6912248832,196897.29330722315,7700,N/A,N/A
7710,26.351619053801162,25.124777679794494,7710,198982.50472511977,197157.15598559985,7710,N/A,N/A
7720,25.300359349938006,25.61773772588331,7720,199239.2006185201,197414.40081047252,7720,N/A,N/A
7730,25.26697412123105,25.21138498359201,7730,199496.19417735244,197670.7724276262,7730,N/A,N/A
7740,25.20970089912539,26.462584440078313,7740,199759.98775241827,197928.5784041916,7740,N/A,N/A
7750,25.102316046028665,25.18621292400054,7750,200016.6051478123,198186.23496156943,7750,N/A,N/A
7760,25.841532241030215,25.089317240798614,7760,200272.09073117655,198440.46721368283,7760,N/A,N/A
7770,25.32864526593698,25.09140742822424,7770,200528.32383089175,198694.34796063113,7770,N/A,N/A
7780,25.169331747649146,25.82183169946685,7780,200788.78332536703,198952.87122142393,7780,N/A,N/A
7790,25.175783982768397,25.676652620556073,7790,201045.521244163,199208.36016471157,7790,N/A,N/A
7800,25.216866795565785,25.700831947748828,7800,201304.54719958807,199466.60559207248,7800,N/A,N/A
7810,25.111324885937,26.1366251756817,7810,201565.99902569086,199723.30637239412,7810,N/A,N/A
7820,25.818696437264556,25.218294038808796,7820,201825.08357432194,199978.88221143105,7820,N/A,N/A
7830,25.23896929384212,25.088891861927422,7830,202079.45326751017,200234.01445700717,7830,N/A,N/A
7840,25.729995107651792,25.33875687360448,7840,202343.91883650946,200490.41722666708,7840,N/A,N/A
7850,25.385860483736298,26.13099941553398,7850,202598.93146218383,200745.248838361,7850,N/A,N/A
7860,26.08038654181847,25.83636980871989,7860,202853.2049789441,201008.6197969053,7860,N/A,N/A
7870,25.114728028829145,25.094814781434213,7870,203109.935113556,201275.55428589304,7870,N/A,N/A
7880,25.751033273830284,25.918981161113614,7880,203368.30278109232,201531.64724025351,7880,N/A,N/A
7890,25.422378906504303,25.624449050348147,7890,203623.28766537277,201785.28426178748,7890,N/A,N/A
7900,25.114020315947045,25.646992409104886,7900,203883.07957754005,202044.21733151365,7900,N/A,N/A
7910,25.71943701210473,25.557833394496114,7910,204137.14142737974,202301.22715156816,7910,N/A,N/A
7920,25.100079716315435,25.060976975804707,7920,204393.27136665068,202557.10963146863,7920,N/A,N/A
7930,25.133393045455044,25.08878471891182,7930,204651.4817991008,202819.14368786337,7930,N/A,N/A
7940,26.885223387318415,26.158639818848577,7940,204912.28020568946,203074.309516449,7940,N/A,N/A
7950,25.759417110449796,25.12474830440424,7950,205173.1937480941,203333.49404979142,7950,N/A,N/A
7960,25.273422022128887,25.134752758399724,7960,205430.18331406126,203593.847915575,7960,N/A,N/A
7970,27.0333316903951,26.498741135112873,7970,205688.1249517714,203852.23278672545,7970,N/A,N/A
7980,25.59283885760889,25.120219615458197,7980,205945.68902043178,204110.77376359946,7980,N/A,N/A
7990,26.818298242480644,25.72322781505655,7990,206204.6997324254,204364.23580893548,7990,N/A,N/A
8000,25.79023078074929,25.0889164792504,8000,206459.2214218863,204618.67897658588,8000,N/A,N/A
8010,25.227562399045944,25.628304260425697,8010,206719.31338126244,204875.44525297667,8010,N/A,N/A
8020,25.103465846899784,25.32619982511839,8020,206985.87816622574,205131.28624807933,8020,N/A,N/A
8030,26.343675695822874,26.455990730069406,8030,207242.3384789781,205390.10837897478,8030,N/A,N/A
8040,25.344188956085898,25.110394158533893,8040,207497.55338867352,205644.53281865743,8040,N/A,N/A
8050,25.295930181130245,25.123684342996466,8050,207754.640810098,205899.18080548136,8050,N/A,N/A
8060,25.206341057203097,25.482042116312876,8060,208010.34620702278,206156.79834037018,8060,N/A,N/A
8070,26.075058345015897,26.05116277528228,8070,208269.1517798333,206414.2049905773,8070,N/A,N/A
8080,26.137140508139233,25.58615205009458,8080,208527.1040026919,206670.76396296397,8080,N/A,N/A
8090,25.228826782253524,25.13860332850473,8090,208783.00444223656,206926.8064654739,8090,N/A,N/A
8100,25.243273598520407,25.219087872256758,8100,209040.52264980148,207186.10462170927,8100,N/A,N/A
8110,25.611402719737875,25.11884954639882,8110,209299.92433625367,207443.85925954452,8110,N/A,N/A
8120,25.72528858009564,25.235826852361168,8120,209554.95792642576,207698.02521592,8120,N/A,N/A
8130,25.397170887805547,26.501111654614153,8130,209811.1348528403,207962.5751542324,8130,N/A,N/A
8140,28.83664988652445,25.110782384433243,8140,210071.90796853366,208217.71165679314,8140,N/A,N/A
8150,25.169368938569477,25.46052298843002,8150,210328.5094982425,208473.47185511436,8150,N/A,N/A
8160,25.227245919412898,25.343739212605804,8160,210585.9038610917,208730.57468167535,8160,N/A,N/A
8170,25.137587237792907,25.505472425119326,8170,210838.9175967119,208990.9394841062,8170,N/A,N/A
8180,25.727195725626256,25.1065902465155,8180,211095.17969937075,209250.12454113824,8180,N/A,N/A
8190,26.399304339910834,27.449373150383558,8190,211355.04243349485,209506.96761224628,8190,N/A,N/A
8200,25.528800555111847,27.571911172629026,8200,211615.08876826643,209767.67861467905,8200,N/A,N/A
8210,25.114141577015324,27.957455515305615,8210,211869.43744909458,210027.8669510589,8210,N/A,N/A
8220,25.09011192814644,25.909574966410418,8220,212124.7319415914,210286.4661591107,8220,N/A,N/A
8230,25.15956748102646,25.078133181028043,8230,212385.12047178217,210542.29073820333,8230,N/A,N/A
8240,25.107950931103062,26.034652503915453,8240,212639.8306803457,210796.1326576318,8240,N/A,N/A
8250,25.20483599305581,25.745458597143756,8250,212897.0255622694,211053.43388548295,8250,N/A,N/A
8260,25.521678087165753,27.450931415861678,8260,213152.40332174342,211309.13211285378,8260,N/A,N/A
8270,25.609581851647807,25.208496747752683,8270,213409.073768236,211567.34500828708,8270,N/A,N/A
8280,25.15900164782408,25.217684943336636,8280,213668.1746933766,211826.57723625214,8280,N/A,N/A
8290,25.68563986144472,25.152153770835326,8290,213924.0040196874,212079.89207630797,8290,N/A,N/A
8300,25.531171656591614,25.980576105962463,8300,214186.8641120063,212339.1085872026,8300,N/A,N/A
8310,26.84297094273327,25.123458517633072,8310,214445.45455481135,212600.5644049456,8310,N/A,N/A
8320,26.04140610430579,25.12784625464475,8320,214700.86150446004,212853.41887328943,8320,N/A,N/A
8330,25.690781244783548,25.348645873235395,8330,214957.79397071656,213106.448051224,8330,N/A,N/A
8340,25.089581740766302,26.227096825533085,8340,215217.39970368298,213362.44997320243,8340,N/A,N/A
8350,25.09554674714395,30.091861417100173,8350,215470.12292802616,213620.4739166052,8350,N/A,N/A
8360,25.098542655835605,25.22497649066443,8360,215726.69437810688,213875.9657280544,8360,N/A,N/A
8370,29.032643033209226,25.043158792411067,8370,215990.49896748379,214132.0142971496,8370,N/A,N/A
8380,25.598994561301403,25.111395613369183,8380,216248.7248546102,214385.71694544016,8380,N/A,N/A
8390,25.095497069010513,26.01794785906796,8390,216505.67265199716,214642.92757118537,8390,N/A,N/A
8400,27.040753016207315,25.208691852173896,8400,216766.4072575747,214901.1923884831,8400,N/A,N/A
8410,25.089974820701258,27.354789663068217,8410,217026.9067900449,215157.22715947838,8410,N/A,N/A
8420,25.135276093500675,25.99984047172772,8420,217283.57236846074,215420.69473693756,8420,N/A,N/A
8430,25.11009214341321,25.087323772121607,8430,217539.22918599093,215677.10360480103,8430,N/A,N/A
8440,25.090789546247702,25.627542485924447,8440,217793.71596144268,215935.79885608528,8440,N/A,N/A
8450,25.10128992365345,26.907080570428118,8450,218048.2150433181,216195.62852126852,8450,N/A,N/A
8460,25.73003061263411,27.366453803304232,8460,218308.52190335796,216451.85183612243,8460,N/A,N/A
8470,25.403784145006895,25.589808285279116,8470,218564.5113446025,216709.5070811291,8470,N/A,N/A
8480,25.45919375363406,25.741995283295648,8480,218828.47968599325,216965.2975671678,8480,N/A,N/A
8490,25.758593777201916,25.16540307239921,8490,219085.40916780237,217221.93644645571,8490,N/A,N/A
8500,26.71134774645181,25.51028836805493,8500,219342.5222711081,217477.66461298044,8500,N/A,N/A
8510,25.18743214730937,25.249885159200936,8510,219600.3016604238,217732.98946367652,8510,N/A,N/A
8520,25.119757877543446,25.156981342328905,8520,219858.32220120364,217987.15918021323,8520,N/A,N/A
8530,25.09583048036318,26.605156852115353,8530,220120.3792464704,218247.1582302079,8530,N/A,N/A
8540,25.088824720439117,26.457199181029598,8540,220373.4991179163,218503.68352501694,8540,N/A,N/A
8550,25.09633712754961,25.32502010255021,8550,220635.08461873935,218757.4652690906,8550,N/A,N/A
8560,25.148665112213873,27.650197119396704,8560,220894.23711692297,219017.29238761886,8560,N/A,N/A
8570,25.445410223109537,25.953838073789612,8570,221157.97190778772,219277.7639881445,8570,N/A,N/A
8580,26.00999348670092,30.841540157099352,8580,221413.43592095966,219538.13525941627,8580,N/A,N/A
8590,25.12329707783642,25.09560252019642,8590,221672.62871742103,219792.5718041631,8590,N/A,N/A
8600,25.804129957412112,25.627540959203298,8600,221928.4616378387,220050.31120864328,8600,N/A,N/A
8610,27.70929622511448,25.527647345389003,8610,222188.23884835752,220307.96298672401,8610,N/A,N/A
8620,25.092026267315077,26.382223872125593,8620,222445.51183040524,220568.72459975263,8620,N/A,N/A
8630,28.702386831782277,25.57708318382751,8630,222710.82095998133,220822.12852095085,8630,N/A,N/A
8640,25.112060876900674,25.099885146744967,8640,222969.05838296132,221076.3863356074,8640,N/A,N/A
8650,25.23263706214692,25.115243273688083,8650,223224.45971896691,221338.60747363808,8650,N/A,N/A
8660,25.2482924335817,25.927682802898335,8660,223483.91307382347,221596.52790156394,8660,N/A,N/A
8670,27.97064904541313,25.205208814908296,8670,223748.74637716115,221860.42235905348,8670,N/A,N/A
8680,25.097284584440914,25.238868909422454,8680,224003.6230857448,222129.29018235728,8680,N/A,N/A
8690,25.134227829047084,25.59607506618475,8690,224263.3488264439,222382.59022524973,8690,N/A,N/A
8700,25.967575200193885,25.150406687593136,8700,224520.182348592,222649.6040806885,8700,N/A,N/A
8710,25.27285721388188,26.858534276193488,8710,224780.54088496105,222908.13778186496,8710,N/A,N/A
8720,25.94434426812636,25.546426296578996,8720,225039.6893497389,223167.32617753473,8720,N/A,N/A
8730,26.473558640291778,27.038891701137967,8730,225298.30369554603,223422.27970277594,8730,N/A,N/A
8740,25.184501574641647,26.141982268844643,8740,225556.70887228983,223686.75888938154,8740,N/A,N/A
8750,25.322229465492853,26.07110582805755,8750,225814.02853248725,223942.8312154058,8750,N/A,N/A
8760,25.488463599921175,25.08768083484893,8760,226074.6564202007,224205.25824662493,8760,N/A,N/A
8770,25.347852636235565,25.107363416596318,8770,226336.99324399873,224459.44720216596,8770,N/A,N/A
8780,26.370535356891185,25.131464659156794,8780,226591.81433023166,224715.89068620044,8780,N/A,N/A
8790,25.127670893707727,26.24020623736182,8790,226849.33260725328,224975.7507741583,8790,N/A,N/A
8800,25.820549894941912,26.774776666253498,8800,227107.82744070212,225238.4412365405,8800,N/A,N/A
8810,25.609564175684124,25.55017670307602,8810,227364.8861873531,225491.08096190498,8810,N/A,N/A
8820,25.45428020374793,27.040092442387117,8820,227624.29975844495,225749.73440587302,8820,N/A,N/A
8830,25.50515477787311,25.333361295267313,8830,227878.28831339732,226006.1755393943,8830,N/A,N/A
8840,25.98865444647696,25.575579125035688,8840,228133.9980472394,226263.4162777998,8840,N/A,N/A
8850,25.0970851665847,25.061904138762195,8850,228389.63018164804,226525.2255767815,8850,N/A,N/A
8860,25.46348899221445,27.08370825951791,8860,228644.43292536974,226783.93868977405,8860,N/A,N/A
8870,28.07599174200705,25.274446056241057,8870,228904.1620321537,227040.5922079395,8870,N/A,N/A
8880,26.83045239002426,25.122966664060026,8880,229171.90865100076,227295.33782699556,8880,N/A,N/A
8890,25.924268307131964,26.022335116178223,8890,229430.28166272488,227561.15516810748,8890,N/A,N/A
8900,25.502994204714113,25.920249902441636,8900,229686.88565812795,227818.4160189461,8900,N/A,N/A
8910,27.14454850450105,25.095467261335855,8910,229946.57874629722,228077.36751326392,8910,N/A,N/A
8920,25.109909025653238,25.23680427001651,8920,230213.701581821,228336.34468295082,8920,N/A,N/A
8930,25.549798631320005,25.234723318145033,8930,230471.1928321625,228589.9247895966,8930,N/A,N/A
8940,25.72057279423263,25.236335789160332,8940,230733.58022743778,228851.35726492244,8940,N/A,N/A
8950,25.1868401963245,25.166703052337503,8950,230986.24467784067,229106.16335449737,8950,N/A,N/A
8960,26.37858512033665,25.106041128267822,8960,231245.18948772686,229367.03602056412,8960,N/A,N/A
8970,27.234650702741735,25.42720181364134,8970,231502.2751708384,229625.18779973037,8970,N/A,N/A
8980,25.107359640082265,25.673975412014162,8980,231756.28960285697,229881.8155573549,8980,N/A,N/A
8990,25.158757031607827,25.169255951842057,8990,232013.78722738713,230146.1075848917,8990,N/A,N/A
9000,25.638371086808842,25.091746553086704,9000,232275.50198486858,230410.41466271642,9000,N/A,N/A
9010,25.359464083435693,25.261819806616877,9010,232536.13419760863,230666.60149083973,9010,N/A,N/A
9020,25.470351731412368,25.659998907425916,9020,232798.71794670337,230924.63859245245,9020,N/A,N/A
9030,25.08887607380497,25.300953202528582,9030,233057.1778825549,231179.68237728238,9030,N/A,N/A
9040,25.764328333723324,25.61898664424996,9040,233319.35137016446,231439.44209866624,9040,N/A,N/A
9050,25.140729409391774,25.12146029903401,9050,233580.60311973738,231694.0931416032,9050,N/A,N/A
9060,25.788015943113034,25.271242533404262,9060,233838.4154980782,231952.06970042788,9060,N/A,N/A
9070,28.918736948566107,25.541187013431628,9070,234102.5828106616,232213.01593513016,9070,N/A,N/A
9080,25.243681315657906,26.069619555603992,9080,234364.06102460987,232468.23118022655,9080,N/A,N/A
9090,25.115985478766206,25.325504715670306,9090,234618.97551382595,232724.92893731318,9090,N/A,N/A
9100,25.890562559594734,25.423049155131103,9100,234877.74053469626,232982.58435811388,9100,N/A,N/A
9110,25.66122319179917,25.848426932496334,9110,235136.17573831324,233241.74119499113,9110,N/A,N/A
9120,25.395510252407593,25.172491859503857,9120,235394.02738221962,233499.14486068737,9120,N/A,N/A
9130,25.984639999998567,25.19854188872362,9130,235651.35663364097,233753.17795322498,9130,N/A,N/A
9140,25.088963809811187,25.276490103192295,9140,235910.17039980035,234008.83644376806,9140,N/A,N/A
9150,25.639659573784677,25.208242557036453,9150,236167.42684268544,234266.07658213613,9150,N/A,N/A
9160,25.225557564184474,25.095548539426847,9160,236422.90653352006,234521.99262958826,9160,N/A,N/A
9170,25.42331552608035,25.10533540732382,9170,236682.53185960933,234779.20721361905,9170,N/A,N/A
9180,25.317594921885277,25.097227655145677,9180,236946.9208111678,235034.07030084016,9180,N/A,N/A
9190,25.119546381555427,25.259103738826333,9190,237200.19564997684,235290.86881278022,9190,N/A,N/A
9200,25.280684489730604,25.372902256155527,9200,237454.47368329598,235545.58503975152,9200,N/A,N/A
9210,25.604048615108024,27.885022604547647,9210,237710.90762356282,235803.41881187787,9210,N/A,N/A
9220,25.151786278712898,25.499417116501185,9220,237967.7274461745,236063.5670758191,9220,N/A,N/A
9230,26.109890737596327,25.28217827577846,9230,238221.51144678742,236319.33784978767,9230,N/A,N/A
9240,25.43194902472535,26.749243620523206,9240,238478.75185138625,236574.66996669743,9240,N/A,N/A
9250,25.110369631881213,25.116485244176893,9250,238737.56752408887,236836.86043073458,9250,N/A,N/A
9260,25.74033276751099,25.137886661379206,9260,239002.3040876607,237089.75735045545,9260,N/A,N/A
9270,25.099662175603072,26.934577068874397,9270,239258.14841880059,237347.1788930109,9270,N/A,N/A
9280,25.741882366038226,26.2502482743422,9280,239516.05996434882,237600.52247419226,9280,N/A,N/A
9290,25.337351140663674,26.315071641416626,9290,239777.4360987827,237856.37642985323,9290,N/A,N/A
9300,26.580716723544082,25.527967898686907,9300,240031.83933111405,238117.70682650688,9300,N/A,N/A
9310,25.094648563303544,27.547323759463815,9310,240287.67549742942,238376.60871448825,9310,N/A,N/A
9320,25.105290504036013,25.04740139435531,9320,240544.59175683343,238646.5975588253,9320,N/A,N/A
9330,25.26253232875564,25.659143477664283,9330,240804.88942380052,238902.34616349437,9330,N/A,N/A
9340,26.19254435409195,27.473069144960004,9340,241062.8113727587,239159.30196101117,9340,N/A,N/A
9350,25.088920594928005,25.20631270692881,9350,241319.31627724908,239412.86197987932,9350,N/A,N/A
9360,25.094534165795114,25.800696528415063,9360,241578.13631148686,239672.60248954504,9360,N/A,N/A
9370,25.890108760600146,25.546188083184433,9370,241840.57924797726,239926.98069656402,9370,N/A,N/A
9380,26.52671230946417,25.09334605657467,9380,242097.54321272453,240184.5831886662,9380,N/A,N/A
9390,25.670103946619683,25.08864187120633,9390,242354.36184608616,240442.19907767457,9390,N/A,N/A
9400,25.160776529423813,26.955994045989595,9400,242608.79948605516,240698.03439232215,9400,N/A,N/A
9410,25.08883774292678,25.56233617329296,9410,242874.0120915728,240953.43613182424,9410,N/A,N/A
9420,25.165726413121792,26.773832006980335,9420,243132.35094117478,241211.51176127943,9420,N/A,N/A
9430,25.09092296022821,26.17908074497559,9430,243398.15326701023,241478.91917830997,9430,N/A,N/A
9440,26.985720593963194,25.296626579461208,9440,243653.7731614303,241736.8704713309,9440,N/A,N/A
9450,25.122123869807247,25.432075178891175,9450,243905.68702725362,241991.9897261769,9450,N/A,N/A
9460,25.427450909939846,25.39900342919436,9460,244160.25321430323,242246.76658928933,9460,N/A,N/A
9470,26.726921413313338,25.123967465029196,9470,244419.88509466557,242503.57259807884,9470,N/A,N/A
9480,25.5053947677256,25.1897767850068,9480,244678.483649034,242759.58532270062,9480,N/A,N/A
9490,25.27593233545332,25.612232119301215,9490,244935.03014019108,243015.33406434793,9490,N/A,N/A
9500,25.649777177059807,25.20423010114253,9500,245195.27966301428,243272.45600845286,9500,N/A,N/A
9510,26.319592927816213,28.836692513102886,9510,245451.3535491946,243535.2859648934,9510,N/A,N/A
9520,25.860719789371515,25.159852122907573,9520,245712.32717455554,243792.13108253368,9520,N/A,N/A
9530,25.308735969177192,25.130350009479187,9530,245974.29934036534,244054.18365020628,9530,N/A,N/A
9540,25.089626948507103,25.284054557514732,9540,246230.73511620154,244309.90612823103,9540,N/A,N/A
9550,25.151032745716943,25.04727185882681,9550,246485.05948403841,244565.47322101658,9550,N/A,N/A
9560,33.63030285491449,25.43131433410998,9560,246750.59472657787,244824.2325001648,9560,N/A,N/A
9570,27.226861558492473,26.029028914502657,9570,247007.91568259048,245086.20762271917,9570,N/A,N/A
9580,25.24416382117909,25.474778602034668,9580,247264.91683316982,245341.83887809882,9580,N/A,N/A
9590,25.518212522100377,25.201733032678458,9590,247519.32899452015,245604.07733892553,9590,N/A,N/A
9600,25.319109997108217,25.103318846283198,9600,247782.50943568847,245859.39405084265,9600,N/A,N/A
9610,27.364080532234336,25.13164420151922,9610,248048.28467501013,246117.3643193997,9610,N/A,N/A
9620,25.3671841744158,27.733053289294418,9620,248301.73253431494,246375.04198455877,9620,N/A,N/A
9630,25.151556992856513,25.947110735440333,9630,248555.63658199523,246632.44940175305,9630,N/A,N/A
9640,25.123277458013494,25.22713613075828,9640,248811.9234008863,246887.82338754457,9640,N/A,N/A
9650,25.748253732251374,25.16687546031138,9650,249071.76900621213,247145.43691887168,9650,N/A,N/A
9660,25.088748267866077,25.273728931719916,9660,249330.16982527878,247401.35541295796,9660,N/A,N/A
9670,25.312759920638356,27.9660701971673,9670,249590.28577901184,247656.81349770346,9670,N/A,N/A
9680,27.987452034238444,25.384832917311826,9680,249849.4005535104,247912.70952272366,9680,N/A,N/A
9690,25.23298698661141,27.766332529870986,9690,250102.49348226914,248169.42505449953,9690,N/A,N/A
9700,25.634931152481908,26.992093139684975,9700,250361.06182199257,248428.7148237898,9700,N/A,N/A
9710,25.088920435202645,25.0628789605994,9710,250618.17642701353,248683.03135539967,9710,N/A,N/A
9720,26.542531779496525,25.185943409295188,9720,250877.35261571576,248936.872157679,9720,N/A,N/A
9730,25.19371933698936,25.07987741148216,9730,251134.1221153672,249189.48206409448,9730,N/A,N/A
9740,25.13032736863609,25.09107124077219,9740,251389.7054746267,249446.55655821282,9740,N/A,N/A
9750,25.313745043314288,25.935152324169124,9750,251644.5187529763,249704.17472889234,9750,N/A,N/A
9760,25.348017451433815,27.65132217518087,9760,251900.4624049875,249962.278106956,9760,N/A,N/A
9770,25.092621931294886,25.151973997816615,9770,252156.49011198705,250225.9301348225,9770,N/A,N/A
9780,25.220813452360538,25.25914288289631,9780,252416.11225210302,250481.14156677353,9780,N/A,N/A
9790,25.157672220039224,25.112321966534697,9790,252674.25382639808,250737.22123479148,9790,N/A,N/A
9800,25.120299167951575,25.042301488633218,9800,252931.01575845268,250993.2183549442,9800,N/A,N/A
9810,25.09557636083752,25.19722058228646,9810,253184.14773469974,251247.38728808638,9810,N/A,N/A
9820,25.252921337537174,25.55074594953546,9820,253446.89550660536,251502.98427969267,9820,N/A,N/A
9830,25.139954817830095,27.613573384302974,9830,253705.50029294813,251760.01566613343,9830,N/A,N/A
9840,25.089846824437807,27.14186281717132,9840,253965.7774359009,252018.86845156696,9840,N/A,N/A
9850,27.645669287000665,25.73538134917117,9850,254226.28978303718,252278.2618263655,9850,N/A,N/A
9860,25.09063900387326,25.31687920739545,9860,254481.22642063102,252538.0751911908,9860,N/A,N/A
9870,26.428317374608067,25.302176133631473,9870,254742.53185517044,252795.5389255659,9870,N/A,N/A
9880,26.272092726802104,25.905111298176593,9880,254998.0648852122,253058.18436042455,9880,N/A,N/A
9890,27.566939829248575,27.053934758229502,9890,255258.83213809968,253320.73012992615,9890,N/A,N/A
9900,27.38603747582885,25.115611815618365,9900,255519.57999077966,253580.94949601963,9900,N/A,N/A
9910,25.09132053620425,25.225997068597344,9910,255774.48548747195,253836.11628852456,9910,N/A,N/A
9920,25.2512923313936,25.167285360208346,9920,256031.75133197763,254100.02135798163,9920,N/A,N/A
9930,25.88851423173653,25.160839941826467,9930,256290.36043035754,254356.21669565848,9930,N/A,N/A
9940,25.149971083335082,25.090865119391765,9940,256546.63020699914,254610.46825810504,9940,N/A,N/A
9950,25.836931819630394,25.299852168825375,9950,256805.94458538943,254867.24602679428,9950,N/A,N/A
9960,26.90619568728905,25.120991047677872,9960,257062.72957879756,255125.53249956827,9960,N/A,N/A
9970,25.33532108468861,25.796325089037193,9970,257322.45416458152,255385.28032139374,9970,N/A,N/A
9980,25.128476420958684,25.102356871367583,9980,257576.70401960594,255641.2551445889,9980,N/A,N/A
9990,26.680267973015606,25.127960254541364,9990,257833.35759374217,255900.25996306352,9990,N/A,N/A
10000,26.677602226173992,25.157909949558334,10000,258093.7786642116,256157.07207753777,10000,N/A,N/A
