Time,pX,pY,pZ,pX*,pY*,amino,DNA-Y,DNA-Z,DNA-Z_X*,DNA-Z_X*_Y*,DNA-Y_X*,Sx,Sy
0,100,0,0,0,0,1000000,1,1,0,0,0,0,0
100,100,0,0,0,0,1000000,1,1,0,0,0,0,0
200,100,0,0,0,0,1000000,1,1,0,0,0,0,0
300,100,0,0,0,0,1000000,1,1,0,0,0,0,0
400,100,0,0,0,0,1000000,1,1,0,0,0,0,0
500,100,0,0,0,0,1000000,1,1,0,0,0,0,0
600,100,0,0,0,0,1000000,1,1,0,0,0,0,0
700,100,0,0,0,0,1000000,1,1,0,0,0,0,0
800,100,0,0,0,0,1000000,1,1,0,0,0,0,0
900,100,0,0,0,0,1000000,1,1,0,0,0,0,0
1000,100,0,0,0,0,1000000,1,1,0,0,0,0,0
1100,100,0,0,0,0,1000000,1,1,0,0,0,0,0
1200,100,0,0,0,0,1000000,1,1,0,0,0,0,0
1300,100,0,0,0,0,1000000,1,1,0,0,0,0,0
1400,100,0,0,0,0,1000000,1,1,0,0,0,0,0
1500,100,0,0,0,0,1000000,1,1,0,0,0,0,0
1600,100,0,0,0,0,1000000,1,1,0,0,0,0,0
1700,100,0,0,0,0,1000000,1,1,0,0,0,0,0
1800,100,0,0,0,0,1000000,1,1,0,0,0,0,0
1900,100,0,0,0,0,1000000,1,1,0,0,0,0,0
2000,100,0,0,0,0,1000000,1,1,0,0,0,0,0
2100,100,0,0,0,0,1000000,1,1,0,0,0,0,0
2200,100,0,0,0,0,1000000,1,1,0,0,0,0,0
2300,100,0,0,0,0,1000000,1,1,0,0,0,0,0
2400,100,0,0,0,0,1000000,1,1,0,0,0,0,0
2500,100,0,0,0,0,1000000,1,1,0,0,0,0,0
2600,100,0,0,0,0,1000000,1,1,0,0,0,0,0
2700,100,0,0,0,0,1000000,1,1,0,0,0,0,0
2800,100,0,0,0,0,1000000,1,1,0,0,0,0,0
2900,100,0,0,0,0,1000000,1,1,0,0,0,0,0
3000,100,0,0,0,0,1000000,1,1,0,0,0,0,0
3100,100,0,0,0,0,1000000,1,1,0,0,0,0,0
3200,100,0,0,0,0,1000000,1,1,0,0,0,0,0
3300,100,0,0,0,0,1000000,1,1,0,0,0,0,0
3400,100,0,0,0,0,1000000,1,1,0,0,0,0,0
3500,100,0,0,0,0,1000000,1,1,0,0,0,0,0
3600,100,0,0,0,0,1000000,1,1,0,0,0,0,0
3700,100,0,0,0,0,1000000,1,1,0,0,0,0,0
3800,100,0,0,0,0,1000000,1,1,0,0,0,0,0
3900,100,0,0,0,0,1000000,1,1,0,0,0,0,0
4000,100,0,0,0,0,1000000,1,1,0,0,0,0,0
4100,100,0,0,0,0,1000000,1,1,0,0,0,0,0
4200,100,0,0,0,0,1000000,1,1,0,0,0,0,0
4300,100,0,0,0,0,1000000,1,1,0,0,0,0,0
4400,100,0,0,0,0,1000000,1,1,0,0,0,0,0
4500,100,0,0,0,0,1000000,1,1,0,0,0,0,0
4600,100,0,0,0,0,1000000,1,1,0,0,0,0,0
4700,100,0,0,0,0,1000000,1,1,0,0,0,0,0
4800,100,0,0,0,0,1000000,1,1,0,0,0,0,0
4900,100,0,0,0,0,1000000,1,1,0,0,0,0,0
5000,100,0,0,0,0,1000000,1,1,0,0,0,100,0
5100,99,0,0,1,0,1000000,1,1,0,0,0,99,0
5200,97,0,0,3,0,1000000,1,1,0,0,0,97,0
5300,97,0,0,3,0,1000000,1,1,0,0,0,97,0
5400,96,0,0,4,0,1000000,1,1,0,0,0,96,0
5500,96,0,0,4,0,1000000,1,1,0,0,0,96,0
5600,96,0,0,4,0,1000000,1,1,0,0,0,96,0
5700,96,0,0,4,0,1000000,1,1,0,0,0,96,0
5800,95,0,0,5,0,1000000,1,1,0,0,0,95,0
5900,95,0,0,5,0,1000000,1,1,0,0,0,95,0
6000,94,1,0,6,0,999980,1,1,0,0,0,93,0
6100,92,1,0,8,0,999980,1,1,0,0,0,91,0
6200,92,1,0,8,0,999980,1,1,0,0,0,91,0
6300,90,1,0,10,0,999980,1,1,0,0,0,89,0
6400,90,1,0,10,0,999980,1,1,0,0,0,89,0
6500,90,1,0,10,0,999980,1,1,0,0,0,89,0
6600,88,1,0,12,0,999980,1,1,0,0,0,87,0
6700,86,1,0,14,0,999980,1,1,0,0,0,85,0
6800,84,1,0,16,0,999980,1,1,0,0,0,83,0
6900,83,1,0,17,0,999980,1,1,0,0,0,82,0
7000,83,1,0,17,0,999980,1,1,0,0,0,82,0
7100,83,1,0,17,0,999980,1,1,0,0,0,82,0
7200,82,1,0,18,0,999980,1,1,0,0,0,81,0
7300,82,1,0,18,0,999980,1,1,0,0,0,81,0
7400,82,1,0,18,0,999980,1,1,0,0,0,81,0
7500,84,3,0,16,0,999940,1,1,0,0,0,81,0
7600,82,3,0,18,0,999940,1,1,0,0,0,79,0
7700,82,3,0,18,0,999940,1,1,0,0,0,79,0
7800,81,3,0,19,0,999940,1,1,0,0,0,78,0
7900,80,3,0,20,0,999940,1,1,0,0,0,77,0
8000,79,3,0,21,0,999940,1,1,0,0,0,76,0
8100,78,3,0,22,0,999940,1,1,0,0,0,75,0
8200,76,3,0,24,0,999940,1,1,0,0,0,73,0
8300,76,3,0,24,0,999940,1,1,0,0,0,73,0
8400,75,3,0,25,0,999940,1,1,0,0,0,72,0
8500,75,3,0,25,0,999940,1,1,0,0,0,72,0
8600,77,5,0,23,0,999900,1,1,0,0,0,72,0
8700,76,5,0,24,0,999900,1,1,0,0,0,71,0
8800,75,5,0,25,0,999900,1,1,0,0,0,70,0
8900,73,6,0,27,0,999880,1,1,0,0,0,67,0
9000,72,6,0,28,0,999880,1,1,0,0,0,66,0
9100,72,6,0,28,0,999880,1,1,0,0,0,66,0
9200,72,6,0,28,0,999880,1,1,0,0,0,66,0
9300,72,6,0,28,0,999880,1,1,0,0,0,66,0
9400,71,6,0,29,0,999880,1,1,0,0,0,65,0
9500,70,6,0,30,0,999880,1,1,0,0,0,64,0
9600,69,6,0,31,0,999880,1,1,0,0,0,63,0
9700,70,7,0,30,0,999860,1,1,0,0,0,63,0
9800,69,7,0,31,0,999860,1,1,0,0,0,62,0
9900,70,10,0,30,0,999800,1,1,0,0,0,60,0
10000,69,11,0,31,0,999780,1,1,0,0,0,58,100
10100,69,12,0,31,0,999760,1,1,0,0,0,57,100
10200,69,12,0,31,0,999760,1,1,0,0,0,57,100
10300,68,12,0,32,0,999760,1,1,0,0,0,56,100
10400,67,12,0,33,0,999760,1,1,0,0,0,55,100
10500,66,12,0,34,0,999760,1,1,0,0,0,54,100
10600,65,13,0,35,0,999740,1,1,0,0,0,52,100
10700,65,13,0,35,0,999740,1,1,0,0,0,52,100
10800,64,13,0,36,0,999740,1,1,0,0,0,51,100
10900,64,14,0,36,0,999720,1,1,0,0,0,50,100
11000,64,14,0,36,0,999720,1,1,0,0,0,50,100
11100,64,13,0,36,1,999720,1,1,0,0,0,50,99
11200,64,13,0,36,1,999720,1,1,0,0,0,50,99
11300,64,13,0,36,1,999720,1,1,0,0,0,50,99
11400,64,13,0,35,1,999720,0,1,0,0,1,50,99
11500,65,14,0,35,1,999700,1,1,0,0,0,50,99
11600,66,14,0,34,2,999680,1,1,0,0,0,50,98
11700,67,15,1,33,1,999650,1,1,0,0,0,50,98
11800,68,16,2,32,0,999620,1,1,0,0,0,50,98
11900,69,17,2,31,0,999600,1,1,0,0,0,50,98
12000,68,17,2,32,0,999600,1,1,0,0,0,49,98
12100,68,17,2,32,0,999600,1,1,0,0,0,49,98
12200,68,17,2,32,0,999600,1,1,0,0,0,49,98
12300,69,18,2,31,0,999580,1,1,0,0,0,49,98
12400,69,18,2,31,0,999580,1,1,0,0,0,49,98
12500,68,18,2,32,0,999580,1,1,0,0,0,48,98
12600,68,19,2,32,0,999560,1,1,0,0,0,47,98
12700,69,20,2,31,0,999540,1,1,0,0,0,47,98
12800,69,20,2,31,0,999540,1,1,0,0,0,47,98
12900,70,21,2,30,0,999520,1,1,0,0,0,47,98
13000,69,21,2,31,0,999520,1,1,0,0,0,46,98
13100,69,21,2,31,0,999520,1,1,0,0,0,46,98
13200,68,21,2,32,0,999520,1,1,0,0,0,45,98
13300,68,21,2,32,0,999520,1,1,0,0,0,45,98
13400,69,22,2,31,0,999500,1,1,0,0,0,45,98
13500,69,21,2,31,1,999500,1,1,0,0,0,45,97
13600,69,22,2,31,1,999480,1,1,0,0,0,44,97
13700,69,22,2,31,1,999480,1,1,0,0,0,44,97
13800,69,22,2,31,1,999480,1,1,0,0,0,44,97
13900,70,24,3,30,0,999430,1,1,0,0,0,43,97
14000,71,24,4,29,0,999400,1,1,0,0,0,43,96
14100,71,24,4,29,0,999400,1,1,0,0,0,43,96
14200,71,24,4,29,0,999400,1,1,0,0,0,43,96
14300,71,24,4,29,0,999400,1,1,0,0,0,43,96
14400,72,25,4,28,0,999380,1,1,0,0,0,43,96
14500,72,25,4,28,0,999380,1,1,0,0,0,43,96
14600,72,25,4,28,0,999380,1,1,0,0,0,43,96
14700,72,25,4,28,0,999380,1,1,0,0,0,43,96
14800,72,25,4,28,0,999380,1,1,0,0,0,43,96
14900,72,25,4,28,0,999380,1,1,0,0,0,43,96
15000,72,25,4,28,0,999380,1,1,0,0,0,43,96
15100,72,25,4,28,0,999380,1,1,0,0,0,43,96
15200,73,26,4,27,0,999360,1,1,0,0,0,43,96
15300,73,26,4,27,0,999360,1,1,0,0,0,43,96
15400,73,26,4,27,0,999360,1,1,0,0,0,43,96
15500,74,27,4,26,0,999340,1,1,0,0,0,43,96
15600,74,27,4,26,0,999340,1,1,0,0,0,43,96
15700,74,27,4,26,0,999340,1,1,0,0,0,43,96
15800,74,26,4,26,1,999340,1,1,0,0,0,43,95
15900,74,26,4,26,1,999340,1,1,0,0,0,43,95
16000,73,26,4,27,1,999340,1,1,0,0,0,42,95
16100,73,26,4,27,1,999340,1,1,0,0,0,42,95
16200,71,26,4,29,1,999340,1,1,0,0,0,40,95
16300,71,25,4,29,2,999340,1,1,0,0,0,40,94
16400,73,28,5,27,1,999270,1,1,0,0,0,39,94
16500,74,29,6,26,0,999240,1,1,0,0,0,39,94
16600,74,29,6,26,0,999240,1,1,0,0,0,39,94
16700,74,30,6,26,0,999220,1,1,0,0,0,38,94
16800,74,30,6,26,0,999220,1,1,0,0,0,38,94
16900,73,30,6,27,0,999220,1,1,0,0,0,37,94
17000,75,32,6,25,0,999180,1,1,0,0,0,37,94
17100,74,31,6,26,1,999180,1,1,0,0,0,36,93
17200,74,32,7,26,0,999150,1,1,0,0,0,35,93
17300,73,32,7,27,0,999150,1,1,0,0,0,34,93
17400,72,32,7,28,0,999150,1,1,0,0,0,33,93
17500,72,32,7,28,0,999150,1,1,0,0,0,33,93
17600,72,33,7,28,0,999130,1,1,0,0,0,32,93
17700,71,33,7,29,0,999130,1,1,0,0,0,31,93
17800,71,32,7,29,1,999130,1,1,0,0,0,31,92
17900,71,30,7,29,3,999130,1,1,0,0,0,31,90
18000,71,31,8,29,2,999100,1,1,0,0,0,30,90
18100,71,31,8,29,2,999100,1,1,0,0,0,30,90
18200,71,31,8,29,2,999100,1,1,0,0,0,30,90
18300,71,31,8,29,2,999100,1,1,0,0,0,30,90
18400,74,34,9,26,1,999030,1,1,0,0,0,30,90
18500,74,34,9,26,1,999030,1,1,0,0,0,30,90
18600,74,34,9,26,1,999030,1,1,0,0,0,30,90
18700,74,34,9,26,1,999030,1,1,0,0,0,30,90
18800,74,34,9,26,1,999030,1,1,0,0,0,30,90
18900,73,34,9,27,1,999030,1,1,0,0,0,29,90
19000,73,34,9,27,1,999030,1,1,0,0,0,29,90
19100,73,33,9,27,2,999030,1,1,0,0,0,29,89
19200,73,32,9,27,3,999030,1,1,0,0,0,29,88
19300,73,32,9,27,3,999030,1,1,0,0,0,29,88
19400,72,32,9,28,3,999030,1,1,0,0,0,28,88
19500,72,31,9,28,4,999030,1,1,0,0,0,28,87
19600,73,32,10,27,3,999000,1,1,0,0,0,28,87
19700,73,32,10,27,3,999000,1,1,0,0,0,28,87
19800,75,33,11,25,3,998950,1,1,0,0,0,28,86
19900,75,32,11,25,4,998950,1,1,0,0,0,28,85
20000,76,33,12,24,3,998920,1,1,0,0,0,28,85
20100,76,34,13,24,2,998890,1,1,0,0,0,27,85
20200,76,34,13,24,2,998890,1,1,0,0,0,27,85
20300,75,33,13,25,3,998890,1,1,0,0,0,26,84
20400,75,33,13,25,3,998890,1,1,0,0,0,26,84
20500,75,33,13,25,3,998890,1,1,0,0,0,26,84
20600,75,33,13,25,3,998890,1,1,0,0,0,26,84
20700,75,33,13,25,3,998890,1,1,0,0,0,26,84
20800,75,33,13,25,3,998890,1,1,0,0,0,26,84
20900,76,33,14,24,3,998860,1,1,0,0,0,26,83
21000,77,34,14,23,3,998840,1,1,0,0,0,26,83
21100,76,34,14,24,3,998840,1,1,0,0,0,25,83
21200,76,34,14,24,3,998840,1,1,0,0,0,25,83
21300,76,35,15,24,2,998810,1,1,0,0,0,24,83
21400,76,35,15,24,2,998810,1,1,0,0,0,24,83
21500,76,36,16,24,1,998780,1,1,0,0,0,23,83
21600,76,35,16,24,2,998780,1,1,0,0,0,23,82
21700,77,36,16,23,2,998760,1,1,0,0,0,23,82
21800,77,36,16,23,2,998760,1,1,0,0,0,23,82
21900,78,37,16,22,2,998740,1,1,0,0,0,23,82
22000,78,37,16,22,2,998740,1,1,0,0,0,23,82
22100,78,37,16,22,2,998740,1,1,0,0,0,23,82
22200,78,36,16,22,3,998740,1,1,0,0,0,23,81
22300,79,36,17,21,3,998710,1,1,0,0,0,23,80
22400,79,36,17,21,3,998710,1,1,0,0,0,23,80
22500,81,38,19,19,1,998650,1,1,0,0,0,23,80
22600,81,38,19,19,1,998650,1,1,0,0,0,23,80
22700,82,39,19,18,1,998630,1,1,0,0,0,23,80
22800,82,38,19,18,2,998630,1,1,0,0,0,23,79
22900,82,38,19,18,2,998630,1,1,0,0,0,23,79
23000,82,37,19,18,3,998630,1,1,0,0,0,23,78
23100,82,36,19,18,4,998630,1,1,0,0,0,23,77
23200,82,36,19,18,4,998630,1,1,0,0,0,23,77
23300,81,36,19,19,4,998630,1,1,0,0,0,22,77
23400,80,35,19,20,5,998630,1,1,0,0,0,21,76
23500,80,35,19,20,5,998630,1,1,0,0,0,21,76
23600,81,35,20,19,5,998600,1,1,0,0,0,21,75
23700,82,35,20,18,6,998580,1,1,0,0,0,21,74
23800,85,38,23,15,3,998490,1,1,0,0,0,21,74
23900,86,39,24,14,2,998460,1,1,0,0,0,21,74
24000,86,38,24,14,3,998460,1,1,0,0,0,21,73
24100,86,38,25,14,3,998430,1,1,0,0,0,20,72
24200,86,38,25,14,3,998430,1,1,0,0,0,20,72
24300,85,38,25,15,3,998430,1,1,0,0,0,19,72
24400,85,38,25,15,3,998430,1,1,0,0,0,19,72
24500,85,38,25,15,3,998430,1,1,0,0,0,19,72
24600,86,39,26,14,2,998400,1,1,0,0,0,19,72
24700,86,39,27,14,2,998370,1,1,0,0,0,18,71
24800,86,39,27,14,2,998370,1,1,0,0,0,18,71
24900,86,39,27,14,2,998370,1,1,0,0,0,18,71
25000,86,39,27,14,2,998370,1,1,0,0,0,18,71
25100,86,39,27,14,2,998370,1,1,0,0,0,18,71
25200,86,38,27,14,3,998370,1,1,0,0,0,18,70
25300,86,38,27,14,3,998370,1,1,0,0,0,18,70
25400,87,38,28,13,3,998340,1,1,0,0,0,18,69
25500,86,38,28,14,3,998340,1,1,0,0,0,17,69
25600,85,39,29,15,2,998310,1,1,0,0,0,15,69
25700,85,39,29,15,2,998310,1,1,0,0,0,15,69
25800,85,39,29,15,2,998310,1,1,0,0,0,15,69
25900,85,39,29,15,2,998310,1,1,0,0,0,15,69
26000,86,40,30,14,1,998280,1,1,0,0,0,15,69
26100,86,39,30,14,2,998280,1,1,0,0,0,15,68
26200,86,39,30,14,2,998280,1,1,0,0,0,15,68
26300,86,39,30,14,2,998280,1,1,0,0,0,15,68
26400,87,40,31,13,1,998250,1,1,0,0,0,15,68
26500,87,40,31,13,1,998250,1,1,0,0,0,15,68
26600,87,40,31,13,1,998250,1,1,0,0,0,15,68
26700,87,40,31,13,1,998250,1,1,0,0,0,15,68
26800,87,39,31,13,2,998250,1,1,0,0,0,15,67
26900,86,39,31,14,2,998250,1,1,0,0,0,14,67
27000,87,40,32,13,1,998220,1,1,0,0,0,14,67
27100,87,41,32,13,1,998200,1,1,0,0,0,13,67
27200,86,39,32,14,3,998200,1,1,0,0,0,12,65
27300,86,39,32,14,3,998200,1,1,0,0,0,12,65
27400,88,41,34,12,1,998140,1,1,0,0,0,12,65
27500,87,41,34,13,1,998140,1,1,0,0,0,11,65
27600,87,41,34,13,1,998140,1,1,0,0,0,11,65
27700,87,41,34,13,1,998140,1,1,0,0,0,11,65
27800,87,41,34,13,1,998140,1,1,0,0,0,11,65
27900,88,41,35,12,1,998110,1,1,0,0,0,11,64
28000,87,41,35,13,1,998110,1,1,0,0,0,10,64
28100,88,42,36,12,0,998080,1,1,0,0,0,10,64
28200,88,42,36,12,0,998080,1,1,0,0,0,10,64
28300,88,41,36,12,1,998080,1,1,0,0,0,10,63
28400,88,41,36,12,1,998080,1,1,0,0,0,10,63
28500,87,41,36,13,1,998080,1,1,0,0,0,9,63
28600,88,41,37,12,1,998050,1,1,0,0,0,9,62
28700,88,40,37,12,2,998050,1,1,0,0,0,9,61
28800,89,41,38,11,1,998020,1,1,0,0,0,9,61
28900,89,41,38,11,1,998020,1,1,0,0,0,9,61
29000,88,41,38,12,1,998020,1,1,0,0,0,8,61
29100,87,41,38,13,1,998020,1,1,0,0,0,7,61
29200,87,40,38,13,2,998020,1,1,0,0,0,7,60
29300,87,40,38,13,2,998020,1,1,0,0,0,7,60
29400,87,40,38,13,2,998020,1,1,0,0,0,7,60
29500,88,41,39,12,1,997990,1,1,0,0,0,7,60
29600,88,41,39,12,1,997990,1,1,0,0,0,7,60
29700,88,40,39,12,2,997990,1,1,0,0,0,7,59
29800,88,40,39,12,2,997990,1,1,0,0,0,7,59
29900,88,40,39,12,2,997990,1,1,0,0,0,7,59
30000,88,40,39,12,2,997990,1,1,0,0,0,7,59
30100,88,40,39,12,2,997990,1,1,0,0,0,7,59
30200,89,41,40,11,1,997960,1,1,0,0,0,7,59
30300,89,41,40,11,1,997960,1,1,0,0,0,7,59
30400,89,41,40,11,1,997960,1,1,0,0,0,7,59
30500,90,42,41,10,0,997930,1,1,0,0,0,7,59
30600,90,42,41,10,0,997930,1,1,0,0,0,7,59
30700,90,42,41,10,0,997930,1,1,0,0,0,7,59
30800,90,42,41,10,0,997930,1,1,0,0,0,7,59
30900,90,42,41,10,0,997930,1,1,0,0,0,7,59
31000,90,42,41,10,0,997930,1,1,0,0,0,7,59
31100,90,42,41,10,0,997930,1,1,0,0,0,7,59
31200,90,42,41,10,0,997930,1,1,0,0,0,7,59
31300,90,42,41,10,0,997930,1,1,0,0,0,7,59
31400,90,42,41,10,0,997930,1,1,0,0,0,7,59
31500,90,41,41,10,1,997930,1,1,0,0,0,7,58
31600,90,41,41,10,1,997930,1,1,0,0,0,7,58
31700,90,40,41,10,2,997930,1,1,0,0,0,7,57
31800,90,39,41,10,3,997930,1,1,0,0,0,7,56
31900,90,39,41,10,3,997930,1,1,0,0,0,7,56
32000,90,39,41,10,3,997930,1,1,0,0,0,7,56
32100,90,39,41,10,3,997930,1,1,0,0,0,7,56
32200,90,38,41,10,4,997930,1,1,0,0,0,7,55
32300,90,38,41,10,4,997930,1,1,0,0,0,7,55
32400,91,39,42,9,3,997900,1,1,0,0,0,7,55
32500,91,39,42,9,3,997900,1,1,0,0,0,7,55
32600,93,41,43,7,2,997850,1,1,0,0,0,7,55
32700,93,41,43,7,2,997850,1,1,0,0,0,7,55
32800,93,39,43,7,4,997850,1,1,0,0,0,7,53
32900,93,37,43,7,6,997850,1,1,0,0,0,7,51
33000,93,37,43,7,6,997850,1,1,0,0,0,7,51
33100,95,39,45,5,4,997790,1,1,0,0,0,7,51
33200,95,38,45,5,5,997790,1,1,0,0,0,7,50
33300,95,38,45,5,5,997790,1,1,0,0,0,7,50
33400,96,39,46,4,4,997760,1,1,0,0,0,7,50
33500,97,40,47,3,3,997730,1,1,0,0,0,7,50
33600,97,40,47,3,3,997730,1,1,0,0,0,7,50
33700,97,40,47,3,3,997730,1,1,0,0,0,7,50
33800,97,40,47,3,3,997730,1,1,0,0,0,7,50
33900,97,40,47,3,3,997730,1,1,0,0,0,7,50
34000,97,39,47,3,4,997730,1,1,0,0,0,7,49
34100,97,39,47,3,4,997730,1,1,0,0,0,7,49
34200,97,39,47,3,4,997730,1,1,0,0,0,7,49
34300,97,39,47,3,4,997730,1,1,0,0,0,7,49
34400,97,38,47,3,5,997730,1,1,0,0,0,7,48
34500,97,38,47,3,5,997730,1,1,0,0,0,7,48
34600,97,38,47,3,5,997730,1,1,0,0,0,7,48
34700,97,38,47,3,5,997730,1,1,0,0,0,7,48
34800,97,38,47,3,5,997730,1,1,0,0,0,7,48
34900,97,38,47,3,5,997730,1,1,0,0,0,7,48
35000,97,38,47,3,5,997730,1,1,0,0,0,7,48
35100,97,38,47,3,5,997730,1,1,0,0,0,7,48
35200,97,38,47,3,5,997730,1,1,0,0,0,7,48
35300,97,37,47,3,6,997730,1,1,0,0,0,7,47
35400,97,37,47,3,6,997730,1,1,0,0,0,7,47
35500,97,37,47,3,6,997730,1,1,0,0,0,7,47
35600,97,37,47,3,6,997730,1,1,0,0,0,7,47
35700,97,37,47,3,6,997730,1,1,0,0,0,7,47
35800,97,37,47,3,6,997730,1,1,0,0,0,7,47
35900,97,36,47,3,7,997730,1,1,0,0,0,7,46
36000,97,35,47,3,8,997730,1,1,0,0,0,7,45
36100,98,36,48,2,7,997700,1,1,0,0,0,7,45
36200,98,36,48,2,7,997700,1,1,0,0,0,7,45
36300,98,36,48,2,7,997700,1,1,0,0,0,7,45
36400,98,36,48,2,7,997700,1,1,0,0,0,7,45
36500,98,36,48,2,7,997700,1,1,0,0,0,7,45
36600,98,36,48,2,7,997700,1,1,0,0,0,7,45
36700,99,37,49,1,6,997670,1,1,0,0,0,7,45
36800,99,37,49,1,6,997670,1,1,0,0,0,7,45
36900,99,36,49,1,7,997670,1,1,0,0,0,7,44
37000,99,36,49,1,7,997670,1,1,0,0,0,7,44
37100,99,36,49,1,7,997670,1,1,0,0,0,7,44
37200,99,35,49,1,8,997670,1,1,0,0,0,7,43
37300,99,35,49,1,8,997670,1,1,0,0,0,7,43
37400,99,35,49,1,8,997670,1,1,0,0,0,7,43
37500,99,35,49,1,8,997670,1,1,0,0,0,7,43
37600,99,35,49,1,8,997670,1,1,0,0,0,7,43
37700,99,35,49,1,8,997670,1,1,0,0,0,7,43
37800,99,35,49,1,8,997670,1,1,0,0,0,7,43
37900,98,35,49,2,8,997670,1,1,0,0,0,6,43
38000,98,35,49,2,8,997670,1,1,0,0,0,6,43
38100,98,35,49,2,8,997670,1,1,0,0,0,6,43
38200,98,34,49,2,9,997670,1,1,0,0,0,6,42
38300,98,34,49,2,9,997670,1,1,0,0,0,6,42
38400,98,34,49,2,9,997670,1,1,0,0,0,6,42
38500,98,34,49,2,9,997670,1,1,0,0,0,6,42
38600,98,33,49,2,10,997670,1,1,0,0,0,6,41
38700,98,33,49,2,10,997670,1,1,0,0,0,6,41
38800,99,34,50,1,9,997640,1,1,0,0,0,6,41
38900,99,34,50,1,9,997640,1,1,0,0,0,6,41
39000,99,34,50,1,9,997640,1,1,0,0,0,6,41
39100,99,34,50,1,9,997640,1,1,0,0,0,6,41
39200,99,34,50,1,9,997640,1,1,0,0,0,6,41
39300,99,33,50,1,10,997640,1,1,0,0,0,6,40
39400,98,33,50,2,10,997640,1,1,0,0,0,5,40
39500,98,33,50,2,10,997640,1,1,0,0,0,5,40
39600,98,33,50,2,10,997640,1,1,0,0,0,5,40
39700,99,34,51,1,9,997610,1,1,0,0,0,5,40
39800,100,35,52,0,8,997580,1,1,0,0,0,5,40
39900,100,35,52,0,8,997580,1,1,0,0,0,5,40
40000,100,35,52,0,8,997580,1,1,0,0,0,5,40
40100,100,35,52,0,8,997580,1,1,0,0,0,5,40
40200,99,35,52,1,8,997580,1,1,0,0,0,4,40
40300,99,35,52,1,8,997580,1,1,0,0,0,4,40
40400,99,35,52,1,8,997580,1,1,0,0,0,4,40
40500,99,35,52,1,8,997580,1,1,0,0,0,4,40
40600,98,35,52,2,8,997580,1,1,0,0,0,3,40
40700,98,35,52,2,8,997580,1,1,0,0,0,3,40
40800,98,35,52,2,8,997580,1,1,0,0,0,3,40
40900,98,35,52,2,8,997580,1,1,0,0,0,3,40
41000,98,35,52,2,8,997580,1,1,0,0,0,3,40
41100,98,35,52,2,8,997580,1,1,0,0,0,3,40
41200,99,35,53,1,8,997550,1,1,0,0,0,3,39
41300,99,35,53,1,8,997550,1,1,0,0,0,3,39
41400,99,35,53,1,8,997550,1,1,0,0,0,3,39
41500,99,35,53,1,8,997550,1,1,0,0,0,3,39
41600,99,34,53,1,9,997550,1,1,0,0,0,3,38
41700,99,33,53,1,10,997550,1,1,0,0,0,3,37
41800,99,33,53,1,10,997550,1,1,0,0,0,3,37
41900,99,33,53,1,10,997550,1,1,0,0,0,3,37
42000,99,33,53,1,10,997550,1,1,0,0,0,3,37
42100,100,34,54,0,9,997520,1,1,0,0,0,3,37
42200,100,34,54,0,9,997520,1,1,0,0,0,3,37
42300,100,33,54,0,10,997520,1,1,0,0,0,3,36
42400,100,33,54,0,10,997520,1,1,0,0,0,3,36
42500,100,33,54,0,10,997520,1,1,0,0,0,3,36
42600,100,33,54,0,10,997520,1,1,0,0,0,3,36
42700,100,33,54,0,10,997520,1,1,0,0,0,3,36
42800,100,33,54,0,10,997520,1,1,0,0,0,3,36
42900,100,32,54,0,11,997520,1,1,0,0,0,3,35
43000,100,32,54,0,11,997520,1,1,0,0,0,3,35
43100,100,32,54,0,11,997520,1,1,0,0,0,3,35
43200,100,31,54,0,12,997520,1,1,0,0,0,3,34
43300,100,31,54,0,12,997520,1,1,0,0,0,3,34
43400,100,31,54,0,12,997520,1,1,0,0,0,3,34
43500,100,31,54,0,12,997520,1,1,0,0,0,3,34
43600,100,31,54,0,12,997520,1,1,0,0,0,3,34
43700,100,31,54,0,12,997520,1,1,0,0,0,3,34
43800,100,31,54,0,12,997520,1,1,0,0,0,3,34
43900,100,31,54,0,12,997520,1,1,0,0,0,3,34
44000,100,31,54,0,12,997520,1,1,0,0,0,3,34
44100,100,30,54,0,13,997520,1,1,0,0,0,3,33
44200,99,30,54,1,13,997520,1,1,0,0,0,2,33
44300,99,30,54,1,13,997520,1,1,0,0,0,2,33
44400,99,30,54,1,13,997520,1,1,0,0,0,2,33
44500,99,30,54,1,13,997520,1,1,0,0,0,2,33
44600,100,31,55,0,12,997490,1,1,0,0,0,2,33
44700,100,31,55,0,12,997490,1,1,0,0,0,2,33
44800,100,31,55,0,12,997490,1,1,0,0,0,2,33
44900,100,31,55,0,12,997490,1,1,0,0,0,2,33
45000,100,31,55,0,12,997490,1,1,0,0,0,2,33
45100,100,31,55,0,12,997490,1,1,0,0,0,2,33
45200,100,31,55,0,12,997490,1,1,0,0,0,2,33
45300,100,31,55,0,12,997490,1,1,0,0,0,2,33
45400,100,31,55,0,12,997490,1,1,0,0,0,2,33
45500,100,31,55,0,12,997490,1,1,0,0,0,2,33
45600,100,31,55,0,12,997490,1,1,0,0,0,2,33
45700,100,31,55,0,12,997490,1,1,0,0,0,2,33
45800,100,31,55,0,12,997490,1,1,0,0,0,2,33
45900,100,31,55,0,12,997490,1,1,0,0,0,2,33
46000,100,31,55,0,12,997490,1,1,0,0,0,2,33
46100,100,31,55,0,12,997490,1,1,0,0,0,2,33
46200,100,30,55,0,13,997490,1,1,0,0,0,2,32
46300,100,30,55,0,13,997490,1,1,0,0,0,2,32
46400,100,30,55,0,13,997490,1,1,0,0,0,2,32
46500,100,30,55,0,13,997490,1,1,0,0,0,2,32
46600,100,30,55,0,13,997490,1,1,0,0,0,2,32
46700,100,29,55,0,14,997490,1,1,0,0,0,2,31
46800,100,29,55,0,14,997490,1,1,0,0,0,2,31
46900,100,29,55,0,14,997490,1,1,0,0,0,2,31
47000,100,29,55,0,14,997490,1,1,0,0,0,2,31
47100,100,29,55,0,14,997490,1,1,0,0,0,2,31
47200,100,29,55,0,14,997490,1,1,0,0,0,2,31
47300,100,28,55,0,15,997490,1,1,0,0,0,2,30
47400,100,28,55,0,15,997490,1,1,0,0,0,2,30
47500,100,28,55,0,15,997490,1,1,0,0,0,2,30
47600,100,28,55,0,15,997490,1,1,0,0,0,2,30
47700,100,27,55,0,16,997490,1,1,0,0,0,2,29
47800,100,27,55,0,16,997490,1,1,0,0,0,2,29
47900,100,27,55,0,16,997490,1,1,0,0,0,2,29
48000,100,27,55,0,16,997490,1,1,0,0,0,2,29
48100,100,27,55,0,16,997490,1,1,0,0,0,2,29
48200,100,27,55,0,16,997490,1,1,0,0,0,2,29
48300,100,27,55,0,16,997490,1,1,0,0,0,2,29
48400,99,27,55,1,16,997490,1,1,0,0,0,1,29
48500,99,27,55,1,16,997490,1,1,0,0,0,1,29
48600,99,27,55,1,16,997490,1,1,0,0,0,1,29
48700,100,28,56,0,15,997460,1,1,0,0,0,1,29
48800,100,28,56,0,15,997460,1,1,0,0,0,1,29
48900,100,28,56,0,15,997460,1,1,0,0,0,1,29
49000,100,27,56,0,16,997460,1,1,0,0,0,1,28
49100,100,27,56,0,16,997460,1,1,0,0,0,1,28
49200,100,27,56,0,16,997460,1,1,0,0,0,1,28
49300,100,27,56,0,16,997460,1,1,0,0,0,1,28
49400,100,27,56,0,16,997460,1,1,0,0,0,1,28
49500,100,27,56,0,16,997460,1,1,0,0,0,1,28
49600,100,27,56,0,16,997460,1,1,0,0,0,1,28
49700,100,27,56,0,16,997460,1,1,0,0,0,1,28
49800,100,27,56,0,16,997460,1,1,0,0,0,1,28
49900,100,27,56,0,16,997460,1,1,0,0,0,1,28
50000,100,27,56,0,16,997460,1,1,0,0,0,1,28
