Time\ number,r2_1_100,r1_2_200,Time\ Probability,r2_1_100,r1_2_200
0,10000,0.0,0,0.0009990009990009992,0.009900990099009901
10,9898,103.0,10,0.0009979830349077876,0.009900990099009901
20,9799,214.0,20,0.000996995008951017,0.009900990099009901
30,9708,298.0,30,0.0009960868217517677,0.009900990099009901
40,9645,363.0,40,0.0009954580758003689,0.009900990099009901
50,9581,423.0,50,0.0009948193489441278,0.009900990099009901
60,9534,469.0,60,0.0009943502833889316,0.009900990099009901
70,9483,524.0,70,0.000993841296862642,0.009900990099009901
80,9443,565.0,80,0.000993442091381068,0.009900990099009901
90,9419,588.0,90,0.0009932025679389809,0.009900990099009901
100,9394,615.0,100,0.0009929530642313379,0.009900990099009901
110,9354,655.0,110,0.000992553858039883,0.009900990099009901
120,9321,689.0,120,0.0009922245126917494,0.009900990099009901
130,9288,722.0,130,0.0009918951671264635,0.009900990099009901
140,9258,749.0,140,0.0009915957618786746,0.009900990099009901
150,9220,787.0,150,0.000991216514973843,0.009900990099009901
160,9207,801.0,160,0.000991086772545561,0.009900990099009901
170,9209,797.0,170,0.000991106732921336,0.009900990099009901
180,9193,813.0,180,0.0009909470498927998,0.009900990099009901
190,9166,842.0,190,0.0009906775846663897,0.009900990099009901
200,9163,842.0,200,0.0009906476440767044,0.009900990099009901
210,9128,883.0,210,0.0009902983370644347,0.009900990099009901
220,9097,916.0,220,0.000989988950649575,0.009900990099009901
230,9107,902.0,230,0.0009900887527398224,0.009900990099009901
240,9095,916.0,240,0.0009899689902291323,0.009900990099009901
250,9100,909.0,250,0.0009900188912787427,0.009900990099009901
260,9075,931.0,260,0.0009897693859808397,0.009900990099009901
270,9073,939.0,270,0.0009897494255516233,0.009900990099009901
280,9066,937.0,280,0.000989679564043085,0.009900990099009901
290,9062,950.0,290,0.0009896396431766763,0.009900990099009901
300,9059,945.0,300,0.000989609702524776,0.009900990099009901
310,9070,936.0,310,0.0009897194849063033,0.009900990099009901
320,9112,900.0,320,0.0009901386537774681,0.009900990099009901
330,9104,905.0,330,0.0009900588121148418,0.009900990099009901
340,9132,873.0,340,0.0009903382578782,0.009900990099009901
350,9152,855.0,350,0.00099053786189917,0.009900990099009901
360,9149,864.0,360,0.000990507921301109,0.009900990099009901
370,9128,888.0,370,0.0009902983370644347,0.009900990099009901
380,9136,875.0,380,0.000990378178688775,0.009900990099009901
390,9121,887.0,390,0.0009902284756326681,0.009900990099009901
400,9129,879.0,400,0.0009903083172681753,0.009900990099009901
410,9132,876.0,410,0.0009903382578782,0.009900990099009901
420,9117,893.0,420,0.0009901885548101287,0.009900990099009901
430,9116,894.0,430,0.0009901785746039954,0.009900990099009901
440,9115,896.0,440,0.0009901685943976626,0.009900990099009901
450,9123,888.0,450,0.0009902484360427416,0.009900990099009901
460,9134,868.0,460,0.0009903582182838866,0.009900990099009901
470,9110,897.0,470,0.000990118693363008,0.009900990099009901
480,9106,904.0,480,0.0009900787725316948,0.009900990099009901
490,9109,900.0,490,0.0009901087131554786,0.009900990099009901
500,9113,896.0,500,0.000990148633984399,0.009900990099009901
510,9123,882.0,510,0.0009902484360427416,0.009900990099009901
520,9106,897.0,520,0.0009900787725316948,0.009900990099009901
530,9131,874.0,530,0.0009903282776750578,0.009900990099009901
540,9144,863.0,540,0.0009904580203003537,0.009900990099009901
550,9128,883.0,550,0.0009902983370644347,0.009900990099009901
560,9129,879.0,560,0.0009903083172681753,0.009900990099009901
570,9130,878.0,570,0.0009903182974717165,0.009900990099009901
580,9131,875.0,580,0.0009903282776750578,0.009900990099009901
590,9108,899.0,590,0.0009900987329477503,0.009900990099009901
600,9105,908.0,600,0.000990068792323368,0.009900990099009901
610,9085,923.0,610,0.0009898691881149563,0.009900990099009901
620,9084,924.0,620,0.0009898592079024418,0.009900990099009901
630,9080,928.0,630,0.0009898192870503905,0.009900990099009901
640,9060,946.0,640,0.0009896196827422757,0.009900990099009901
650,9067,944.0,650,0.000989689544259189,0.009900990099009901
660,9064,941.0,660,0.0009896596036102795,0.009900990099009901
670,9057,957.0,670,0.0009895897420891789,0.009900990099009901
680,9045,965.0,680,0.0009894699794588452,0.009900990099009901
690,9066,943.0,690,0.000989679564043085,0.009900990099009901
700,9044,965.0,700,0.0009894599992383542,0.009900990099009901
710,9043,967.0,710,0.0009894500190176642,0.009900990099009901
720,9028,983.0,720,0.0009893003156833853,0.009900990099009901
730,9038,975.0,730,0.000989400117911223,0.009900990099009901
740,9048,965.0,740,0.0009894999201191205,0.009900990099009901
750,9059,947.0,750,0.000989609702524776,0.009900990099009901
760,9052,957.0,760,0.000989539840996696,0.009900990099009901
770,9052,959.0,770,0.000989539840996696,0.009900990099009901
780,9060,949.0,780,0.0009896196827422757,0.009900990099009901
790,9063,945.0,790,0.0009896496233935776,0.009900990099009901
800,9049,959.0,800,0.0009895099003388134,0.009900990099009901
810,9061,953.0,810,0.0009896296629595758,0.009900990099009901
820,9062,943.0,820,0.0009896396431766763,0.009900990099009901
830,9065,950.0,830,0.000989669583826782,0.009900990099009901
840,9083,923.0,840,0.000989849227689728,0.009900990099009901
850,9084,925.0,850,0.0009898592079024418,0.009900990099009901
860,9079,931.0,860,0.0009898093068368792,0.009900990099009901
870,9080,931.0,870,0.0009898192870503905,0.009900990099009901
880,9105,907.0,880,0.000990068792323368,0.009900990099009901
890,9110,897.0,890,0.000990118693363008,0.009900990099009901
900,9116,885.0,900,0.0009901785746039954,0.009900990099009901
910,9101,910.0,910,0.0009900288714880668,0.009900990099009901
920,9092,914.0,920,0.0009899390495969735,0.009900990099009901
930,9099,911.0,930,0.0009900089110692195,0.009900990099009901
940,9085,922.0,940,0.0009898691881149563,0.009900990099009901
950,9118,887.0,950,0.000990198535016063,0.009900990099009901
960,9124,883.0,960,0.0009902584162474787,0.009900990099009901
970,9115,896.0,970,0.0009901685943976626,0.009900990099009901
980,9109,900.0,980,0.0009901087131554786,0.009900990099009901
990,9110,901.0,990,0.000990118693363008,0.009900990099009901
1000,9095,912.0,1000,0.0009899689902291323,0.009900990099009901
1010,9114,892.0,1010,0.0009901586141911306,0.009900990099009901
1020,9102,907.0,1020,0.000990038851697191,0.009900990099009901
1030,9082,925.0,1030,0.0009898392474768153,0.009900990099009901
1040,9098,908.0,1040,0.0009899989308594969,0.009900990099009901
1050,9109,903.0,1050,0.0009901087131554786,0.009900990099009901
1060,9119,894.0,1060,0.0009902085152217975,0.009900990099009901
1070,9117,891.0,1070,0.0009901885548101287,0.009900990099009901
1080,9123,892.0,1080,0.0009902484360427416,0.009900990099009901
1090,9124,884.0,1090,0.0009902584162474787,0.009900990099009901
1100,9127,879.0,1100,0.000990288356860495,0.009900990099009901
1110,9136,872.0,1110,0.000990378178688775,0.009900990099009901
1120,9145,865.0,1120,0.0009904680005009036,0.009900990099009901
1130,9163,847.0,1130,0.0009906476440767044,0.009900990099009901
1140,9144,866.0,1140,0.0009904580203003537,0.009900990099009901
1150,9138,868.0,1150,0.000990398139092866,0.009900990099009901
1160,9132,878.0,1160,0.0009903382578782,0.009900990099009901
1170,9135,874.0,1170,0.0009903681984864304,0.009900990099009901
1180,9127,886.0,1180,0.000990288356860495,0.009900990099009901
1190,9120,890.0,1190,0.0009902184954273324,0.009900990099009901
1200,9116,889.0,1200,0.0009901785746039954,0.009900990099009901
1210,9122,884.0,1210,0.0009902384558378046,0.009900990099009901
1220,9115,898.0,1220,0.0009901685943976626,0.009900990099009901
1230,9103,905.0,1230,0.000990048831906116,0.009900990099009901
1240,9100,910.0,1240,0.0009900188912787427,0.009900990099009901
1250,9112,900.0,1250,0.0009901386537774681,0.009900990099009901
1260,9118,897.0,1260,0.000990198535016063,0.009900990099009901
1270,9102,907.0,1270,0.000990038851697191,0.009900990099009901
1280,9084,924.0,1280,0.0009898592079024418,0.009900990099009901
1290,9070,942.0,1290,0.0009897194849063033,0.009900990099009901
1300,9052,955.0,1300,0.000989539840996696,0.009900990099009901
1310,9069,946.0,1310,0.000989709504690798,0.009900990099009901
1320,9056,952.0,1320,0.0009895797618710812,0.009900990099009901
1330,9069,948.0,1330,0.000989709504690798,0.009900990099009901
1340,9055,955.0,1340,0.0009895697816527838,0.009900990099009901
1350,9041,973.0,1350,0.000989430058575686,0.009900990099009901
1360,9029,984.0,1360,0.0009893102959070662,0.009900990099009901
1370,9042,968.0,1370,0.000989440038796775,0.009900990099009901
1380,9044,966.0,1380,0.0009894599992383542,0.009900990099009901
1390,9031,982.0,1390,0.0009893302563538304,0.009900990099009901
1400,9034,974.0,1400,0.0009893601970224807,0.009900990099009901
1410,9053,958.0,1410,0.0009895498212155913,0.009900990099009901
1420,9073,936.0,1420,0.0009897494255516233,0.009900990099009901
1430,9079,928.0,1430,0.0009898093068368792,0.009900990099009901
1440,9080,928.0,1440,0.0009898192870503905,0.009900990099009901
1450,9059,947.0,1450,0.000989609702524776,0.009900990099009901
1460,9101,910.0,1460,0.0009900288714880668,0.009900990099009901
1470,9096,913.0,1470,0.0009899789704394533,0.009900990099009901
1480,9105,900.0,1480,0.000990068792323368,0.009900990099009901
1490,9093,917.0,1490,0.0009899490298078926,0.009900990099009901
1500,9105,900.0,1500,0.000990068792323368,0.009900990099009901
1510,9090,923.0,1510,0.000989919089174537,0.009900990099009901
1520,9086,921.0,1520,0.0009898791683272713,0.009900990099009901
1530,9060,948.0,1530,0.0009896196827422757,0.009900990099009901
1540,9040,976.0,1540,0.0009894200783543978,0.009900990099009901
1550,9073,935.0,1550,0.0009897494255516233,0.009900990099009901
1560,9040,974.0,1560,0.0009894200783543978,0.009900990099009901
1570,9053,955.0,1570,0.0009895498212155913,0.009900990099009901
1580,9043,963.0,1580,0.0009894500190176642,0.009900990099009901
1590,9038,971.0,1590,0.000989400117911223,0.009900990099009901
1600,9037,971.0,1600,0.0009893901376893366,0.009900990099009901
1610,9028,979.0,1610,0.0009893003156833853,0.009900990099009901
1620,9055,959.0,1620,0.0009895697816527838,0.009900990099009901
1630,9056,955.0,1630,0.0009895797618710812,0.009900990099009901
1640,9065,945.0,1640,0.000989669583826782,0.009900990099009901
1650,9070,938.0,1650,0.0009897194849063033,0.009900990099009901
1660,9081,930.0,1660,0.0009898292672637025,0.009900990099009901
1670,9087,926.0,1670,0.0009898891485393868,0.009900990099009901
1680,9071,932.0,1680,0.0009897294651216096,0.009900990099009901
1690,9071,944.0,1690,0.0009897294651216096,0.009900990099009901
1700,9085,920.0,1700,0.0009898691881149563,0.009900990099009901
1710,9105,906.0,1710,0.000990068792323368,0.009900990099009901
1720,9072,937.0,1720,0.0009897394453367162,0.009900990099009901
1730,9099,908.0,1730,0.0009900089110692195,0.009900990099009901
1740,9090,922.0,1740,0.000989919089174537,0.009900990099009901
1750,9085,923.0,1750,0.0009898691881149563,0.009900990099009901
1760,9096,913.0,1760,0.0009899789704394533,0.009900990099009901
1770,9101,905.0,1770,0.0009900288714880668,0.009900990099009901
1780,9102,907.0,1780,0.000990038851697191,0.009900990099009901
1790,9100,910.0,1790,0.0009900188912787427,0.009900990099009901
1800,9113,895.0,1800,0.000990148633984399,0.009900990099009901
1810,9110,897.0,1810,0.000990118693363008,0.009900990099009901
1820,9101,909.0,1820,0.0009900288714880668,0.009900990099009901
1830,9106,907.0,1830,0.0009900787725316948,0.009900990099009901
1840,9101,905.0,1840,0.0009900288714880668,0.009900990099009901
1850,9078,933.0,1850,0.0009897993266231682,0.009900990099009901
1860,9066,942.0,1860,0.000989679564043085,0.009900990099009901
1870,9094,922.0,1870,0.0009899590100186121,0.009900990099009901
1880,9088,921.0,1880,0.0009898991287513028,0.009900990099009901
1890,9093,913.0,1890,0.0009899490298078926,0.009900990099009901
1900,9093,917.0,1900,0.0009899490298078926,0.009900990099009901
1910,9086,929.0,1910,0.0009898791683272713,0.009900990099009901
1920,9064,947.0,1920,0.0009896596036102795,0.009900990099009901
1930,9085,924.0,1930,0.0009898691881149563,0.009900990099009901
1940,9087,928.0,1940,0.0009898891485393868,0.009900990099009901
1950,9099,910.0,1950,0.0009900089110692195,0.009900990099009901
1960,9068,942.0,1960,0.0009896995244750933,0.009900990099009901
1970,9082,928.0,1970,0.0009898392474768153,0.009900990099009901
1980,9078,931.0,1980,0.0009897993266231682,0.009900990099009901
1990,9100,906.0,1990,0.0009900188912787427,0.009900990099009901
2000,9080,927.0,2000,0.0009898192870503905,0.009900990099009901
2010,9076,930.0,2010,0.0009897793661951485,0.009900990099009901
2020,9072,940.0,2020,0.0009897394453367162,0.009900990099009901
2030,9065,942.0,2030,0.000989669583826782,0.009900990099009901
2040,9072,935.0,2040,0.0009897394453367162,0.009900990099009901
2050,9075,931.0,2050,0.0009897693859808397,0.009900990099009901
2060,9078,926.0,2060,0.0009897993266231682,0.009900990099009901
2070,9083,929.0,2070,0.000989849227689728,0.009900990099009901
2080,9083,928.0,2080,0.000989849227689728,0.009900990099009901
2090,9103,906.0,2090,0.000990048831906116,0.009900990099009901
2100,9086,928.0,2100,0.0009898791683272713,0.009900990099009901
2110,9084,926.0,2110,0.0009898592079024418,0.009900990099009901
2120,9061,950.0,2120,0.0009896296629595758,0.009900990099009901
2130,9064,945.0,2130,0.0009896596036102795,0.009900990099009901
2140,9063,948.0,2140,0.0009896496233935776,0.009900990099009901
2150,9089,917.0,2150,0.0009899091089630196,0.009900990099009901
2160,9115,891.0,2160,0.0009901685943976626,0.009900990099009901
2170,9097,910.0,2170,0.000989988950649575,0.009900990099009901
2180,9117,888.0,2180,0.0009901885548101287,0.009900990099009901
2190,9093,916.0,2190,0.0009899490298078926,0.009900990099009901
2200,9095,915.0,2200,0.0009899689902291323,0.009900990099009901
2210,9098,909.0,2210,0.0009899989308594969,0.009900990099009901
2220,9088,916.0,2220,0.0009898991287513028,0.009900990099009901
2230,9077,933.0,2230,0.000989789346409258,0.009900990099009901
2240,9095,913.0,2240,0.0009899689902291323,0.009900990099009901
2250,9110,898.0,2250,0.000990118693363008,0.009900990099009901
2260,9113,894.0,2260,0.000990148633984399,0.009900990099009901
2270,9105,910.0,2270,0.000990068792323368,0.009900990099009901
2280,9123,890.0,2280,0.0009902484360427416,0.009900990099009901
2290,9125,884.0,2290,0.000990268396452017,0.009900990099009901
2300,9134,876.0,2300,0.0009903582182838866,0.009900990099009901
2310,9129,878.0,2310,0.0009903083172681753,0.009900990099009901
2320,9130,878.0,2320,0.0009903182974717165,0.009900990099009901
2330,9110,897.0,2330,0.000990118693363008,0.009900990099009901
2340,9100,909.0,2340,0.0009900188912787427,0.009900990099009901
2350,9092,916.0,2350,0.0009899390495969735,0.009900990099009901
2360,9094,917.0,2360,0.0009899590100186121,0.009900990099009901
2370,9096,909.0,2370,0.0009899789704394533,0.009900990099009901
2380,9069,935.0,2380,0.000989709504690798,0.009900990099009901
2390,9077,934.0,2390,0.000989789346409258,0.009900990099009901
2400,9081,927.0,2400,0.0009898292672637025,0.009900990099009901
2410,9081,922.0,2410,0.0009898292672637025,0.009900990099009901
2420,9093,912.0,2420,0.0009899490298078926,0.009900990099009901
2430,9084,925.0,2430,0.0009898592079024418,0.009900990099009901
2440,9077,934.0,2440,0.000989789346409258,0.009900990099009901
2450,9070,934.0,2450,0.0009897194849063033,0.009900990099009901
2460,9084,929.0,2460,0.0009898592079024418,0.009900990099009901
2470,9091,921.0,2470,0.0009899290693858548,0.009900990099009901
2480,9097,908.0,2480,0.000989988950649575,0.009900990099009901
2490,9089,921.0,2490,0.0009899091089630196,0.009900990099009901
2500,9104,901.0,2500,0.0009900588121148418,0.009900990099009901
2510,9084,925.0,2510,0.0009898592079024418,0.009900990099009901
2520,9079,938.0,2520,0.0009898093068368792,0.009900990099009901
2530,9074,934.0,2530,0.0009897594057663311,0.009900990099009901
2540,9076,935.0,2540,0.0009897793661951485,0.009900990099009901
2550,9091,916.0,2550,0.0009899290693858548,0.009900990099009901
2560,9085,924.0,2560,0.0009898691881149563,0.009900990099009901
2570,9074,932.0,2570,0.0009897594057663311,0.009900990099009901
2580,9077,935.0,2580,0.000989789346409258,0.009900990099009901
2590,9077,932.0,2590,0.000989789346409258,0.009900990099009901
2600,9086,922.0,2600,0.0009898791683272713,0.009900990099009901
2610,9070,944.0,2610,0.0009897194849063033,0.009900990099009901
2620,9089,919.0,2620,0.0009899091089630196,0.009900990099009901
2630,9072,934.0,2630,0.0009897394453367162,0.009900990099009901
2640,9081,927.0,2640,0.0009898292672637025,0.009900990099009901
2650,9053,959.0,2650,0.0009895498212155913,0.009900990099009901
2660,9078,930.0,2660,0.0009897993266231682,0.009900990099009901
2670,9086,923.0,2670,0.0009898791683272713,0.009900990099009901
2680,9081,929.0,2680,0.0009898292672637025,0.009900990099009901
2690,9055,954.0,2690,0.0009895697816527838,0.009900990099009901
2700,9046,967.0,2700,0.0009894799596791364,0.009900990099009901
2710,9064,947.0,2710,0.0009896596036102795,0.009900990099009901
2720,9077,931.0,2720,0.000989789346409258,0.009900990099009901
2730,9097,917.0,2730,0.000989988950649575,0.009900990099009901
2740,9107,897.0,2740,0.0009900887527398224,0.009900990099009901
2750,9083,926.0,2750,0.000989849227689728,0.009900990099009901
2760,9100,910.0,2760,0.0009900188912787427,0.009900990099009901
2770,9113,903.0,2770,0.000990148633984399,0.009900990099009901
2780,9109,900.0,2780,0.0009901087131554786,0.009900990099009901
2790,9094,913.0,2790,0.0009899590100186121,0.009900990099009901
2800,9113,903.0,2800,0.000990148633984399,0.009900990099009901
2810,9105,899.0,2810,0.000990068792323368,0.009900990099009901
2820,9121,893.0,2820,0.0009902284756326681,0.009900990099009901
2830,9091,916.0,2830,0.0009899290693858548,0.009900990099009901
2840,9107,902.0,2840,0.0009900887527398224,0.009900990099009901
2850,9125,894.0,2850,0.000990268396452017,0.009900990099009901
2860,9116,891.0,2860,0.0009901785746039954,0.009900990099009901
2870,9124,885.0,2870,0.0009902584162474787,0.009900990099009901
2880,9080,930.0,2880,0.0009898192870503905,0.009900990099009901
2890,9077,935.0,2890,0.000989789346409258,0.009900990099009901
2900,9051,955.0,2900,0.0009895298607776012,0.009900990099009901
2910,9061,945.0,2910,0.0009896296629595758,0.009900990099009901
2920,9072,941.0,2920,0.0009897394453367162,0.009900990099009901
2930,9068,940.0,2930,0.0009896995244750933,0.009900990099009901
2940,9073,937.0,2940,0.0009897494255516233,0.009900990099009901
2950,9088,922.0,2950,0.0009898991287513028,0.009900990099009901
2960,9115,896.0,2960,0.0009901685943976626,0.009900990099009901
2970,9122,884.0,2970,0.0009902384558378046,0.009900990099009901
2980,9131,879.0,2980,0.0009903282776750578,0.009900990099009901
2990,9124,885.0,2990,0.0009902584162474787,0.009900990099009901
3000,9127,881.0,3000,0.000990288356860495,0.009900990099009901
3010,9128,890.0,3010,0.0009902983370644347,0.009900990099009901
3020,9134,876.0,3020,0.0009903582182838866,0.009900990099009901
3030,9151,854.0,3030,0.0009905278817000155,0.009900990099009901
3040,9139,873.0,3040,0.0009904081192946125,0.009900990099009901
3050,9132,880.0,3050,0.0009903382578782,0.009900990099009901
3060,9135,876.0,3060,0.0009903681984864304,0.009900990099009901
3070,9129,882.0,3070,0.0009903083172681753,0.009900990099009901
3080,9110,899.0,3080,0.000990118693363008,0.009900990099009901
3090,9124,885.0,3090,0.0009902584162474787,0.009900990099009901
3100,9086,923.0,3100,0.0009898791683272713,0.009900990099009901
3110,9092,915.0,3110,0.0009899390495969735,0.009900990099009901
3120,9093,922.0,3120,0.0009899490298078926,0.009900990099009901
3130,9101,911.0,3130,0.0009900288714880668,0.009900990099009901
3140,9102,904.0,3140,0.000990038851697191,0.009900990099009901
3150,9098,913.0,3150,0.0009899989308594969,0.009900990099009901
3160,9118,891.0,3160,0.000990198535016063,0.009900990099009901
3170,9115,894.0,3170,0.0009901685943976626,0.009900990099009901
3180,9122,885.0,3180,0.0009902384558378046,0.009900990099009901
3190,9123,884.0,3190,0.0009902484360427416,0.009900990099009901
3200,9126,879.0,3200,0.0009902783766563557,0.009900990099009901
3210,9131,881.0,3210,0.0009903282776750578,0.009900990099009901
3220,9110,898.0,3220,0.000990118693363008,0.009900990099009901
3230,9119,885.0,3230,0.0009902085152217975,0.009900990099009901
3240,9103,907.0,3240,0.000990048831906116,0.009900990099009901
3250,9089,920.0,3250,0.0009899091089630196,0.009900990099009901
3260,9078,928.0,3260,0.0009897993266231682,0.009900990099009901
3270,9066,942.0,3270,0.000989679564043085,0.009900990099009901
3280,9062,948.0,3280,0.0009896396431766763,0.009900990099009901
3290,9073,937.0,3290,0.0009897494255516233,0.009900990099009901
3300,9077,935.0,3300,0.000989789346409258,0.009900990099009901
3310,9061,951.0,3310,0.0009896296629595758,0.009900990099009901
3320,9062,944.0,3320,0.0009896396431766763,0.009900990099009901
3330,9055,954.0,3330,0.0009895697816527838,0.009900990099009901
3340,9072,934.0,3340,0.0009897394453367162,0.009900990099009901
3350,9082,927.0,3350,0.0009898392474768153,0.009900990099009901
3360,9073,940.0,3360,0.0009897494255516233,0.009900990099009901
3370,9092,920.0,3370,0.0009899390495969735,0.009900990099009901
3380,9107,902.0,3380,0.0009900887527398224,0.009900990099009901
3390,9078,929.0,3390,0.0009897993266231682,0.009900990099009901
3400,9090,914.0,3400,0.000989919089174537,0.009900990099009901
3410,9097,910.0,3410,0.000989988950649575,0.009900990099009901
3420,9124,885.0,3420,0.0009902584162474787,0.009900990099009901
3430,9114,901.0,3430,0.0009901586141911306,0.009900990099009901
3440,9113,893.0,3440,0.000990148633984399,0.009900990099009901
3450,9121,889.0,3450,0.0009902284756326681,0.009900990099009901
3460,9103,908.0,3460,0.000990048831906116,0.009900990099009901
3470,9093,915.0,3470,0.0009899490298078926,0.009900990099009901
3480,9089,920.0,3480,0.0009899091089630196,0.009900990099009901
3490,9099,913.0,3490,0.0009900089110692195,0.009900990099009901
3500,9101,908.0,3500,0.0009900288714880668,0.009900990099009901
3510,9105,903.0,3510,0.000990068792323368,0.009900990099009901
3520,9087,926.0,3520,0.0009898891485393868,0.009900990099009901
3530,9070,940.0,3530,0.0009897194849063033,0.009900990099009901
3540,9075,935.0,3540,0.0009897693859808397,0.009900990099009901
3550,9056,952.0,3550,0.0009895797618710812,0.009900990099009901
3560,9038,971.0,3560,0.000989400117911223,0.009900990099009901
3570,9073,935.0,3570,0.0009897494255516233,0.009900990099009901
3580,9042,962.0,3580,0.000989440038796775,0.009900990099009901
3590,9063,946.0,3590,0.0009896496233935776,0.009900990099009901
3600,9065,947.0,3600,0.000989669583826782,0.009900990099009901
3610,9066,944.0,3610,0.000989679564043085,0.009900990099009901
3620,9081,928.0,3620,0.0009898292672637025,0.009900990099009901
3630,9094,912.0,3630,0.0009899590100186121,0.009900990099009901
3640,9098,907.0,3640,0.0009899989308594969,0.009900990099009901
3650,9095,912.0,3650,0.0009899689902291323,0.009900990099009901
3660,9055,958.0,3660,0.0009895697816527838,0.009900990099009901
3670,9058,948.0,3670,0.000989599722307077,0.009900990099009901
3680,9073,935.0,3680,0.0009897494255516233,0.009900990099009901
3690,9071,937.0,3690,0.0009897294651216096,0.009900990099009901
3700,9062,946.0,3700,0.0009896396431766763,0.009900990099009901
3710,9057,957.0,3710,0.0009895897420891789,0.009900990099009901
3720,9047,968.0,3720,0.000989489939899228,0.009900990099009901
3730,9066,939.0,3730,0.000989679564043085,0.009900990099009901
3740,9076,936.0,3740,0.0009897793661951485,0.009900990099009901
3750,9063,944.0,3750,0.0009896496233935776,0.009900990099009901
3760,9062,950.0,3760,0.0009896396431766763,0.009900990099009901
3770,9048,966.0,3770,0.0009894999201191205,0.009900990099009901
3780,9050,960.0,3780,0.0009895198805583072,0.009900990099009901
3790,9048,958.0,3790,0.0009894999201191205,0.009900990099009901
3800,9058,954.0,3800,0.000989599722307077,0.009900990099009901
3810,9048,964.0,3810,0.0009894999201191205,0.009900990099009901
3820,9059,957.0,3820,0.000989609702524776,0.009900990099009901
3830,9039,971.0,3830,0.0009894100981329102,0.009900990099009901
3840,9056,957.0,3840,0.0009895797618710812,0.009900990099009901
3850,9069,943.0,3850,0.000989709504690798,0.009900990099009901
3860,9078,932.0,3860,0.0009897993266231682,0.009900990099009901
3870,9075,934.0,3870,0.0009897693859808397,0.009900990099009901
3880,9065,946.0,3880,0.000989669583826782,0.009900990099009901
3890,9054,957.0,3890,0.0009895598014342873,0.009900990099009901
3900,9044,971.0,3900,0.0009894599992383542,0.009900990099009901
3910,9021,992.0,3910,0.0009892304541120336,0.009900990099009901
3920,9059,952.0,3920,0.000989609702524776,0.009900990099009901
3930,9062,943.0,3930,0.0009896396431766763,0.009900990099009901
3940,9070,939.0,3940,0.0009897194849063033,0.009900990099009901
3950,9064,944.0,3950,0.0009896596036102795,0.009900990099009901
3960,9047,957.0,3960,0.000989489939899228,0.009900990099009901
3970,9056,950.0,3970,0.0009895797618710812,0.009900990099009901
3980,9057,954.0,3980,0.0009895897420891789,0.009900990099009901
3990,9067,945.0,3990,0.000989689544259189,0.009900990099009901
4000,9056,955.0,4000,0.0009895797618710812,0.009900990099009901
4010,9044,964.0,4010,0.0009894599992383542,0.009900990099009901
4020,9046,965.0,4020,0.0009894799596791364,0.009900990099009901
4030,9055,955.0,4030,0.0009895697816527838,0.009900990099009901
4040,9055,953.0,4040,0.0009895697816527838,0.009900990099009901
4050,9070,946.0,4050,0.0009897194849063033,0.009900990099009901
4060,9069,939.0,4060,0.000989709504690798,0.009900990099009901
4070,9053,958.0,4070,0.0009895498212155913,0.009900990099009901
4080,9079,928.0,4080,0.0009898093068368792,0.009900990099009901
4090,9080,932.0,4090,0.0009898192870503905,0.009900990099009901
4100,9077,931.0,4100,0.000989789346409258,0.009900990099009901
4110,9090,920.0,4110,0.000989919089174537,0.009900990099009901
4120,9117,892.0,4120,0.0009901885548101287,0.009900990099009901
4130,9092,917.0,4130,0.0009899390495969735,0.009900990099009901
4140,9107,909.0,4140,0.0009900887527398224,0.009900990099009901
4150,9111,899.0,4150,0.0009901286735703376,0.009900990099009901
4160,9116,895.0,4160,0.0009901785746039954,0.009900990099009901
4170,9111,897.0,4170,0.0009901286735703376,0.009900990099009901
4180,9108,902.0,4180,0.0009900987329477503,0.009900990099009901
4190,9100,906.0,4190,0.0009900188912787427,0.009900990099009901
4200,9094,914.0,4200,0.0009899590100186121,0.009900990099009901
4210,9099,908.0,4210,0.0009900089110692195,0.009900990099009901
4220,9090,916.0,4220,0.000989919089174537,0.009900990099009901
4230,9104,902.0,4230,0.0009900588121148418,0.009900990099009901
4240,9090,920.0,4240,0.000989919089174537,0.009900990099009901
4250,9098,908.0,4250,0.0009899989308594969,0.009900990099009901
4260,9071,936.0,4260,0.0009897294651216096,0.009900990099009901
4270,9074,938.0,4270,0.0009897594057663311,0.009900990099009901
4280,9084,932.0,4280,0.0009898592079024418,0.009900990099009901
4290,9089,922.0,4290,0.0009899091089630196,0.009900990099009901
4300,9096,915.0,4300,0.0009899789704394533,0.009900990099009901
4310,9098,909.0,4310,0.0009899989308594969,0.009900990099009901
4320,9099,907.0,4320,0.0009900089110692195,0.009900990099009901
4330,9076,937.0,4330,0.0009897793661951485,0.009900990099009901
4340,9052,957.0,4340,0.000989539840996696,0.009900990099009901
4350,9038,966.0,4350,0.000989400117911223,0.009900990099009901
4360,9030,980.0,4360,0.000989320276130548,0.009900990099009901
4370,9063,952.0,4370,0.0009896496233935776,0.009900990099009901
4380,9035,970.0,4380,0.0009893701772449657,0.009900990099009901
4390,9061,954.0,4390,0.0009896296629595758,0.009900990099009901
4400,9075,935.0,4400,0.0009897693859808397,0.009900990099009901
4410,9060,951.0,4410,0.0009896196827422757,0.009900990099009901
4420,9050,960.0,4420,0.0009895198805583072,0.009900990099009901
4430,9077,934.0,4430,0.000989789346409258,0.009900990099009901
4440,9084,924.0,4440,0.0009898592079024418,0.009900990099009901
4450,9093,916.0,4450,0.0009899490298078926,0.009900990099009901
4460,9119,889.0,4460,0.0009902085152217975,0.009900990099009901
4470,9100,911.0,4470,0.0009900188912787427,0.009900990099009901
4480,9116,895.0,4480,0.0009901785746039954,0.009900990099009901
4490,9086,926.0,4490,0.0009898791683272713,0.009900990099009901
4500,9081,933.0,4500,0.0009898292672637025,0.009900990099009901
4510,9076,932.0,4510,0.0009897793661951485,0.009900990099009901
4520,9085,920.0,4520,0.0009898691881149563,0.009900990099009901
4530,9094,916.0,4530,0.0009899590100186121,0.009900990099009901
4540,9096,913.0,4540,0.0009899789704394533,0.009900990099009901
4550,9094,912.0,4550,0.0009899590100186121,0.009900990099009901
4560,9080,932.0,4560,0.0009898192870503905,0.009900990099009901
4570,9073,933.0,4570,0.0009897494255516233,0.009900990099009901
4580,9091,920.0,4580,0.0009899290693858548,0.009900990099009901
4590,9100,909.0,4590,0.0009900188912787427,0.009900990099009901
4600,9100,909.0,4600,0.0009900188912787427,0.009900990099009901
4610,9109,900.0,4610,0.0009901087131554786,0.009900990099009901
4620,9091,915.0,4620,0.0009899290693858548,0.009900990099009901
4630,9114,897.0,4630,0.0009901586141911306,0.009900990099009901
4640,9100,912.0,4640,0.0009900188912787427,0.009900990099009901
4650,9102,908.0,4650,0.000990038851697191,0.009900990099009901
4660,9104,907.0,4660,0.0009900588121148418,0.009900990099009901
4670,9118,900.0,4670,0.000990198535016063,0.009900990099009901
4680,9111,899.0,4680,0.0009901286735703376,0.009900990099009901
4690,9106,903.0,4690,0.0009900787725316948,0.009900990099009901
4700,9111,899.0,4700,0.0009901286735703376,0.009900990099009901
4710,9109,902.0,4710,0.0009901087131554786,0.009900990099009901
4720,9111,900.0,4720,0.0009901286735703376,0.009900990099009901
4730,9108,899.0,4730,0.0009900987329477503,0.009900990099009901
4740,9138,869.0,4740,0.000990398139092866,0.009900990099009901
4750,9123,882.0,4750,0.0009902484360427416,0.009900990099009901
4760,9141,868.0,4760,0.000990428079697507,0.009900990099009901
4770,9133,880.0,4770,0.0009903482380811432,0.009900990099009901
4780,9143,862.0,4780,0.000990448040099604,0.009900990099009901
4790,9134,877.0,4790,0.0009903582182838866,0.009900990099009901
4800,9123,886.0,4800,0.0009902484360427416,0.009900990099009901
4810,9116,894.0,4810,0.0009901785746039954,0.009900990099009901
4820,9103,901.0,4820,0.000990048831906116,0.009900990099009901
4830,9098,908.0,4830,0.0009899989308594969,0.009900990099009901
4840,9060,945.0,4840,0.0009896196827422757,0.009900990099009901
4850,9060,948.0,4850,0.0009896196827422757,0.009900990099009901
4860,9068,944.0,4860,0.0009896995244750933,0.009900990099009901
4870,9086,922.0,4870,0.0009898791683272713,0.009900990099009901
4880,9087,920.0,4880,0.0009898891485393868,0.009900990099009901
4890,9070,938.0,4890,0.0009897194849063033,0.009900990099009901
4900,9063,943.0,4900,0.0009896496233935776,0.009900990099009901
4910,9069,944.0,4910,0.000989709504690798,0.009900990099009901
4920,9080,931.0,4920,0.0009898192870503905,0.009900990099009901
4930,9067,942.0,4930,0.000989689544259189,0.009900990099009901
4940,9066,936.0,4940,0.000989679564043085,0.009900990099009901
4950,9084,922.0,4950,0.0009898592079024418,0.009900990099009901
4960,9104,903.0,4960,0.0009900588121148418,0.009900990099009901
4970,9087,921.0,4970,0.0009898891485393868,0.009900990099009901
4980,9085,924.0,4980,0.0009898691881149563,0.009900990099009901
4990,9091,919.0,4990,0.0009899290693858548,0.009900990099009901
5000,9086,921.0,5000,0.0009898791683272713,0.009900990099009901
5010,9092,919.0,5010,0.0009899390495969735,0.009900990099009901
5020,9113,909.0,5020,0.000990148633984399,0.009900990099009901
5030,9124,888.0,5030,0.0009902584162474787,0.009900990099009901
5040,9103,903.0,5040,0.000990048831906116,0.009900990099009901
5050,9128,882.0,5050,0.0009902983370644347,0.009900990099009901
5060,9133,881.0,5060,0.0009903482380811432,0.009900990099009901
5070,9110,900.0,5070,0.000990118693363008,0.009900990099009901
5080,9112,896.0,5080,0.0009901386537774681,0.009900990099009901
5090,9127,884.0,5090,0.000990288356860495,0.009900990099009901
5100,9126,882.0,5100,0.0009902783766563557,0.009900990099009901
5110,9127,883.0,5110,0.000990288356860495,0.009900990099009901
5120,9111,894.0,5120,0.0009901286735703376,0.009900990099009901
5130,9123,883.0,5130,0.0009902484360427416,0.009900990099009901
5140,9111,896.0,5140,0.0009901286735703376,0.009900990099009901
5150,9123,891.0,5150,0.0009902484360427416,0.009900990099009901
5160,9118,891.0,5160,0.000990198535016063,0.009900990099009901
5170,9126,877.0,5170,0.0009902783766563557,0.009900990099009901
5180,9115,891.0,5180,0.0009901685943976626,0.009900990099009901
5190,9111,898.0,5190,0.0009901286735703376,0.009900990099009901
5200,9117,893.0,5200,0.0009901885548101287,0.009900990099009901
5210,9117,895.0,5210,0.0009901885548101287,0.009900990099009901
5220,9128,878.0,5220,0.0009902983370644347,0.009900990099009901
5230,9107,908.0,5230,0.0009900887527398224,0.009900990099009901
5240,9131,877.0,5240,0.0009903282776750578,0.009900990099009901
5250,9141,869.0,5250,0.000990428079697507,0.009900990099009901
5260,9143,872.0,5260,0.000990448040099604,0.009900990099009901
5270,9152,859.0,5270,0.00099053786189917,0.009900990099009901
5280,9135,874.0,5280,0.0009903681984864304,0.009900990099009901
5290,9138,869.0,5290,0.000990398139092866,0.009900990099009901
5300,9155,857.0,5300,0.000990567802495436,0.009900990099009901
5310,9149,863.0,5310,0.000990507921301109,0.009900990099009901
5320,9135,879.0,5320,0.0009903681984864304,0.009900990099009901
5330,9134,875.0,5330,0.0009903582182838866,0.009900990099009901
5340,9106,908.0,5340,0.0009900787725316948,0.009900990099009901
5350,9094,915.0,5350,0.0009899590100186121,0.009900990099009901
5360,9120,891.0,5360,0.0009902184954273324,0.009900990099009901
5370,9109,901.0,5370,0.0009901087131554786,0.009900990099009901
5380,9116,900.0,5380,0.0009901785746039954,0.009900990099009901
5390,9102,907.0,5390,0.000990038851697191,0.009900990099009901
5400,9089,918.0,5400,0.0009899091089630196,0.009900990099009901
5410,9103,909.0,5410,0.000990048831906116,0.009900990099009901
5420,9106,899.0,5420,0.0009900787725316948,0.009900990099009901
5430,9096,918.0,5430,0.0009899789704394533,0.009900990099009901
5440,9081,926.0,5440,0.0009898292672637025,0.009900990099009901
5450,9103,904.0,5450,0.000990048831906116,0.009900990099009901
5460,9141,871.0,5460,0.000990428079697507,0.009900990099009901
5470,9117,892.0,5470,0.0009901885548101287,0.009900990099009901
5480,9148,853.0,5480,0.000990497941101357,0.009900990099009901
5490,9158,848.0,5490,0.0009905977430899068,0.009900990099009901
5500,9149,862.0,5500,0.000990507921301109,0.009900990099009901
5510,9129,884.0,5510,0.0009903083172681753,0.009900990099009901
5520,9116,895.0,5520,0.0009901785746039954,0.009900990099009901
5530,9104,901.0,5530,0.0009900588121148418,0.009900990099009901
5540,9068,943.0,5540,0.0009896995244750933,0.009900990099009901
5550,9063,948.0,5550,0.0009896496233935776,0.009900990099009901
5560,9066,944.0,5560,0.000989679564043085,0.009900990099009901
5570,9046,968.0,5570,0.0009894799596791364,0.009900990099009901
5580,9067,936.0,5580,0.000989689544259189,0.009900990099009901
5590,9092,919.0,5590,0.0009899390495969735,0.009900990099009901
5600,9122,889.0,5600,0.0009902384558378046,0.009900990099009901
5610,9124,882.0,5610,0.0009902584162474787,0.009900990099009901
5620,9104,904.0,5620,0.0009900588121148418,0.009900990099009901
5630,9117,894.0,5630,0.0009901885548101287,0.009900990099009901
5640,9138,873.0,5640,0.000990398139092866,0.009900990099009901
5650,9146,864.0,5650,0.000990477980701254,0.009900990099009901
5660,9140,869.0,5660,0.0009904180994961594,0.009900990099009901
5670,9120,893.0,5670,0.0009902184954273324,0.009900990099009901
5680,9112,892.0,5680,0.0009901386537774681,0.009900990099009901
5690,9108,900.0,5690,0.0009900987329477503,0.009900990099009901
5700,9083,922.0,5700,0.000989849227689728,0.009900990099009901
5710,9105,906.0,5710,0.000990068792323368,0.009900990099009901
5720,9097,912.0,5720,0.000989988950649575,0.009900990099009901
5730,9077,931.0,5730,0.000989789346409258,0.009900990099009901
5740,9092,925.0,5740,0.0009899390495969735,0.009900990099009901
5750,9090,915.0,5750,0.000989919089174537,0.009900990099009901
5760,9094,914.0,5760,0.0009899590100186121,0.009900990099009901
5770,9098,910.0,5770,0.0009899989308594969,0.009900990099009901
5780,9083,922.0,5780,0.000989849227689728,0.009900990099009901
5790,9093,915.0,5790,0.0009899490298078926,0.009900990099009901
5800,9080,927.0,5800,0.0009898192870503905,0.009900990099009901
5810,9102,904.0,5810,0.000990038851697191,0.009900990099009901
5820,9108,897.0,5820,0.0009900987329477503,0.009900990099009901
5830,9094,915.0,5830,0.0009899590100186121,0.009900990099009901
5840,9112,898.0,5840,0.0009901386537774681,0.009900990099009901
5850,9096,909.0,5850,0.0009899789704394533,0.009900990099009901
5860,9100,906.0,5860,0.0009900188912787427,0.009900990099009901
5870,9114,895.0,5870,0.0009901586141911306,0.009900990099009901
5880,9104,904.0,5880,0.0009900588121148418,0.009900990099009901
5890,9115,893.0,5890,0.0009901685943976626,0.009900990099009901
5900,9090,915.0,5900,0.000989919089174537,0.009900990099009901
5910,9089,921.0,5910,0.0009899091089630196,0.009900990099009901
5920,9105,908.0,5920,0.000990068792323368,0.009900990099009901
5930,9103,906.0,5930,0.000990048831906116,0.009900990099009901
5940,9109,898.0,5940,0.0009901087131554786,0.009900990099009901
5950,9104,901.0,5950,0.0009900588121148418,0.009900990099009901
5960,9088,920.0,5960,0.0009898991287513028,0.009900990099009901
5970,9089,924.0,5970,0.0009899091089630196,0.009900990099009901
5980,9093,924.0,5980,0.0009899490298078926,0.009900990099009901
5990,9104,905.0,5990,0.0009900588121148418,0.009900990099009901
6000,9108,897.0,6000,0.0009900987329477503,0.009900990099009901
6010,9120,890.0,6010,0.0009902184954273324,0.009900990099009901
6020,9125,882.0,6020,0.000990268396452017,0.009900990099009901
6030,9127,884.0,6030,0.000990288356860495,0.009900990099009901
6040,9121,885.0,6040,0.0009902284756326681,0.009900990099009901
6050,9114,897.0,6050,0.0009901586141911306,0.009900990099009901
6060,9097,916.0,6060,0.000989988950649575,0.009900990099009901
6070,9093,919.0,6070,0.0009899490298078926,0.009900990099009901
6080,9075,928.0,6080,0.0009897693859808397,0.009900990099009901
6090,9082,924.0,6090,0.0009898392474768153,0.009900990099009901
6100,9079,932.0,6100,0.0009898093068368792,0.009900990099009901
6110,9079,928.0,6110,0.0009898093068368792,0.009900990099009901
6120,9088,928.0,6120,0.0009898991287513028,0.009900990099009901
6130,9085,921.0,6130,0.0009898691881149563,0.009900990099009901
6140,9067,942.0,6140,0.000989689544259189,0.009900990099009901
6150,9032,975.0,6150,0.000989340236576913,0.009900990099009901
6160,9030,982.0,6160,0.000989320276130548,0.009900990099009901
6170,9037,971.0,6170,0.0009893901376893366,0.009900990099009901
6180,9021,985.0,6180,0.0009892304541120336,0.009900990099009901
6190,9013,1005.0,6190,0.0009891506123042393,0.009900990099009901
6200,9021,987.0,6200,0.0009892304541120336,0.009900990099009901
6210,9004,1004.0,6210,0.0009890607902552156,0.009900990099009901
6220,9015,996.0,6220,0.0009891705727573842,0.009900990099009901
6230,8991,1014.0,6230,0.000988931047267,0.009900990099009901
6240,9012,999.0,6240,0.0009891406320773676,0.009900990099009901
6250,9003,1009.0,6250,0.0009890508100265493,0.009900990099009901
6260,8988,1020.0,6260,0.0009889011065726259,0.009900990099009901
6270,8990,1019.0,6270,0.0009889210670357414,0.009900990099009901
6280,8990,1020.0,6280,0.0009889210670357414,0.009900990099009901
6290,9009,999.0,6290,0.0009891106913955563,0.009900990099009901
6300,9051,959.0,6300,0.0009895298607776012,0.009900990099009901
6310,9039,974.0,6310,0.0009894100981329102,0.009900990099009901
6320,9054,954.0,6320,0.0009895598014342873,0.009900990099009901
6330,9050,968.0,6330,0.0009895198805583072,0.009900990099009901
6340,9035,971.0,6340,0.0009893701772449657,0.009900990099009901
6350,9075,933.0,6350,0.0009897693859808397,0.009900990099009901
6360,9051,957.0,6360,0.0009895298607776012,0.009900990099009901
6370,9086,920.0,6370,0.0009898791683272713,0.009900990099009901
6380,9092,918.0,6380,0.0009899390495969735,0.009900990099009901
6390,9088,920.0,6390,0.0009898991287513028,0.009900990099009901
6400,9084,924.0,6400,0.0009898592079024418,0.009900990099009901
6410,9090,922.0,6410,0.000989919089174537,0.009900990099009901
6420,9061,950.0,6420,0.0009896296629595758,0.009900990099009901
6430,9063,946.0,6430,0.0009896496233935776,0.009900990099009901
6440,9037,971.0,6440,0.0009893901376893366,0.009900990099009901
6450,9040,971.0,6450,0.0009894200783543978,0.009900990099009901
6460,9035,969.0,6460,0.0009893701772449657,0.009900990099009901
6470,9061,947.0,6470,0.0009896296629595758,0.009900990099009901
6480,9110,899.0,6480,0.000990118693363008,0.009900990099009901
6490,9104,906.0,6490,0.0009900588121148418,0.009900990099009901
6500,9115,894.0,6500,0.0009901685943976626,0.009900990099009901
6510,9106,902.0,6510,0.0009900787725316948,0.009900990099009901
6520,9108,898.0,6520,0.0009900987329477503,0.009900990099009901
6530,9093,916.0,6530,0.0009899490298078926,0.009900990099009901
6540,9095,911.0,6540,0.0009899689902291323,0.009900990099009901
6550,9082,928.0,6550,0.0009898392474768153,0.009900990099009901
6560,9104,903.0,6560,0.0009900588121148418,0.009900990099009901
6570,9091,916.0,6570,0.0009899290693858548,0.009900990099009901
6580,9091,918.0,6580,0.0009899290693858548,0.009900990099009901
6590,9098,908.0,6590,0.0009899989308594969,0.009900990099009901
6600,9100,909.0,6600,0.0009900188912787427,0.009900990099009901
6610,9111,895.0,6610,0.0009901286735703376,0.009900990099009901
6620,9112,900.0,6620,0.0009901386537774681,0.009900990099009901
6630,9106,906.0,6630,0.0009900787725316948,0.009900990099009901
6640,9123,885.0,6640,0.0009902484360427416,0.009900990099009901
6650,9126,881.0,6650,0.0009902783766563557,0.009900990099009901
6660,9111,896.0,6660,0.0009901286735703376,0.009900990099009901
6670,9108,899.0,6670,0.0009900987329477503,0.009900990099009901
6680,9115,896.0,6680,0.0009901685943976626,0.009900990099009901
6690,9098,912.0,6690,0.0009899989308594969,0.009900990099009901
6700,9095,911.0,6700,0.0009899689902291323,0.009900990099009901
6710,9118,891.0,6710,0.000990198535016063,0.009900990099009901
6720,9117,895.0,6720,0.0009901885548101287,0.009900990099009901
6730,9117,892.0,6730,0.0009901885548101287,0.009900990099009901
6740,9123,884.0,6740,0.0009902484360427416,0.009900990099009901
6750,9121,892.0,6750,0.0009902284756326681,0.009900990099009901
6760,9108,901.0,6760,0.0009900987329477503,0.009900990099009901
6770,9081,926.0,6770,0.0009898292672637025,0.009900990099009901
6780,9078,931.0,6780,0.0009897993266231682,0.009900990099009901
6790,9089,921.0,6790,0.0009899091089630196,0.009900990099009901
6800,9094,914.0,6800,0.0009899590100186121,0.009900990099009901
6810,9087,924.0,6810,0.0009898891485393868,0.009900990099009901
6820,9079,929.0,6820,0.0009898093068368792,0.009900990099009901
6830,9102,907.0,6830,0.000990038851697191,0.009900990099009901
6840,9080,928.0,6840,0.0009898192870503905,0.009900990099009901
6850,9098,913.0,6850,0.0009899989308594969,0.009900990099009901
6860,9106,905.0,6860,0.0009900787725316948,0.009900990099009901
6870,9098,910.0,6870,0.0009899989308594969,0.009900990099009901
6880,9109,899.0,6880,0.0009901087131554786,0.009900990099009901
6890,9097,905.0,6890,0.000989988950649575,0.009900990099009901
6900,9096,912.0,6900,0.0009899789704394533,0.009900990099009901
6910,9108,900.0,6910,0.0009900987329477503,0.009900990099009901
6920,9112,895.0,6920,0.0009901386537774681,0.009900990099009901
6930,9115,890.0,6930,0.0009901685943976626,0.009900990099009901
6940,9106,902.0,6940,0.0009900787725316948,0.009900990099009901
6950,9100,909.0,6950,0.0009900188912787427,0.009900990099009901
6960,9073,936.0,6960,0.0009897494255516233,0.009900990099009901
6970,9071,939.0,6970,0.0009897294651216096,0.009900990099009901
6980,9098,917.0,6980,0.0009899989308594969,0.009900990099009901
6990,9109,901.0,6990,0.0009901087131554786,0.009900990099009901
7000,9113,891.0,7000,0.000990148633984399,0.009900990099009901
7010,9126,886.0,7010,0.0009902783766563557,0.009900990099009901
7020,9137,868.0,7020,0.0009903881588909204,0.009900990099009901
7030,9114,894.0,7030,0.0009901586141911306,0.009900990099009901
7040,9117,892.0,7040,0.0009901885548101287,0.009900990099009901
7050,9112,895.0,7050,0.0009901386537774681,0.009900990099009901
7060,9137,871.0,7060,0.0009903881588909204,0.009900990099009901
7070,9131,878.0,7070,0.0009903282776750578,0.009900990099009901
7080,9135,872.0,7080,0.0009903681984864304,0.009900990099009901
7090,9123,884.0,7090,0.0009902484360427416,0.009900990099009901
7100,9090,917.0,7100,0.000989919089174537,0.009900990099009901
7110,9132,878.0,7110,0.0009903382578782,0.009900990099009901
7120,9158,855.0,7120,0.0009905977430899068,0.009900990099009901
7130,9143,866.0,7130,0.000990448040099604,0.009900990099009901
7140,9127,886.0,7140,0.000990288356860495,0.009900990099009901
7150,9120,887.0,7150,0.0009902184954273324,0.009900990099009901
7160,9103,902.0,7160,0.000990048831906116,0.009900990099009901
7170,9115,894.0,7170,0.0009901685943976626,0.009900990099009901
7180,9114,896.0,7180,0.0009901586141911306,0.009900990099009901
7190,9116,891.0,7190,0.0009901785746039954,0.009900990099009901
7200,9121,892.0,7200,0.0009902284756326681,0.009900990099009901
7210,9114,897.0,7210,0.0009901586141911306,0.009900990099009901
7220,9114,896.0,7220,0.0009901586141911306,0.009900990099009901
7230,9100,911.0,7230,0.0009900188912787427,0.009900990099009901
7240,9088,924.0,7240,0.0009898991287513028,0.009900990099009901
7250,9084,927.0,7250,0.0009898592079024418,0.009900990099009901
7260,9057,952.0,7260,0.0009895897420891789,0.009900990099009901
7270,9080,929.0,7270,0.0009898192870503905,0.009900990099009901
7280,9067,945.0,7280,0.000989689544259189,0.009900990099009901
7290,9082,926.0,7290,0.0009898392474768153,0.009900990099009901
7300,9083,927.0,7300,0.000989849227689728,0.009900990099009901
7310,9083,932.0,7310,0.000989849227689728,0.009900990099009901
7320,9070,936.0,7320,0.0009897194849063033,0.009900990099009901
7330,9066,941.0,7330,0.000989679564043085,0.009900990099009901
7340,9032,980.0,7340,0.000989340236576913,0.009900990099009901
7350,9036,976.0,7350,0.0009893801574672506,0.009900990099009901
7360,9056,953.0,7360,0.0009895797618710812,0.009900990099009901
7370,9051,954.0,7370,0.0009895298607776012,0.009900990099009901
7380,9064,950.0,7380,0.0009896596036102795,0.009900990099009901
7390,9060,949.0,7390,0.0009896196827422757,0.009900990099009901
7400,9045,961.0,7400,0.0009894699794588452,0.009900990099009901
7410,9054,957.0,7410,0.0009895598014342873,0.009900990099009901
7420,9066,939.0,7420,0.000989679564043085,0.009900990099009901
7430,9079,931.0,7430,0.0009898093068368792,0.009900990099009901
7440,9086,921.0,7440,0.0009898791683272713,0.009900990099009901
7450,9101,904.0,7450,0.0009900288714880668,0.009900990099009901
7460,9090,913.0,7460,0.000989919089174537,0.009900990099009901
7470,9103,911.0,7470,0.000990048831906116,0.009900990099009901
7480,9102,910.0,7480,0.000990038851697191,0.009900990099009901
7490,9094,911.0,7490,0.0009899590100186121,0.009900990099009901
7500,9089,921.0,7500,0.0009899091089630196,0.009900990099009901
7510,9084,930.0,7510,0.0009898592079024418,0.009900990099009901
7520,9070,938.0,7520,0.0009897194849063033,0.009900990099009901
7530,9086,920.0,7530,0.0009898791683272713,0.009900990099009901
7540,9079,928.0,7540,0.0009898093068368792,0.009900990099009901
7550,9084,929.0,7550,0.0009898592079024418,0.009900990099009901
7560,9062,943.0,7560,0.0009896396431766763,0.009900990099009901
7570,9055,955.0,7570,0.0009895697816527838,0.009900990099009901
7580,9064,946.0,7580,0.0009896596036102795,0.009900990099009901
7590,9056,951.0,7590,0.0009895797618710812,0.009900990099009901
7600,9070,940.0,7600,0.0009897194849063033,0.009900990099009901
7610,9069,939.0,7610,0.000989709504690798,0.009900990099009901
7620,9101,910.0,7620,0.0009900288714880668,0.009900990099009901
7630,9084,928.0,7630,0.0009898592079024418,0.009900990099009901
7640,9117,892.0,7640,0.0009901885548101287,0.009900990099009901
7650,9120,889.0,7650,0.0009902184954273324,0.009900990099009901
7660,9101,906.0,7660,0.0009900288714880668,0.009900990099009901
7670,9092,918.0,7670,0.0009899390495969735,0.009900990099009901
7680,9081,923.0,7680,0.0009898292672637025,0.009900990099009901
7690,9067,942.0,7690,0.000989689544259189,0.009900990099009901
7700,9069,944.0,7700,0.000989709504690798,0.009900990099009901
7710,9092,924.0,7710,0.0009899390495969735,0.009900990099009901
7720,9075,932.0,7720,0.0009897693859808397,0.009900990099009901
7730,9100,909.0,7730,0.0009900188912787427,0.009900990099009901
7740,9101,911.0,7740,0.0009900288714880668,0.009900990099009901
7750,9108,897.0,7750,0.0009900987329477503,0.009900990099009901
7760,9097,913.0,7760,0.000989988950649575,0.009900990099009901
7770,9096,911.0,7770,0.0009899789704394533,0.009900990099009901
7780,9073,938.0,7780,0.0009897494255516233,0.009900990099009901
7790,9092,915.0,7790,0.0009899390495969735,0.009900990099009901
7800,9108,900.0,7800,0.0009900987329477503,0.009900990099009901
7810,9101,910.0,7810,0.0009900288714880668,0.009900990099009901
7820,9119,893.0,7820,0.0009902085152217975,0.009900990099009901
7830,9120,890.0,7830,0.0009902184954273324,0.009900990099009901
7840,9098,912.0,7840,0.0009899989308594969,0.009900990099009901
7850,9072,937.0,7850,0.0009897394453367162,0.009900990099009901
7860,9091,917.0,7860,0.0009899290693858548,0.009900990099009901
7870,9093,917.0,7870,0.0009899490298078926,0.009900990099009901
7880,9107,906.0,7880,0.0009900887527398224,0.009900990099009901
7890,9100,911.0,7890,0.0009900188912787427,0.009900990099009901
7900,9108,903.0,7900,0.0009900987329477503,0.009900990099009901
7910,9099,914.0,7910,0.0009900089110692195,0.009900990099009901
7920,9127,882.0,7920,0.000990288356860495,0.009900990099009901
7930,9108,905.0,7930,0.0009900987329477503,0.009900990099009901
7940,9120,893.0,7940,0.0009902184954273324,0.009900990099009901
7950,9105,903.0,7950,0.000990068792323368,0.009900990099009901
7960,9139,864.0,7960,0.0009904081192946125,0.009900990099009901
7970,9115,887.0,7970,0.0009901685943976626,0.009900990099009901
7980,9122,887.0,7980,0.0009902384558378046,0.009900990099009901
7990,9106,899.0,7990,0.0009900787725316948,0.009900990099009901
8000,9099,913.0,8000,0.0009900089110692195,0.009900990099009901
8010,9092,917.0,8010,0.0009899390495969735,0.009900990099009901
8020,9078,928.0,8020,0.0009897993266231682,0.009900990099009901
8030,9079,926.0,8030,0.0009898093068368792,0.009900990099009901
8040,9094,912.0,8040,0.0009899590100186121,0.009900990099009901
8050,9096,914.0,8050,0.0009899789704394533,0.009900990099009901
8060,9103,905.0,8060,0.000990048831906116,0.009900990099009901
8070,9099,902.0,8070,0.0009900089110692195,0.009900990099009901
8080,9103,905.0,8080,0.000990048831906116,0.009900990099009901
8090,9109,897.0,8090,0.0009901087131554786,0.009900990099009901
8100,9104,904.0,8100,0.0009900588121148418,0.009900990099009901
8110,9106,908.0,8110,0.0009900787725316948,0.009900990099009901
8120,9138,871.0,8120,0.000990398139092866,0.009900990099009901
8130,9118,890.0,8130,0.000990198535016063,0.009900990099009901
8140,9123,881.0,8140,0.0009902484360427416,0.009900990099009901
8150,9109,902.0,8150,0.0009901087131554786,0.009900990099009901
8160,9111,896.0,8160,0.0009901286735703376,0.009900990099009901
8170,9138,866.0,8170,0.000990398139092866,0.009900990099009901
8180,9155,855.0,8180,0.000990567802495436,0.009900990099009901
8190,9175,834.0,8190,0.0009907674064246782,0.009900990099009901
8200,9149,860.0,8200,0.000990507921301109,0.009900990099009901
8210,9139,867.0,8210,0.0009904081192946125,0.009900990099009901
8220,9141,865.0,8220,0.000990428079697507,0.009900990099009901
8230,9121,889.0,8230,0.0009902284756326681,0.009900990099009901
8240,9094,919.0,8240,0.0009899590100186121,0.009900990099009901
8250,9118,897.0,8250,0.000990198535016063,0.009900990099009901
8260,9129,880.0,8260,0.0009903083172681753,0.009900990099009901
8270,9120,885.0,8270,0.0009902184954273324,0.009900990099009901
8280,9070,935.0,8280,0.0009897194849063033,0.009900990099009901
8290,9092,915.0,8290,0.0009899390495969735,0.009900990099009901
8300,9081,927.0,8300,0.0009898292672637025,0.009900990099009901
8310,9083,926.0,8310,0.000989849227689728,0.009900990099009901
8320,9069,945.0,8320,0.000989709504690798,0.009900990099009901
8330,9087,922.0,8330,0.0009898891485393868,0.009900990099009901
8340,9078,932.0,8340,0.0009897993266231682,0.009900990099009901
8350,9096,919.0,8350,0.0009899789704394533,0.009900990099009901
8360,9107,905.0,8360,0.0009900887527398224,0.009900990099009901
8370,9095,911.0,8370,0.0009899689902291323,0.009900990099009901
8380,9099,908.0,8380,0.0009900089110692195,0.009900990099009901
8390,9099,911.0,8390,0.0009900089110692195,0.009900990099009901
8400,9114,890.0,8400,0.0009901586141911306,0.009900990099009901
8410,9105,905.0,8410,0.000990068792323368,0.009900990099009901
8420,9107,906.0,8420,0.0009900887527398224,0.009900990099009901
8430,9092,920.0,8430,0.0009899390495969735,0.009900990099009901
8440,9078,924.0,8440,0.0009897993266231682,0.009900990099009901
8450,9070,936.0,8450,0.0009897194849063033,0.009900990099009901
8460,9074,933.0,8460,0.0009897594057663311,0.009900990099009901
8470,9078,929.0,8470,0.0009897993266231682,0.009900990099009901
8480,9082,933.0,8480,0.0009898392474768153,0.009900990099009901
8490,9078,933.0,8490,0.0009897993266231682,0.009900990099009901
8500,9063,940.0,8500,0.0009896496233935776,0.009900990099009901
8510,9046,959.0,8510,0.0009894799596791364,0.009900990099009901
8520,9055,953.0,8520,0.0009895697816527838,0.009900990099009901
8530,9065,946.0,8530,0.000989669583826782,0.009900990099009901
8540,9087,926.0,8540,0.0009898891485393868,0.009900990099009901
8550,9083,926.0,8550,0.000989849227689728,0.009900990099009901
8560,9087,920.0,8560,0.0009898891485393868,0.009900990099009901
8570,9126,882.0,8570,0.0009902783766563557,0.009900990099009901
8580,9124,884.0,8580,0.0009902584162474787,0.009900990099009901
8590,9133,874.0,8590,0.0009903482380811432,0.009900990099009901
8600,9159,846.0,8600,0.0009906077232876653,0.009900990099009901
8610,9137,872.0,8610,0.0009903881588909204,0.009900990099009901
8620,9145,869.0,8620,0.0009904680005009036,0.009900990099009901
8630,9157,857.0,8630,0.000990587762891949,0.009900990099009901
8640,9170,836.0,8640,0.0009907175054498455,0.009900990099009901
8650,9162,848.0,8650,0.0009906376638797434,0.009900990099009901
8660,9151,861.0,8660,0.0009905278817000155,0.009900990099009901
8670,9126,885.0,8670,0.0009902783766563557,0.009900990099009901
8680,9100,910.0,8680,0.0009900188912787427,0.009900990099009901
8690,9111,901.0,8690,0.0009901286735703376,0.009900990099009901
8700,9109,901.0,8700,0.0009901087131554786,0.009900990099009901
8710,9140,871.0,8710,0.0009904180994961594,0.009900990099009901
8720,9111,899.0,8720,0.0009901286735703376,0.009900990099009901
8730,9082,925.0,8730,0.0009898392474768153,0.009900990099009901
8740,9087,926.0,8740,0.0009898891485393868,0.009900990099009901
8750,9076,930.0,8750,0.0009897793661951485,0.009900990099009901
8760,9068,943.0,8760,0.0009896995244750933,0.009900990099009901
8770,9071,935.0,8770,0.0009897294651216096,0.009900990099009901
8780,9078,932.0,8780,0.0009897993266231682,0.009900990099009901
8790,9058,950.0,8790,0.000989599722307077,0.009900990099009901
8800,9050,959.0,8800,0.0009895198805583072,0.009900990099009901
8810,9056,953.0,8810,0.0009895797618710812,0.009900990099009901
8820,9063,946.0,8820,0.0009896496233935776,0.009900990099009901
8830,9067,941.0,8830,0.000989689544259189,0.009900990099009901
8840,9092,921.0,8840,0.0009899390495969735,0.009900990099009901
8850,9109,902.0,8850,0.0009901087131554786,0.009900990099009901
8860,9119,893.0,8860,0.0009902085152217975,0.009900990099009901
8870,9099,910.0,8870,0.0009900089110692195,0.009900990099009901
8880,9122,890.0,8880,0.0009902384558378046,0.009900990099009901
8890,9137,873.0,8890,0.0009903881588909204,0.009900990099009901
8900,9119,887.0,8900,0.0009902085152217975,0.009900990099009901
8910,9113,895.0,8910,0.000990148633984399,0.009900990099009901
8920,9092,919.0,8920,0.0009899390495969735,0.009900990099009901
8930,9109,896.0,8930,0.0009901087131554786,0.009900990099009901
8940,9122,887.0,8940,0.0009902384558378046,0.009900990099009901
8950,9129,877.0,8950,0.0009903083172681753,0.009900990099009901
8960,9109,895.0,8960,0.0009901087131554786,0.009900990099009901
8970,9117,892.0,8970,0.0009901885548101287,0.009900990099009901
8980,9124,886.0,8980,0.0009902584162474787,0.009900990099009901
8990,9114,898.0,8990,0.0009901586141911306,0.009900990099009901
9000,9098,917.0,9000,0.0009899989308594969,0.009900990099009901
9010,9106,902.0,9010,0.0009900787725316948,0.009900990099009901
9020,9104,906.0,9020,0.0009900588121148418,0.009900990099009901
9030,9103,912.0,9030,0.000990048831906116,0.009900990099009901
9040,9112,897.0,9040,0.0009901386537774681,0.009900990099009901
9050,9122,888.0,9050,0.0009902384558378046,0.009900990099009901
9060,9129,883.0,9060,0.0009903083172681753,0.009900990099009901
9070,9122,886.0,9070,0.0009902384558378046,0.009900990099009901
9080,9108,902.0,9080,0.0009900987329477503,0.009900990099009901
9090,9116,898.0,9090,0.0009901785746039954,0.009900990099009901
9100,9108,900.0,9100,0.0009900987329477503,0.009900990099009901
9110,9102,902.0,9110,0.000990038851697191,0.009900990099009901
9120,9096,915.0,9120,0.0009899789704394533,0.009900990099009901
9130,9113,896.0,9130,0.000990148633984399,0.009900990099009901
9140,9121,884.0,9140,0.0009902284756326681,0.009900990099009901
9150,9099,910.0,9150,0.0009900089110692195,0.009900990099009901
9160,9110,898.0,9160,0.000990118693363008,0.009900990099009901
9170,9105,905.0,9170,0.000990068792323368,0.009900990099009901
9180,9102,905.0,9180,0.000990038851697191,0.009900990099009901
9190,9099,910.0,9190,0.0009900089110692195,0.009900990099009901
9200,9085,924.0,9200,0.0009898691881149563,0.009900990099009901
9210,9101,904.0,9210,0.0009900288714880668,0.009900990099009901
9220,9073,938.0,9220,0.0009897494255516233,0.009900990099009901
9230,9079,927.0,9230,0.0009898093068368792,0.009900990099009901
9240,9081,926.0,9240,0.0009898292672637025,0.009900990099009901
9250,9101,910.0,9250,0.0009900288714880668,0.009900990099009901
9260,9092,915.0,9260,0.0009899390495969735,0.009900990099009901
9270,9115,890.0,9270,0.0009901685943976626,0.009900990099009901
9280,9125,883.0,9280,0.000990268396452017,0.009900990099009901
9290,9116,893.0,9290,0.0009901785746039954,0.009900990099009901
9300,9092,914.0,9300,0.0009899390495969735,0.009900990099009901
9310,9074,931.0,9310,0.0009897594057663311,0.009900990099009901
9320,9051,952.0,9320,0.0009895298607776012,0.009900990099009901
9330,9046,964.0,9330,0.0009894799596791364,0.009900990099009901
9340,9066,939.0,9340,0.000989679564043085,0.009900990099009901
9350,9050,956.0,9350,0.0009895198805583072,0.009900990099009901
9360,9056,955.0,9360,0.0009895797618710812,0.009900990099009901
9370,9061,950.0,9370,0.0009896296629595758,0.009900990099009901
9380,9078,930.0,9380,0.0009897993266231682,0.009900990099009901
9390,9115,895.0,9390,0.0009901685943976626,0.009900990099009901
9400,9100,908.0,9400,0.0009900188912787427,0.009900990099009901
9410,9104,900.0,9410,0.0009900588121148418,0.009900990099009901
9420,9113,893.0,9420,0.000990148633984399,0.009900990099009901
9430,9114,897.0,9430,0.0009901586141911306,0.009900990099009901
9440,9110,897.0,9440,0.000990118693363008,0.009900990099009901
9450,9080,927.0,9450,0.0009898192870503905,0.009900990099009901
9460,9044,963.0,9460,0.0009894599992383542,0.009900990099009901
9470,9041,967.0,9470,0.000989430058575686,0.009900990099009901
9480,9063,942.0,9480,0.0009896496233935776,0.009900990099009901
9490,9065,950.0,9490,0.000989669583826782,0.009900990099009901
9500,9053,953.0,9500,0.0009895498212155913,0.009900990099009901
9510,9054,958.0,9510,0.0009895598014342873,0.009900990099009901
9520,9062,949.0,9520,0.0009896396431766763,0.009900990099009901
9530,9069,941.0,9530,0.000989709504690798,0.009900990099009901
9540,9084,926.0,9540,0.0009898592079024418,0.009900990099009901
9550,9114,896.0,9550,0.0009901586141911306,0.009900990099009901
9560,9120,884.0,9560,0.0009902184954273324,0.009900990099009901
9570,9133,875.0,9570,0.0009903482380811432,0.009900990099009901
9580,9139,876.0,9580,0.0009904081192946125,0.009900990099009901
9590,9118,888.0,9590,0.000990198535016063,0.009900990099009901
9600,9132,876.0,9600,0.0009903382578782,0.009900990099009901
9610,9131,876.0,9610,0.0009903282776750578,0.009900990099009901
9620,9098,912.0,9620,0.0009899989308594969,0.009900990099009901
9630,9097,910.0,9630,0.000989988950649575,0.009900990099009901
9640,9123,885.0,9640,0.0009902484360427416,0.009900990099009901
9650,9113,893.0,9650,0.000990148633984399,0.009900990099009901
9660,9131,881.0,9660,0.0009903282776750578,0.009900990099009901
9670,9119,887.0,9670,0.0009902085152217975,0.009900990099009901
9680,9134,878.0,9680,0.0009903582182838866,0.009900990099009901
9690,9125,881.0,9690,0.000990268396452017,0.009900990099009901
9700,9124,882.0,9700,0.0009902584162474787,0.009900990099009901
9710,9139,868.0,9710,0.0009904081192946125,0.009900990099009901
9720,9136,866.0,9720,0.000990378178688775,0.009900990099009901
9730,9125,881.0,9730,0.000990268396452017,0.009900990099009901
9740,9126,881.0,9740,0.0009902783766563557,0.009900990099009901
9750,9132,881.0,9750,0.0009903382578782,0.009900990099009901
9760,9123,884.0,9760,0.0009902484360427416,0.009900990099009901
9770,9143,869.0,9770,0.000990448040099604,0.009900990099009901
9780,9113,899.0,9780,0.000990148633984399,0.009900990099009901
9790,9098,914.0,9790,0.0009899989308594969,0.009900990099009901
9800,9100,909.0,9800,0.0009900188912787427,0.009900990099009901
9810,9088,926.0,9810,0.0009898991287513028,0.009900990099009901
9820,9103,904.0,9820,0.000990048831906116,0.009900990099009901
9830,9133,874.0,9830,0.0009903482380811432,0.009900990099009901
9840,9118,891.0,9840,0.000990198535016063,0.009900990099009901
9850,9114,895.0,9850,0.0009901586141911306,0.009900990099009901
9860,9132,878.0,9860,0.0009903382578782,0.009900990099009901
9870,9120,890.0,9870,0.0009902184954273324,0.009900990099009901
9880,9119,891.0,9880,0.0009902085152217975,0.009900990099009901
9890,9129,879.0,9890,0.0009903083172681753,0.009900990099009901
9900,9132,878.0,9900,0.0009903382578782,0.009900990099009901
9910,9125,881.0,9910,0.000990268396452017,0.009900990099009901
9920,9139,872.0,9920,0.0009904081192946125,0.009900990099009901
9930,9141,874.0,9930,0.000990428079697507,0.009900990099009901
9940,9140,869.0,9940,0.0009904180994961594,0.009900990099009901
9950,9124,885.0,9950,0.0009902584162474787,0.009900990099009901
9960,9119,886.0,9960,0.0009902085152217975,0.009900990099009901
9970,9103,909.0,9970,0.000990048831906116,0.009900990099009901
9980,9110,895.0,9980,0.000990118693363008,0.009900990099009901
9990,9096,912.0,9990,0.0009899789704394533,0.009900990099009901
10000,9077,932.0,10000,0.000989789346409258,0.009900990099009901
