Time,A,B,C
0,100000,10000,0
10,99897,9897,103
20,99799,9799,201
30,99708,9708,292
40,99637,9637,363
50,99581,9581,419
60,99531,9531,469
70,99483,9483,517
80,99435,9435,565
90,99419,9419,581
100,99385,9385,615
110,99354,9354,646
120,99311,9311,689
130,99288,9288,712
140,99251,9251,749
150,99213,9213,787
160,99207,9207,793
170,99203,9203,797
180,99193,9193,807
190,99166,9166,834
200,99158,9158,842
210,99128,9128,872
220,99097,9097,903
230,99098,9098,902
240,99084,9084,916
250,99091,9091,909
260,99075,9075,925
270,99073,9073,927
280,99063,9063,937
290,99050,9050,950
300,99055,9055,945
310,99064,9064,936
320,99100,9100,900
330,99104,9104,896
340,99132,9132,868
350,99152,9152,848
360,99136,9136,864
370,99128,9128,872
380,99125,9125,875
390,99121,9121,879
400,99121,9121,879
410,99132,9132,868
420,99117,9117,883
430,99116,9116,884
440,99104,9104,896
450,99123,9123,877
460,99132,9132,868
470,99110,9110,890
480,99106,9106,894
490,99100,9100,900
500,99104,9104,896
510,99123,9123,877
520,99106,9106,894
530,99131,9131,869
540,99137,9137,863
550,99117,9117,883
560,99121,9121,879
570,99122,9122,878
580,99131,9131,869
590,99101,9101,899
600,99105,9105,895
610,99077,9077,923
620,99076,9076,924
630,99072,9072,928
640,99054,9054,946
650,99056,9056,944
660,99059,9059,941
670,99057,9057,943
680,99045,9045,955
690,99057,9057,943
700,99035,9035,965
710,99043,9043,957
720,99028,9028,972
730,99025,9025,975
740,99035,9035,965
750,99059,9059,941
760,99043,9043,957
770,99041,9041,959
780,99051,9051,949
790,99055,9055,945
800,99041,9041,959
810,99047,9047,953
820,99057,9057,943
830,99065,9065,935
840,99077,9077,923
850,99084,9084,916
860,99079,9079,921
870,99080,9080,920
880,99105,9105,895
890,99103,9103,897
900,99115,9115,885
910,99090,9090,910
920,99092,9092,908
930,99089,9089,911
940,99085,9085,915
950,99113,9113,887
960,99124,9124,876
970,99104,9104,896
980,99109,9109,891
990,99099,9099,901
1000,99095,9095,905
1010,99108,9108,892
1020,99093,9093,907
1030,99082,9082,918
1040,99098,9098,902
1050,99097,9097,903
1060,99106,9106,894
1070,99109,9109,891
1080,99123,9123,877
1090,99116,9116,884
1100,99121,9121,879
1110,99136,9136,864
1120,99145,9145,855
1130,99153,9153,847
1140,99144,9144,856
1150,99138,9138,862
1160,99132,9132,868
1170,99135,9135,865
1180,99127,9127,873
1190,99110,9110,890
1200,99111,9111,889
1210,99122,9122,878
1220,99115,9115,885
1230,99103,9103,897
1240,99100,9100,900
1250,99112,9112,888
1260,99103,9103,897
1270,99093,9093,907
1280,99076,9076,924
1290,99070,9070,930
1300,99052,9052,948
1310,99054,9054,946
1320,99056,9056,944
1330,99069,9069,931
1340,99055,9055,945
1350,99041,9041,959
1360,99029,9029,971
1370,99042,9042,958
1380,99034,9034,966
1390,99031,9031,969
1400,99026,9026,974
1410,99042,9042,958
1420,99064,9064,936
1430,99072,9072,928
1440,99072,9072,928
1450,99059,9059,941
1460,99101,9101,899
1470,99096,9096,904
1480,99105,9105,895
1490,99093,9093,907
1500,99100,9100,900
1510,99090,9090,910
1520,99086,9086,914
1530,99060,9060,940
1540,99040,9040,960
1550,99065,9065,935
1560,99040,9040,960
1570,99053,9053,947
1580,99043,9043,957
1590,99038,9038,962
1600,99037,9037,963
1610,99028,9028,972
1620,99041,9041,959
1630,99045,9045,955
1640,99065,9065,935
1650,99070,9070,930
1660,99070,9070,930
1670,99074,9074,926
1680,99068,9068,932
1690,99071,9071,929
1700,99085,9085,915
1710,99094,9094,906
1720,99072,9072,928
1730,99092,9092,908
1740,99078,9078,922
1750,99085,9085,915
1760,99096,9096,904
1770,99095,9095,905
1780,99093,9093,907
1790,99100,9100,900
1800,99113,9113,887
1810,99110,9110,890
1820,99101,9101,899
1830,99106,9106,894
1840,99095,9095,905
1850,99067,9067,933
1860,99058,9058,942
1870,99078,9078,922
1880,99088,9088,912
1890,99087,9087,913
1900,99083,9083,917
1910,99071,9071,929
1920,99064,9064,936
1930,99076,9076,924
1940,99087,9087,913
1950,99099,9099,901
1960,99068,9068,932
1970,99082,9082,918
1980,99078,9078,922
1990,99094,9094,906
2000,99080,9080,920
2010,99076,9076,924
2020,99060,9060,940
2030,99058,9058,942
2040,99065,9065,935
2050,99075,9075,925
2060,99078,9078,922
2070,99083,9083,917
2080,99083,9083,917
2090,99094,9094,906
2100,99072,9072,928
2110,99074,9074,926
2120,99061,9061,939
2130,99055,9055,945
2140,99063,9063,937
2150,99083,9083,917
2160,99109,9109,891
2170,99090,9090,910
2180,99112,9112,888
2190,99093,9093,907
2200,99085,9085,915
2210,99098,9098,902
2220,99084,9084,916
2230,99067,9067,933
2240,99095,9095,905
2250,99110,9110,890
2260,99106,9106,894
2270,99090,9090,910
2280,99110,9110,890
2290,99116,9116,884
2300,99124,9124,876
2310,99129,9129,871
2320,99130,9130,870
2330,99110,9110,890
2340,99100,9100,900
2350,99092,9092,908
2360,99083,9083,917
2370,99096,9096,904
2380,99069,9069,931
2390,99077,9077,923
2400,99081,9081,919
2410,99081,9081,919
2420,99093,9093,907
2430,99084,9084,916
2440,99077,9077,923
2450,99070,9070,930
2460,99084,9084,916
2470,99091,9091,909
2480,99097,9097,903
2490,99089,9089,911
2500,99099,9099,901
2510,99084,9084,916
2520,99062,9062,938
2530,99066,9066,934
2540,99076,9076,924
2550,99084,9084,916
2560,99076,9076,924
2570,99074,9074,926
2580,99077,9077,923
2590,99077,9077,923
2600,99078,9078,922
2610,99070,9070,930
2620,99081,9081,919
2630,99072,9072,928
2640,99073,9073,927
2650,99041,9041,959
2660,99070,9070,930
2670,99086,9086,914
2680,99071,9071,929
2690,99055,9055,945
2700,99046,9046,954
2710,99064,9064,936
2720,99077,9077,923
2730,99083,9083,917
2740,99103,9103,897
2750,99083,9083,917
2760,99090,9090,910
2770,99097,9097,903
2780,99100,9100,900
2790,99094,9094,906
2800,99113,9113,887
2810,99105,9105,895
2820,99107,9107,893
2830,99091,9091,909
2840,99107,9107,893
2850,99106,9106,894
2860,99116,9116,884
2870,99115,9115,885
2880,99080,9080,920
2890,99065,9065,935
2900,99051,9051,949
2910,99061,9061,939
2920,99072,9072,928
2930,99068,9068,932
2940,99073,9073,927
2950,99088,9088,912
2960,99104,9104,896
2970,99122,9122,878
2980,99131,9131,869
2990,99124,9124,876
3000,99127,9127,873
3010,99128,9128,872
3020,99124,9124,876
3030,99151,9151,849
3040,99139,9139,861
3050,99132,9132,868
3060,99124,9124,876
3070,99118,9118,882
3080,99110,9110,890
3090,99115,9115,885
3100,99086,9086,914
3110,99092,9092,908
3120,99093,9093,907
3130,99089,9089,911
3140,99102,9102,898
3150,99087,9087,913
3160,99118,9118,882
3170,99106,9106,894
3180,99115,9115,885
3190,99123,9123,877
3200,99121,9121,879
3210,99119,9119,881
3220,99110,9110,890
3230,99115,9115,885
3240,99103,9103,897
3250,99089,9089,911
3260,99078,9078,922
3270,99058,9058,942
3280,99062,9062,938
3290,99063,9063,937
3300,99065,9065,935
3310,99061,9061,939
3320,99062,9062,938
3330,99055,9055,945
3340,99066,9066,934
3350,99073,9073,927
3360,99073,9073,927
3370,99080,9080,920
3380,99098,9098,902
3390,99078,9078,922
3400,99086,9086,914
3410,99097,9097,903
3420,99115,9115,885
3430,99114,9114,886
3440,99107,9107,893
3450,99121,9121,879
3460,99103,9103,897
3470,99093,9093,907
3480,99089,9089,911
3490,99087,9087,913
3500,99101,9101,899
3510,99097,9097,903
3520,99074,9074,926
3530,99070,9070,930
3540,99065,9065,935
3550,99048,9048,952
3560,99029,9029,971
3570,99065,9065,935
3580,99042,9042,958
3590,99063,9063,937
3600,99065,9065,935
3610,99066,9066,934
3620,99072,9072,928
3630,99088,9088,912
3640,99098,9098,902
3650,99088,9088,912
3660,99055,9055,945
3670,99052,9052,948
3680,99065,9065,935
3690,99071,9071,929
3700,99062,9062,938
3710,99043,9043,957
3720,99047,9047,953
3730,99066,9066,934
3740,99064,9064,936
3750,99063,9063,937
3760,99050,9050,950
3770,99034,9034,966
3780,99050,9050,950
3790,99048,9048,952
3800,99058,9058,942
3810,99048,9048,952
3820,99043,9043,957
3830,99039,9039,961
3840,99056,9056,944
3850,99057,9057,943
3860,99078,9078,922
3870,99075,9075,925
3880,99065,9065,935
3890,99043,9043,957
3900,99029,9029,971
3910,99021,9021,979
3920,99048,9048,952
3930,99057,9057,943
3940,99070,9070,930
3950,99056,9056,944
3960,99047,9047,953
3970,99056,9056,944
3980,99057,9057,943
3990,99067,9067,933
4000,99056,9056,944
4010,99044,9044,956
4020,99035,9035,965
4030,99055,9055,945
4040,99055,9055,945
4050,99054,9054,946
4060,99069,9069,931
4070,99053,9053,947
4080,99079,9079,921
4090,99080,9080,920
4100,99069,9069,931
4110,99090,9090,910
4120,99108,9108,892
4130,99083,9083,917
4140,99091,9091,909
4150,99101,9101,899
4160,99116,9116,884
4170,99103,9103,897
4180,99108,9108,892
4190,99094,9094,906
4200,99094,9094,906
4210,99092,9092,908
4220,99090,9090,910
4230,99098,9098,902
4240,99080,9080,920
4250,99092,9092,908
4260,99064,9064,936
4270,99062,9062,938
4280,99084,9084,916
4290,99078,9078,922
4300,99085,9085,915
4310,99098,9098,902
4320,99093,9093,907
4330,99076,9076,924
4340,99052,9052,948
4350,99034,9034,966
4360,99030,9030,970
4370,99048,9048,952
4380,99030,9030,970
4390,99046,9046,954
4400,99065,9065,935
4410,99060,9060,940
4420,99040,9040,960
4430,99066,9066,934
4440,99084,9084,916
4450,99093,9093,907
4460,99111,9111,889
4470,99100,9100,900
4480,99105,9105,895
4490,99086,9086,914
4500,99081,9081,919
4510,99076,9076,924
4520,99080,9080,920
4530,99084,9084,916
4540,99087,9087,913
4550,99088,9088,912
4560,99080,9080,920
4570,99073,9073,927
4580,99091,9091,909
4590,99100,9100,900
4600,99100,9100,900
4610,99100,9100,900
4620,99091,9091,909
4630,99114,9114,886
4640,99100,9100,900
4650,99102,9102,898
4660,99104,9104,896
4670,99100,9100,900
4680,99111,9111,889
4690,99106,9106,894
4700,99101,9101,899
4710,99109,9109,891
4720,99100,9100,900
4730,99108,9108,892
4740,99131,9131,869
4750,99123,9123,877
4760,99132,9132,868
4770,99133,9133,867
4780,99138,9138,862
4790,99134,9134,866
4800,99123,9123,877
4810,99116,9116,884
4820,99099,9099,901
4830,99092,9092,908
4840,99060,9060,940
4850,99052,9052,948
4860,99068,9068,932
4870,99078,9078,922
4880,99087,9087,913
4890,99062,9062,938
4900,99063,9063,937
4910,99069,9069,931
4920,99069,9069,931
4930,99067,9067,933
4940,99066,9066,934
4950,99078,9078,922
4960,99097,9097,903
4970,99087,9087,913
4980,99085,9085,915
4990,99081,9081,919
5000,99079,9079,921
5010,99081,9081,919
5020,99091,9091,909
5030,99112,9112,888
5040,99103,9103,897
5050,99128,9128,872
5060,99133,9133,867
5070,99110,9110,890
5080,99104,9104,896
5090,99116,9116,884
5100,99118,9118,882
5110,99117,9117,883
5120,99111,9111,889
5130,99117,9117,883
5140,99111,9111,889
5150,99109,9109,891
5160,99118,9118,882
5170,99123,9123,877
5180,99115,9115,885
5190,99102,9102,898
5200,99117,9117,883
5210,99105,9105,895
5220,99122,9122,878
5230,99107,9107,893
5240,99123,9123,877
5250,99131,9131,869
5260,99128,9128,872
5270,99141,9141,859
5280,99135,9135,865
5290,99131,9131,869
5300,99143,9143,857
5310,99137,9137,863
5320,99135,9135,865
5330,99125,9125,875
5340,99106,9106,894
5350,99094,9094,906
5360,99109,9109,891
5370,99099,9099,901
5380,99116,9116,884
5390,99093,9093,907
5400,99089,9089,911
5410,99103,9103,897
5420,99101,9101,899
5430,99082,9082,918
5440,99081,9081,919
5450,99103,9103,897
5460,99129,9129,871
5470,99117,9117,883
5480,99148,9148,852
5490,99152,9152,848
5500,99149,9149,851
5510,99129,9129,871
5520,99105,9105,895
5530,99099,9099,901
5540,99068,9068,932
5550,99052,9052,948
5560,99066,9066,934
5570,99046,9046,954
5580,99067,9067,933
5590,99092,9092,908
5600,99111,9111,889
5610,99118,9118,882
5620,99104,9104,896
5630,99117,9117,883
5640,99138,9138,862
5650,99146,9146,854
5660,99140,9140,860
5670,99120,9120,880
5680,99108,9108,892
5690,99100,9100,900
5700,99083,9083,917
5710,99094,9094,906
5720,99088,9088,912
5730,99077,9077,923
5740,99092,9092,908
5750,99090,9090,910
5760,99086,9086,914
5770,99090,9090,910
5780,99083,9083,917
5790,99085,9085,915
5800,99080,9080,920
5810,99102,9102,898
5820,99103,9103,897
5830,99085,9085,915
5840,99102,9102,898
5850,99091,9091,909
5860,99094,9094,906
5870,99105,9105,895
5880,99104,9104,896
5890,99107,9107,893
5900,99090,9090,910
5910,99089,9089,911
5920,99092,9092,908
5930,99103,9103,897
5940,99102,9102,898
5950,99099,9099,901
5960,99088,9088,912
5970,99089,9089,911
5980,99093,9093,907
5990,99104,9104,896
6000,99103,9103,897
6010,99110,9110,890
6020,99118,9118,882
6030,99116,9116,884
6040,99115,9115,885
6050,99103,9103,897
6060,99084,9084,916
6070,99093,9093,907
6080,99072,9072,928
6090,99076,9076,924
6100,99068,9068,932
6110,99072,9072,928
6120,99088,9088,912
6130,99079,9079,921
6140,99058,9058,942
6150,99032,9032,968
6160,99030,9030,970
6170,99029,9029,971
6180,99015,9015,985
6190,98995,8995,1005
6200,99013,9013,987
6210,99004,9004,996
6220,99015,9015,985
6230,98991,8991,1009
6240,99001,9001,999
6250,99003,9003,997
6260,98980,8980,1020
6270,98990,8990,1010
6280,98990,8990,1010
6290,99009,9009,991
6300,99041,9041,959
6310,99039,9039,961
6320,99046,9046,954
6330,99032,9032,968
6340,99035,9035,965
6350,99067,9067,933
6360,99051,9051,949
6370,99080,9080,920
6380,99092,9092,908
6390,99088,9088,912
6400,99084,9084,916
6410,99090,9090,910
6420,99050,9050,950
6430,99054,9054,946
6440,99037,9037,963
6450,99040,9040,960
6460,99035,9035,965
6470,99061,9061,939
6480,99101,9101,899
6490,99104,9104,896
6500,99106,9106,894
6510,99098,9098,902
6520,99102,9102,898
6530,99084,9084,916
6540,99089,9089,911
6550,99082,9082,918
6560,99104,9104,896
6570,99084,9084,916
6580,99091,9091,909
6590,99098,9098,902
6600,99100,9100,900
6610,99105,9105,895
6620,99100,9100,900
6630,99106,9106,894
6640,99115,9115,885
6650,99119,9119,881
6660,99104,9104,896
6670,99108,9108,892
6680,99104,9104,896
6690,99098,9098,902
6700,99095,9095,905
6710,99109,9109,891
6720,99105,9105,895
6730,99108,9108,892
6740,99116,9116,884
6750,99121,9121,879
6760,99099,9099,901
6770,99081,9081,919
6780,99078,9078,922
6790,99089,9089,911
6800,99086,9086,914
6810,99087,9087,913
6820,99079,9079,921
6830,99093,9093,907
6840,99072,9072,928
6850,99087,9087,913
6860,99095,9095,905
6870,99090,9090,910
6880,99101,9101,899
6890,99095,9095,905
6900,99088,9088,912
6910,99100,9100,900
6920,99112,9112,888
6930,99110,9110,890
6940,99098,9098,902
6950,99091,9091,909
6960,99073,9073,927
6970,99071,9071,929
6980,99083,9083,917
6990,99109,9109,891
7000,99113,9113,887
7010,99114,9114,886
7020,99132,9132,868
7030,99114,9114,886
7040,99117,9117,883
7050,99112,9112,888
7060,99129,9129,871
7070,99122,9122,878
7080,99128,9128,872
7090,99116,9116,884
7100,99090,9090,910
7110,99132,9132,868
7120,99145,9145,855
7130,99143,9143,857
7140,99114,9114,886
7150,99113,9113,887
7160,99103,9103,897
7170,99106,9106,894
7180,99114,9114,886
7190,99116,9116,884
7200,99121,9121,879
7210,99114,9114,886
7220,99104,9104,896
7230,99089,9089,911
7240,99088,9088,912
7250,99073,9073,927
7260,99057,9057,943
7270,99080,9080,920
7280,99067,9067,933
7290,99074,9074,926
7300,99073,9073,927
7310,99083,9083,917
7320,99070,9070,930
7330,99059,9059,941
7340,99032,9032,968
7350,99024,9024,976
7360,99056,9056,944
7370,99051,9051,949
7380,99064,9064,936
7390,99051,9051,949
7400,99045,9045,955
7410,99054,9054,946
7420,99066,9066,934
7430,99069,9069,931
7440,99079,9079,921
7450,99096,9096,904
7460,99090,9090,910
7470,99089,9089,911
7480,99090,9090,910
7490,99089,9089,911
7500,99079,9079,921
7510,99084,9084,916
7520,99070,9070,930
7530,99080,9080,920
7540,99079,9079,921
7550,99071,9071,929
7560,99057,9057,943
7570,99055,9055,945
7580,99064,9064,936
7590,99056,9056,944
7600,99060,9060,940
7610,99069,9069,931
7620,99090,9090,910
7630,99084,9084,916
7640,99108,9108,892
7650,99120,9120,880
7660,99094,9094,906
7670,99082,9082,918
7680,99081,9081,919
7690,99067,9067,933
7700,99069,9069,931
7710,99092,9092,908
7720,99075,9075,925
7730,99100,9100,900
7740,99089,9089,911
7750,99108,9108,892
7760,99097,9097,903
7770,99089,9089,911
7780,99073,9073,927
7790,99092,9092,908
7800,99100,9100,900
7810,99090,9090,910
7820,99107,9107,893
7830,99110,9110,890
7840,99088,9088,912
7850,99072,9072,928
7860,99083,9083,917
7870,99083,9083,917
7880,99094,9094,906
7890,99100,9100,900
7900,99097,9097,903
7910,99086,9086,914
7920,99118,9118,882
7930,99108,9108,892
7940,99120,9120,880
7950,99105,9105,895
7960,99136,9136,864
7970,99115,9115,885
7980,99113,9113,887
7990,99106,9106,894
8000,99099,9099,901
8010,99092,9092,908
8020,99078,9078,922
8030,99079,9079,921
8040,99088,9088,912
8050,99086,9086,914
8060,99103,9103,897
8070,99099,9099,901
8080,99095,9095,905
8090,99103,9103,897
8100,99104,9104,896
8110,99106,9106,894
8120,99129,9129,871
8130,99118,9118,882
8140,99119,9119,881
8150,99109,9109,891
8160,99104,9104,896
8170,99138,9138,862
8180,99145,9145,855
8190,99166,9166,834
8200,99149,9149,851
8210,99139,9139,861
8220,99135,9135,865
8230,99111,9111,889
8240,99094,9094,906
8250,99118,9118,882
8260,99129,9129,871
8270,99115,9115,885
8280,99070,9070,930
8290,99085,9085,915
8300,99081,9081,919
8310,99083,9083,917
8320,99055,9055,945
8330,99087,9087,913
8340,99078,9078,922
8350,99081,9081,919
8360,99107,9107,893
8370,99089,9089,911
8380,99092,9092,908
8390,99099,9099,901
8400,99110,9110,890
8410,99095,9095,905
8420,99107,9107,893
8430,99092,9092,908
8440,99078,9078,922
8450,99064,9064,936
8460,99074,9074,926
8470,99071,9071,929
8480,99082,9082,918
8490,99067,9067,933
8500,99060,9060,940
8510,99046,9046,954
8520,99047,9047,953
8530,99065,9065,935
8540,99074,9074,926
8550,99083,9083,917
8560,99087,9087,913
8570,99118,9118,882
8580,99124,9124,876
8590,99133,9133,867
8600,99154,9154,846
8610,99137,9137,863
8620,99145,9145,855
8630,99143,9143,857
8640,99164,9164,836
8650,99162,9162,838
8660,99151,9151,849
8670,99115,9115,885
8680,99100,9100,900
8690,99099,9099,901
8700,99109,9109,891
8710,99129,9129,871
8720,99101,9101,899
8730,99082,9082,918
8740,99074,9074,926
8750,99076,9076,924
8760,99068,9068,932
8770,99071,9071,929
8780,99078,9078,922
8790,99050,9050,950
8800,99050,9050,950
8810,99047,9047,953
8820,99054,9054,946
8830,99067,9067,933
8840,99079,9079,921
8850,99098,9098,902
8860,99107,9107,893
8870,99099,9099,901
8880,99110,9110,890
8890,99127,9127,873
8900,99113,9113,887
8910,99105,9105,895
8920,99092,9092,908
8930,99104,9104,896
8940,99113,9113,887
8950,99123,9123,877
8960,99105,9105,895
8970,99117,9117,883
8980,99114,9114,886
8990,99102,9102,898
9000,99083,9083,917
9010,99098,9098,902
9020,99094,9094,906
9030,99103,9103,897
9040,99103,9103,897
9050,99112,9112,888
9060,99117,9117,883
9070,99122,9122,878
9080,99098,9098,902
9090,99102,9102,898
9100,99108,9108,892
9110,99102,9102,898
9120,99096,9096,904
9130,99104,9104,896
9140,99116,9116,884
9150,99099,9099,901
9160,99102,9102,898
9170,99105,9105,895
9180,99095,9095,905
9190,99090,9090,910
9200,99085,9085,915
9210,99101,9101,899
9220,99073,9073,927
9230,99073,9073,927
9240,99081,9081,919
9250,99090,9090,910
9260,99092,9092,908
9270,99115,9115,885
9280,99125,9125,875
9290,99107,9107,893
9300,99092,9092,908
9310,99069,9069,931
9320,99048,9048,952
9330,99046,9046,954
9340,99061,9061,939
9350,99050,9050,950
9360,99056,9056,944
9370,99050,9050,950
9380,99078,9078,922
9390,99105,9105,895
9400,99100,9100,900
9410,99104,9104,896
9420,99107,9107,893
9430,99114,9114,886
9440,99110,9110,890
9450,99080,9080,920
9460,99044,9044,956
9470,99041,9041,959
9480,99063,9063,937
9490,99065,9065,935
9500,99047,9047,953
9510,99042,9042,958
9520,99062,9062,938
9530,99069,9069,931
9540,99074,9074,926
9550,99104,9104,896
9560,99120,9120,880
9570,99125,9125,875
9580,99139,9139,861
9590,99118,9118,882
9600,99124,9124,876
9610,99124,9124,876
9620,99098,9098,902
9630,99097,9097,903
9640,99123,9123,877
9650,99113,9113,887
9660,99119,9119,881
9670,99119,9119,881
9680,99134,9134,866
9690,99125,9125,875
9700,99124,9124,876
9710,99132,9132,868
9720,99134,9134,866
9730,99125,9125,875
9740,99119,9119,881
9750,99119,9119,881
9760,99116,9116,884
9770,99131,9131,869
9780,99113,9113,887
9790,99098,9098,902
9800,99091,9091,909
9810,99088,9088,912
9820,99103,9103,897
9830,99126,9126,874
9840,99109,9109,891
9850,99114,9114,886
9860,99122,9122,878
9870,99120,9120,880
9880,99119,9119,881
9890,99129,9129,871
9900,99122,9122,878
9910,99119,9119,881
9920,99128,9128,872
9930,99126,9126,874
9940,99131,9131,869
9950,99124,9124,876
9960,99114,9114,886
9970,99103,9103,897
9980,99105,9105,895
9990,99096,9096,904
10000,99077,9077,923
